record_id,financial_velocity,nocturnal_ratio,centrality_degree,cdr_burst_zscore,benford_deviation,is_syndicate_anomaly
NCFB-000001,0.2555,0.11,0.1487,-0.621,0.0905,0
NCFB-000002,0.5178,0.1058,0.0128,-0.4337,0.0968,0
NCFB-000003,0.379,0.1364,0.9475,0.8996,0.0781,0
NCFB-000004,0.5027,0.0298,0.033,-1.3071,0.1468,0
NCFB-000005,0.2623,0.2674,0.0904,-0.5313,0.3301,0
NCFB-000006,2.31,2.3661,2.2739,3.1078,2.2366,0
NCFB-000007,0.1603,0.1103,0.1482,-0.295,0.0858,0
NCFB-000008,0.1502,0.0962,0.2194,-0.1899,0.0663,0
NCFB-000009,0.1765,0.4666,0.1983,-1.3681,0.072,0
NCFB-000010,0.1672,0.0249,0.0458,-0.2392,0.3054,0
NCFB-000011,0.1288,0.0568,0.0545,-0.1251,0.122,0
NCFB-000012,0.6044,0.086,0.0669,0.3012,0.0047,0
NCFB-000013,0.0273,0.1585,0.0176,0.6995,0.0853,0
NCFB-000014,0.0071,0.0961,0.1539,-0.6124,0.0591,0
NCFB-000015,1.088,0.2014,0.3454,-0.3897,0.1287,0
NCFB-000016,0.1298,0.0432,0.0111,0.0303,0.337,0
NCFB-000017,0.0259,0.1421,0.0411,-1.2948,0.0918,0
NCFB-000018,1.3547,0.1809,0.0994,-0.2258,0.0301,0
NCFB-000019,0.0952,0.3281,0.1985,0.478,0.0327,0
NCFB-000020,0.1438,0.092,0.0509,0.804,0.5734,0
NCFB-000021,0.1636,0.3815,0.0788,-0.0466,0.0915,0
NCFB-000022,0.0137,0.0202,0.2847,1.0336,0.2034,0
NCFB-000023,0.1658,0.1855,0.036,-0.7877,0.1094,0
NCFB-000024,0.3207,0.0486,0.1857,-0.0468,0.5427,0
NCFB-000025,0.0085,0.2268,0.0664,-0.9566,0.1317,0
NCFB-000026,0.3209,0.0595,0.1804,0.5073,0.2325,0
NCFB-000027,0.0766,0.0445,0.0664,0.6582,0.0126,0
NCFB-000028,0.0302,0.2869,0.0506,-1.5122,0.1388,0
NCFB-000029,0.8361,0.2081,0.0247,-0.1967,0.0332,0
NCFB-000030,0.4248,0.2633,0.0447,-1.5714,0.0172,0
NCFB-000031,0.1451,0.4509,0.3156,-0.6567,0.0851,0
NCFB-000032,0.1287,0.4924,0.0165,0.0873,0.1726,0
NCFB-000033,0.045,0.4182,0.0407,0.7782,0.0819,0
NCFB-000034,0.0876,0.3382,0.017,-0.6179,0.4746,0
NCFB-000035,0.4746,0.2053,0.1316,-0.0805,0.3052,0
NCFB-000036,0.0436,0.3449,0.2123,0.4625,0.0101,0
NCFB-000037,0.5163,0.0207,0.0128,-0.014,0.0166,0
NCFB-000038,0.2562,0.0516,0.1244,0.0747,0.1672,0
NCFB-000039,0.237,0.1764,0.0294,-0.4157,0.1988,0
NCFB-000040,1.0421,0.1154,0.1433,0.3044,0.1888,0
NCFB-000041,0.887,0.198,0.1925,0.0415,0.6684,0
NCFB-000042,0.0392,0.1008,0.0557,0.3436,0.041,0
NCFB-000043,0.5159,0.152,0.0627,0.9355,0.024,0
NCFB-000044,0.1417,0.1631,0.0889,0.0363,0.293,0
NCFB-000045,0.0895,0.1025,0.3378,-0.5553,0.1566,0
NCFB-000046,0.0595,0.1399,0.2535,0.8119,0.0266,0
NCFB-000047,0.1047,0.0689,0.2254,-0.3571,0.2897,0
NCFB-000048,0.441,0.2064,0.3378,-0.6249,0.1056,0
NCFB-000049,0.0822,0.166,0.1348,-0.9356,0.2403,0
NCFB-000050,0.0915,0.058,0.1865,1.9928,0.1864,0
NCFB-000051,0.9793,0.0137,0.1555,-0.6671,0.1187,0
NCFB-000052,0.3341,0.1021,0.0149,-0.201,0.107,0
NCFB-000053,0.1351,0.3743,0.0788,0.8704,0.0487,0
NCFB-000054,3.3706,0.9692,1.4322,5.9411,1.8473,1
NCFB-000055,0.3941,0.4127,0.0006,0.2371,0.467,0
NCFB-000056,0.2376,0.2411,0.255,-0.1833,0.1887,0
NCFB-000057,0.0286,0.1241,0.0112,1.2406,0.1654,0
NCFB-000058,1.488,0.4619,1.8573,0.8363,0.5491,1
NCFB-000059,0.5063,0.1083,0.0228,-0.594,0.26,0
NCFB-000060,0.1849,0.1789,0.5929,-0.1699,0.0855,0
NCFB-000061,0.0304,0.1894,0.0406,-0.8794,0.1713,0
NCFB-000062,0.2876,0.1252,0.1018,0.7885,0.0537,0
NCFB-000063,2.9938,0.9408,1.0155,5.0262,1.7932,1
NCFB-000064,3.4825,0.864,1.4285,5.2385,1.5712,1
NCFB-000065,3.5348,0.8934,1.6162,5.4045,1.3987,1
NCFB-000066,0.4727,0.3109,0.1196,-0.6941,0.02,0
NCFB-000067,3.4009,0.991,1.221,3.4256,1.6681,1
NCFB-000068,0.1019,0.0912,0.0208,1.0752,0.3787,0
NCFB-000069,0.1012,0.41,0.1854,-0.1292,0.0502,0
NCFB-000070,0.267,0.0636,0.104,-0.5406,0.0003,0
NCFB-000071,0.3819,0.2015,0.0581,0.8714,0.1686,0
NCFB-000072,0.047,0.2821,0.1984,-1.3169,0.0924,0
NCFB-000073,0.1138,0.0195,0.0618,-1.9003,0.006,0
NCFB-000074,0.0021,0.2625,0.2712,-0.4062,0.2483,0
NCFB-000075,0.6072,0.2687,0.1426,0.3418,0.0471,0
NCFB-000076,0.5575,0.3038,0.0455,-2.2797,0.0654,0
NCFB-000077,0.2243,0.1323,0.1169,-0.8888,0.1661,0
NCFB-000078,0.3333,0.0031,0.4643,-1.3561,0.0585,0
NCFB-000079,0.2964,0.0515,0.0556,-0.459,0.0091,0
NCFB-000080,0.006,0.0251,0.0492,-0.3955,0.0722,0
NCFB-000081,0.3855,0.1405,0.0776,-0.4903,0.0139,0
NCFB-000082,0.1121,0.0541,0.3288,0.2889,0.2499,0
NCFB-000083,0.5795,0.1815,0.007,0.2367,0.6503,0
NCFB-000084,1.2353,0.1145,0.0834,-0.6028,0.2105,0
NCFB-000085,0.1973,0.1399,0.027,-0.1029,0.1699,0
NCFB-000086,0.832,0.0666,0.1022,0.2025,0.0111,0
NCFB-000087,0.1799,0.1999,0.1787,-1.5831,0.0175,0
NCFB-000088,0.2418,0.1113,0.0362,0.6732,0.5323,0
NCFB-000089,0.1248,0.1816,0.0052,-1.0538,0.0203,0
NCFB-000090,0.8315,0.2892,0.0432,-0.6237,0.1746,0
NCFB-000091,1.0591,0.0641,0.1639,-0.3272,0.6282,0
NCFB-000092,0.0764,0.0942,0.0049,-0.8056,0.223,0
NCFB-000093,0.7388,0.0654,0.1466,0.1541,0.1977,0
NCFB-000094,0.1841,0.2319,0.0243,-0.3424,0.187,0
NCFB-000095,0.0233,0.0891,0.0984,0.3635,0.1717,0
NCFB-000096,0.0555,0.1026,0.1138,0.5673,0.2423,0
NCFB-000097,0.2549,0.3279,0.0376,0.2659,0.1131,0
NCFB-000098,3.5053,0.9675,1.6085,4.6351,1.7211,1
NCFB-000099,1.3065,0.0094,0.4056,0.1416,0.0576,0
NCFB-000100,0.1372,0.0333,0.0589,-0.0574,0.0213,0
NCFB-000101,0.2154,0.0494,0.0206,-0.0599,0.3584,0
NCFB-000102,0.2968,0.1678,0.0654,0.6207,0.1544,0
NCFB-000103,0.5305,0.1692,0.1014,-1.4111,0.0166,0
NCFB-000104,0.4292,0.1889,0.1758,0.5804,0.0757,0
NCFB-000105,0.144,0.0902,0.2122,0.5002,0.1169,0
NCFB-000106,0.126,0.0239,0.2887,-0.1966,0.2234,0
NCFB-000107,3.3727,0.9732,1.1704,4.6071,1.2068,1
NCFB-000108,0.1426,0.0774,0.1907,-1.1283,0.1525,0
NCFB-000109,0.2792,0.2452,0.166,-0.3373,0.1932,0
NCFB-000110,0.1104,0.102,0.0073,-0.1379,0.0742,0
NCFB-000111,0.1416,0.0284,0.227,0.3502,0.0724,0
NCFB-000112,0.6848,0.1575,0.0419,0.286,0.094,0
NCFB-000113,0.0151,0.06,0.0122,0.3855,0.1298,0
NCFB-000114,0.4738,0.1485,0.0312,0.1015,0.1963,0
NCFB-000115,0.0305,0.1723,0.045,-0.0822,0.1907,0
NCFB-000116,0.1891,0.082,0.0378,-0.2031,0.1794,0
NCFB-000117,0.9926,0.0567,0.3305,0.0009,0.0496,0
NCFB-000118,0.3461,0.2166,0.1582,0.0736,0.4779,0
NCFB-000119,0.7109,0.1074,0.009,1.5498,0.1949,0
NCFB-000120,0.1065,0.1678,0.0096,0.1565,0.095,0
NCFB-000121,0.3907,0.2897,0.125,0.3578,0.0151,0
NCFB-000122,0.2235,0.0971,0.1532,-0.0889,0.4511,0
NCFB-000123,0.1717,0.0315,0.0603,-0.512,0.145,0
NCFB-000124,0.0752,0.2585,0.0123,-0.719,0.0384,0
NCFB-000125,0.3212,0.2426,0.0175,-0.4959,0.1101,0
NCFB-000126,0.3067,0.271,0.2803,-1.0842,0.0026,0
NCFB-000127,3.2968,0.9187,1.4229,3.8091,1.9377,1
NCFB-000128,0.4519,0.0668,0.0502,0.391,0.156,0
NCFB-000129,0.1964,0.0461,0.084,-0.436,0.3092,0
NCFB-000130,0.9891,0.2117,0.223,0.199,0.0635,0
NCFB-000131,0.05,0.0345,0.0508,0.9868,0.2561,0
NCFB-000132,0.0468,0.1623,0.2297,-0.898,0.2346,0
NCFB-000133,0.167,0.369,0.1239,-0.7606,0.0747,0
NCFB-000134,0.1057,0.0501,0.0477,-0.5843,0.0908,0
NCFB-000135,0.3062,0.1642,0.3187,-0.2664,0.1274,0
NCFB-000136,0.5163,0.0246,0.0195,-0.1553,0.1592,0
NCFB-000137,0.1982,0.1666,0.0335,-0.1664,0.0692,0
NCFB-000138,0.7883,0.2564,0.0438,-0.0165,0.0764,0
NCFB-000139,0.1726,0.054,0.2094,0.5085,0.476,0
NCFB-000140,0.6352,0.1642,0.0768,0.4478,0.158,0
NCFB-000141,0.0131,0.1607,0.3156,-0.6941,0.0899,0
NCFB-000142,0.0064,0.2959,0.0065,1.2281,0.0748,0
NCFB-000143,0.8012,0.244,0.0332,0.0178,0.1759,0
NCFB-000144,0.5215,0.367,0.5123,0.8593,0.0411,0
NCFB-000145,0.5085,0.0905,0.1642,0.6729,0.0037,0
NCFB-000146,0.0659,0.1979,0.0031,0.643,0.1066,0
NCFB-000147,0.2909,0.1272,0.0062,-1.5225,0.0651,0
NCFB-000148,0.139,0.215,0.0147,-0.1876,0.0221,0
NCFB-000149,0.7062,0.362,0.1804,-0.0455,0.015,0
NCFB-000150,0.0966,0.3477,0.0385,-0.3836,0.4611,0
NCFB-000151,0.0373,0.4809,0.0617,0.3146,0.0921,0
NCFB-000152,0.429,0.1347,0.1039,0.4466,0.1334,0
NCFB-000153,0.0674,0.2086,0.0462,-0.2477,0.1943,0
NCFB-000154,0.2705,0.2181,0.1797,0.9708,0.0173,0
NCFB-000155,0.1431,0.0297,0.052,1.4876,0.1326,0
NCFB-000156,0.4443,0.3201,0.1971,0.4849,0.0674,0
NCFB-000157,0.1021,0.3643,0.2058,-0.2543,0.0301,0
NCFB-000158,0.1796,0.2202,0.0911,1.7682,0.1234,0
NCFB-000159,0.6354,0.2697,0.0325,-1.0765,0.1789,0
NCFB-000160,0.1857,0.0598,0.0662,-0.7132,0.0006,0
NCFB-000161,0.0982,0.0439,0.0321,-1.2472,0.0293,0
NCFB-000162,0.0581,0.0412,0.1318,-0.6853,0.0155,0
NCFB-000163,3.7803,0.7164,1.1595,4.4448,1.4427,1
NCFB-000164,0.0746,0.224,0.0545,-0.1462,0.1596,0
NCFB-000165,0.1817,0.1514,0.04,-1.6011,0.4072,0
NCFB-000166,1.1182,0.1025,0.0561,-0.2324,0.1041,0
NCFB-000167,0.0543,0.0274,0.1704,-1.244,0.6969,0
NCFB-000168,1.6817,0.1184,0.0035,1.4486,0.1221,0
NCFB-000169,0.1124,0.2237,0.0172,1.3402,0.1457,0
NCFB-000170,0.0502,0.1335,0.0261,0.3836,0.0734,0
NCFB-000171,0.8834,0.599,0.1683,-0.2225,0.0187,0
NCFB-000172,0.0969,0.0851,0.0122,1.0011,0.007,0
NCFB-000173,0.0034,0.1928,0.0338,-0.3878,0.0182,0
NCFB-000174,0.0239,0.0926,0.2584,1.1883,0.0156,0
NCFB-000175,0.2174,0.2306,0.0116,-0.683,0.1348,0
NCFB-000176,0.4089,0.157,0.1054,0.6791,0.1167,0
NCFB-000177,0.0257,0.0307,0.0197,-0.425,0.1797,0
NCFB-000178,0.0807,0.1545,0.0728,-0.1858,0.0261,0
NCFB-000179,0.5826,0.2612,0.0319,-0.7414,0.1095,0
NCFB-000180,0.0818,0.2531,0.0826,-0.5435,0.2056,0
NCFB-000181,0.1992,0.2714,0.0131,-1.3686,0.0217,0
NCFB-000182,0.5066,0.2553,0.077,0.8286,0.2596,0
NCFB-000183,0.3007,0.3508,0.1836,0.5291,0.2381,0
NCFB-000184,1.1451,0.1093,0.0182,-1.211,0.0176,0
NCFB-000185,0.1653,0.2211,0.0833,0.3582,0.2721,0
NCFB-000186,1.0201,0.3088,0.3377,0.5805,0.0191,0
NCFB-000187,0.0316,0.1059,0.0648,-0.6417,0.1693,0
NCFB-000188,0.2046,0.1485,0.0284,-0.2447,0.0117,0
NCFB-000189,0.1263,0.2841,0.0555,-1.4037,0.234,0
NCFB-000190,0.4899,0.2595,0.1835,0.4542,0.0263,0
NCFB-000191,0.5001,0.0519,0.2134,-0.1323,0.0841,0
NCFB-000192,0.0948,0.0822,0.1314,0.6107,0.2059,0
NCFB-000193,0.5363,0.0698,0.0647,-0.463,0.4432,0
NCFB-000194,0.4912,0.0508,0.0154,-0.5708,0.0543,0
NCFB-000195,0.3185,0.2816,0.0492,-0.4514,0.1561,0
NCFB-000196,0.1601,0.1879,0.0277,0.0111,0.1553,0
NCFB-000197,0.1216,0.0865,0.1862,0.2937,0.0478,0
NCFB-000198,0.1431,0.1106,0.3189,0.2441,0.0843,0
NCFB-000199,0.2511,0.2515,0.0666,-1.1941,0.3525,0
NCFB-000200,0.3983,0.1369,0.2052,-0.4836,0.0333,0
NCFB-000201,0.1385,0.1842,0.0933,0.1468,0.0918,0
NCFB-000202,0.5894,0.2701,0.0231,1.0373,0.0209,0
NCFB-000203,0.2118,0.1597,0.1092,0.3898,0.0878,0
NCFB-000204,0.6515,0.3062,0.1745,0.3602,0.1017,0
NCFB-000205,0.0472,0.0468,0.1489,1.5769,0.0066,0
NCFB-000206,0.0226,0.0101,0.0641,-0.5226,0.0227,0
NCFB-000207,0.9467,0.1859,0.2614,-0.3135,0.009,0
NCFB-000208,0.1806,0.1032,0.1366,-0.1044,0.0734,0
NCFB-000209,0.0587,0.2893,0.0373,0.6459,0.1977,0
NCFB-000210,1.1082,0.0943,0.0429,-1.107,0.2021,0
NCFB-000211,0.1764,0.113,0.1754,0.8304,0.2668,0
NCFB-000212,0.5696,0.2574,0.1267,1.2427,0.2731,0
NCFB-000213,0.1368,0.1957,0.1381,1.3354,0.2204,0
NCFB-000214,0.1896,0.4385,0.0645,0.2086,0.0986,0
NCFB-000215,1.1896,0.0767,0.0143,-0.844,0.503,0
NCFB-000216,0.9482,0.1049,0.1667,0.1084,0.0183,0
NCFB-000217,0.4886,0.1324,0.4434,0.6567,0.2133,0
NCFB-000218,0.2075,0.1743,0.2711,-0.2156,0.1618,0
NCFB-000219,0.0188,0.3792,0.0597,0.0674,0.1215,0
NCFB-000220,0.0633,0.2176,0.0054,0.6456,0.4041,0
NCFB-000221,0.0196,0.2093,0.1548,1.0898,0.0168,0
NCFB-000222,3.2475,0.8696,1.3803,5.7094,2.0837,1
NCFB-000223,0.0173,0.1126,0.3542,0.317,0.1225,0
NCFB-000224,1.63,0.1754,0.0148,-0.0424,0.1058,0
NCFB-000225,0.0465,0.1546,0.1387,0.6979,0.0362,0
NCFB-000226,0.7348,0.1705,0.3661,-0.0663,0.2718,0
NCFB-000227,0.1062,0.1729,0.0984,1.1148,0.3566,0
NCFB-000228,0.2127,0.1911,0.1764,-0.032,0.0533,0
NCFB-000229,0.1254,0.4368,0.3866,0.4707,0.4148,0
NCFB-000230,0.3853,0.1182,0.1752,0.9973,0.1935,0
NCFB-000231,0.108,0.0427,0.0509,-0.5713,0.0025,0
NCFB-000232,0.5707,0.1914,0.155,-0.1841,0.1071,0
NCFB-000233,0.9533,0.3212,0.0755,-0.1426,0.099,0
NCFB-000234,1.5875,0.0462,0.0505,-0.5357,0.0009,0
NCFB-000235,0.1635,0.1487,0.0447,-0.1667,0.1052,0
NCFB-000236,0.0408,0.1072,0.0694,0.9128,0.0162,0
NCFB-000237,0.3501,0.0314,0.0029,0.6005,0.1318,0
NCFB-000238,0.7337,0.0984,0.0255,-1.0733,0.1209,0
NCFB-000239,0.0449,0.0643,0.0057,0.7058,0.4456,0
NCFB-000240,0.3389,0.2649,0.022,-0.1061,0.002,0
NCFB-000241,0.7259,0.1882,0.1348,0.0132,0.0309,0
NCFB-000242,0.3115,0.0743,0.0993,0.624,0.0664,0
NCFB-000243,0.25,0.0747,0.0794,0.5064,0.1839,0
NCFB-000244,0.0738,0.2279,0.018,0.3864,0.2969,0
NCFB-000245,0.1113,0.016,0.099,-0.3912,0.3063,0
NCFB-000246,0.0639,0.0956,0.2166,0.5083,0.2479,0
NCFB-000247,0.0021,0.202,0.2926,0.1755,0.0193,0
NCFB-000248,0.2113,0.3589,0.0472,1.0602,0.0146,0
NCFB-000249,0.4447,0.0508,0.0552,1.4294,0.0276,0
NCFB-000250,0.0266,0.1177,0.0737,1.5149,0.2003,0
NCFB-000251,2.9396,0.9574,0.9167,2.9453,2.1254,1
NCFB-000252,0.3989,0.2408,0.183,-0.1632,0.3294,0
NCFB-000253,0.3056,0.0931,0.0915,0.249,0.0732,0
NCFB-000254,0.9949,0.238,0.0035,0.3477,0.0874,0
NCFB-000255,0.3169,0.2037,0.3618,0.2083,0.256,0
NCFB-000256,0.0763,0.0078,0.0227,-0.5238,0.198,0
NCFB-000257,0.1296,0.2357,0.0127,-0.2009,0.0444,0
NCFB-000258,0.5662,0.2904,0.1301,-0.9092,0.2358,0
NCFB-000259,0.1808,0.0402,0.0072,-0.9637,0.109,0
NCFB-000260,0.6715,0.19,0.0149,-1.5436,0.1293,0
NCFB-000261,0.4676,0.0626,0.1315,-0.0695,0.0247,0
NCFB-000262,0.0019,0.3518,0.1537,-0.0806,0.1075,0
NCFB-000263,0.1392,0.0944,0.0711,-0.316,0.0704,0
NCFB-000264,0.1235,0.1111,0.0687,-0.3823,0.2755,0
NCFB-000265,0.2786,0.0483,0.0555,0.7441,0.1332,0
NCFB-000266,2.3043,0.0761,0.2288,0.9676,0.0134,0
NCFB-000267,0.3032,0.2769,0.0801,0.6189,0.016,0
NCFB-000268,0.5009,0.3581,0.1403,0.1812,0.1465,0
NCFB-000269,1.5384,0.1506,0.1641,-0.4721,0.0834,0
NCFB-000270,0.6909,0.1761,0.301,-0.5535,0.2174,0
NCFB-000271,0.4386,0.0675,0.0849,-0.6454,0.0748,0
NCFB-000272,0.5047,0.2204,0.0316,-0.6883,0.0872,0
NCFB-000273,0.1894,0.1961,0.0587,0.5202,0.0135,0
NCFB-000274,1.2945,0.1743,0.0116,0.7343,0.2918,0
NCFB-000275,0.0589,0.0183,0.1926,0.9374,0.2272,0
NCFB-000276,0.136,0.1671,0.0883,0.3336,0.0124,0
NCFB-000277,0.5766,0.0954,0.0338,0.4947,0.0878,0
NCFB-000278,0.1563,0.1238,0.0406,1.1229,0.1602,0
NCFB-000279,0.0915,0.0987,0.0294,-0.2978,0.3662,0
NCFB-000280,0.0024,0.2391,0.0231,-1.2015,0.2622,0
NCFB-000281,0.5343,0.2985,0.1089,-0.4579,0.0111,0
NCFB-000282,0.3706,0.1682,0.1525,-0.0091,0.2678,0
NCFB-000283,0.067,0.0969,0.1381,0.0457,0.1743,0
NCFB-000284,0.0718,0.0876,0.1217,0.8744,0.0722,0
NCFB-000285,0.5856,0.132,0.1091,0.441,0.087,0
NCFB-000286,0.031,0.0443,0.0951,-0.7507,0.0463,0
NCFB-000287,0.4141,0.2079,0.0786,1.0911,0.0055,0
NCFB-000288,0.6801,0.1257,0.0142,-0.8187,0.0991,0
NCFB-000289,0.5192,0.0073,0.1247,1.0154,0.3729,0
NCFB-000290,0.1296,0.1681,0.0602,-1.3069,0.2241,0
NCFB-000291,0.1851,0.1107,0.1202,0.9319,0.2555,0
NCFB-000292,0.1245,0.1569,0.2565,-0.3014,0.0545,0
NCFB-000293,0.3948,0.3639,0.0283,0.3477,0.1696,0
NCFB-000294,0.121,0.1164,0.0299,0.2242,0.0331,0
NCFB-000295,0.2563,0.0912,0.0233,-0.5398,0.2565,0
NCFB-000296,0.082,0.1199,0.205,-0.4422,0.1476,0
NCFB-000297,0.0244,0.2583,0.0674,0.5288,0.0778,0
NCFB-000298,0.0841,0.2558,0.2659,0.1877,0.1724,0
NCFB-000299,0.6884,0.226,0.2113,0.2247,0.1121,0
NCFB-000300,0.3629,0.3119,0.1618,-1.1123,0.0183,0
NCFB-000301,0.4803,0.1865,0.2653,-0.2078,0.1973,0
NCFB-000302,0.2879,0.118,0.0644,0.4398,0.1625,0
NCFB-000303,0.0593,0.1419,0.2391,0.2969,0.0174,0
NCFB-000304,0.1902,0.0372,0.0196,0.2088,0.1706,0
NCFB-000305,0.0733,0.1274,0.386,1.5839,0.2021,0
NCFB-000306,0.2144,0.1087,0.0427,0.1014,0.0593,0
NCFB-000307,0.0893,0.144,0.0691,0.3034,0.0297,0
NCFB-000308,1.1298,0.247,0.4346,-1.3798,0.0689,0
NCFB-000309,0.3505,0.1891,0.0039,-0.5487,0.423,0
NCFB-000310,0.0418,0.0815,0.0788,1.6554,0.2159,0
NCFB-000311,0.1135,0.1874,0.319,-0.0543,0.1064,0
NCFB-000312,0.3458,0.0623,0.2649,0.3827,0.0848,0
NCFB-000313,0.0043,0.3755,0.097,0.626,0.1493,0
NCFB-000314,0.6943,0.342,0.0403,0.4555,0.0722,0
NCFB-000315,0.9535,0.0203,0.0018,0.9783,0.0721,0
NCFB-000316,0.1429,0.0709,0.182,-0.1443,0.0505,0
NCFB-000317,0.3885,0.1536,0.1362,0.5039,0.2017,0
NCFB-000318,0.185,0.0727,0.0734,0.5128,0.0151,0
NCFB-000319,3.2124,0.8244,1.5156,3.8254,1.9575,1
NCFB-000320,0.2977,0.0815,0.0474,0.0409,0.5154,0
NCFB-000321,0.5691,0.1363,0.015,-0.5993,0.5169,0
NCFB-000322,1.7819,0.0766,0.0533,-1.3389,0.1595,0
NCFB-000323,0.7565,0.2623,0.0189,0.2974,0.1545,0
NCFB-000324,1.2032,0.1084,0.3805,0.503,0.1367,0
NCFB-000325,0.1307,0.2099,0.0134,-0.7047,0.1569,0
NCFB-000326,0.6122,0.0226,0.0633,-0.2593,0.0255,0
NCFB-000327,0.1254,0.1702,0.1023,1.2763,0.2914,0
NCFB-000328,3.0532,0.5703,0.5273,5.2839,2.0426,1
NCFB-000329,0.5603,0.168,0.0867,0.5541,0.2006,0
NCFB-000330,3.13,0.7996,1.1263,4.0744,2.3347,1
NCFB-000331,0.4035,0.2944,0.0344,0.946,0.0491,0
NCFB-000332,0.0217,0.0411,0.0226,1.8522,0.0671,0
NCFB-000333,0.4865,0.0199,0.1655,0.2983,0.1074,0
NCFB-000334,0.1656,0.2178,0.0009,0.2664,0.3387,0
NCFB-000335,0.5084,0.0776,0.0861,-0.6825,0.0669,0
NCFB-000336,0.0075,0.1432,0.1975,-1.2353,0.0282,0
NCFB-000337,0.412,0.1459,0.1475,0.4419,0.0103,0
NCFB-000338,0.244,0.1177,0.1062,1.1472,0.1176,0
NCFB-000339,0.3765,0.1807,0.018,-1.2243,0.0438,0
NCFB-000340,0.0814,0.0616,0.0356,1.6922,0.0056,0
NCFB-000341,0.1779,0.0398,0.2226,-0.1765,0.0243,0
NCFB-000342,0.2654,0.0678,0.0771,0.4244,0.3684,0
NCFB-000343,0.2937,0.2317,0.1759,0.8462,0.4344,0
NCFB-000344,1.156,0.0626,0.0127,-0.475,0.2698,0
NCFB-000345,0.0207,0.1183,0.065,-0.3806,0.0529,0
NCFB-000346,0.2341,0.0924,0.0267,0.4965,0.0832,0
NCFB-000347,0.4156,0.1436,0.238,-0.7642,0.1432,0
NCFB-000348,0.3189,0.0963,0.0533,0.4687,0.1172,0
NCFB-000349,0.0308,0.1524,0.077,-0.6297,0.015,0
NCFB-000350,0.2875,0.1952,0.2054,-0.4628,0.0157,0
NCFB-000351,0.1727,0.3752,0.1065,-0.6194,0.1923,0
NCFB-000352,0.5963,0.1511,0.1257,1.0853,0.3174,0
NCFB-000353,0.6821,0.2978,0.3407,-0.8735,0.2329,0
NCFB-000354,0.0342,0.057,0.0027,-0.6045,0.2738,0
NCFB-000355,0.3598,0.448,0.0099,-0.5232,0.2441,0
NCFB-000356,1.4662,0.2406,0.137,0.9488,0.0264,0
NCFB-000357,0.2075,0.0429,0.0567,0.5692,0.0971,0
NCFB-000358,0.4242,0.1164,0.0604,-0.0427,0.1287,0
NCFB-000359,0.176,0.328,0.2056,0.434,0.1502,0
NCFB-000360,0.0872,0.1532,0.0297,0.337,0.1271,0
NCFB-000361,0.3366,0.0587,0.0515,0.7272,0.0428,0
NCFB-000362,0.0592,0.2287,0.07,-0.2998,0.077,0
NCFB-000363,0.5571,0.2177,0.1228,-0.8362,0.047,0
NCFB-000364,0.1658,0.0751,0.1685,0.2016,0.0625,0
NCFB-000365,0.0641,0.3634,0.0488,0.3033,0.2253,0
NCFB-000366,0.0122,0.3116,0.0688,0.6436,0.121,0
NCFB-000367,3.3805,0.9754,0.9144,5.0014,1.8473,1
NCFB-000368,0.0605,0.1905,0.4771,0.2999,0.1048,0
NCFB-000369,0.7159,0.1127,0.0498,-0.3848,0.0959,0
NCFB-000370,0.3721,0.1173,0.0064,-0.2251,0.1185,0
NCFB-000371,1.1061,0.0697,0.0257,-0.7077,0.0082,0
NCFB-000372,0.1103,0.3272,0.1501,0.9033,0.0025,0
NCFB-000373,1.1818,0.0904,0.0002,1.4781,0.0102,0
NCFB-000374,0.0586,0.1434,0.0502,-0.244,0.0204,0
NCFB-000375,1.0936,0.1577,0.0411,0.8209,0.0604,0
NCFB-000376,0.4255,0.5003,0.0216,0.074,0.1701,0
NCFB-000377,0.2478,0.1601,0.1086,-0.6243,0.1725,0
NCFB-000378,0.0059,0.097,0.0119,0.9393,0.2492,0
NCFB-000379,0.3029,0.1067,0.0664,-0.0329,0.1146,0
NCFB-000380,0.8609,0.1696,0.0514,0.7924,0.1539,0
NCFB-000381,0.0759,0.2629,0.1382,0.4113,0.0442,0
NCFB-000382,0.0038,0.0043,0.0556,-0.1263,0.2005,0
NCFB-000383,0.0199,0.2009,0.0234,-0.7883,0.3787,0
NCFB-000384,0.2571,0.1239,0.4126,0.5,0.1548,0
NCFB-000385,3.0505,0.7267,0.9325,3.9835,1.9683,1
NCFB-000386,0.0508,0.1501,0.037,-0.0995,0.0276,0
NCFB-000387,0.1396,0.0671,0.1046,-0.36,0.0822,0
NCFB-000388,0.1332,0.1705,0.068,0.4442,0.0642,0
NCFB-000389,0.3085,0.1542,0.0728,0.2108,0.0512,0
NCFB-000390,0.2353,0.1547,0.0951,-0.9921,0.0644,0
NCFB-000391,0.3126,0.2499,0.2199,0.2029,0.1241,0
NCFB-000392,0.3257,0.116,0.1847,-0.1223,0.368,0
NCFB-000393,0.2969,0.0796,0.1624,-1.0472,0.0361,0
NCFB-000394,0.1917,0.1511,0.0202,0.4113,0.594,0
NCFB-000395,0.514,0.1522,0.1424,0.3029,0.4316,0
NCFB-000396,0.5605,0.0267,0.8385,0.8433,0.0544,0
NCFB-000397,0.0725,0.1722,0.0433,-1.1775,0.0703,0
NCFB-000398,0.6552,0.1054,0.0581,-0.9886,0.0317,0
NCFB-000399,0.0702,0.2353,0.2868,0.8826,0.0438,0
NCFB-000400,0.6346,0.0797,0.2042,-0.1657,0.1179,0
NCFB-000401,0.0825,0.032,0.0181,0.3045,0.0404,0
NCFB-000402,0.0424,0.1519,0.0418,-0.636,0.0858,0
NCFB-000403,0.4546,0.0149,0.0022,0.2557,0.0564,0
NCFB-000404,0.0442,0.0742,0.0327,0.2971,0.0311,0
NCFB-000405,0.6956,0.1115,0.006,-0.7726,0.1451,0
NCFB-000406,0.1064,0.1113,0.255,-0.343,0.19,0
NCFB-000407,0.0924,0.1465,0.0331,-0.514,0.2855,0
NCFB-000408,0.1334,0.0394,0.0164,0.1054,0.1017,0
NCFB-000409,0.4661,0.0387,0.2864,-0.9476,0.0222,0
NCFB-000410,0.6627,0.0311,0.1759,1.3839,0.0443,0
NCFB-000411,1.1637,0.0961,0.11,0.5199,0.2089,0
NCFB-000412,0.0806,0.5292,0.238,-1.4387,0.1144,0
NCFB-000413,0.6468,0.2304,0.1194,-0.3263,0.1179,0
NCFB-000414,0.196,0.2885,0.0148,0.2856,0.0793,0
NCFB-000415,0.0494,0.0838,0.046,0.1959,0.6329,0
NCFB-000416,0.0773,0.0783,0.3335,0.6794,0.0436,0
NCFB-000417,0.0396,0.5021,0.1684,1.149,0.1743,0
NCFB-000418,0.1263,0.1165,0.0507,0.0383,0.2141,0
NCFB-000419,1.3828,0.0625,0.017,1.7944,0.0065,0
NCFB-000420,0.4061,0.1837,0.0492,-0.4902,0.109,0
NCFB-000421,0.3423,0.1795,0.1175,0.2665,0.1074,0
NCFB-000422,2.9265,0.8465,1.266,5.3469,1.6024,1
NCFB-000423,2.7321,0.8793,1.2503,4.1465,2.0325,1
NCFB-000424,0.2397,0.2273,0.1912,0.547,0.2683,0
NCFB-000425,0.1078,0.3395,0.1191,0.2519,0.1638,0
NCFB-000426,0.5021,0.0959,0.0654,1.2194,0.0077,0
NCFB-000427,0.1583,0.0624,0.1333,-0.1819,0.0988,0
NCFB-000428,0.0294,0.0994,0.0961,-0.0799,0.1236,0
NCFB-000429,0.6776,0.2353,0.3723,1.4309,0.0919,0
NCFB-000430,2.9914,0.8795,1.0298,4.6285,1.4938,1
NCFB-000431,0.6396,0.1744,0.1704,0.7899,0.0136,0
NCFB-000432,0.5321,0.1922,0.0944,0.7814,0.2023,0
NCFB-000433,0.1023,0.4844,0.0666,0.9969,0.0059,0
NCFB-000434,0.4382,0.0665,0.1885,1.1805,0.0478,0
NCFB-000435,0.1849,0.1752,0.0827,0.0736,0.0303,0
NCFB-000436,0.5356,0.1504,0.0464,-0.0225,0.0774,0
NCFB-000437,0.1017,0.019,0.1815,-0.2947,0.4089,0
NCFB-000438,0.0481,0.1173,0.0222,0.3455,0.0157,0
NCFB-000439,0.1006,0.2912,0.3163,-0.7028,0.0232,0
NCFB-000440,0.0635,0.0781,0.0279,0.683,0.246,0
NCFB-000441,0.0238,0.2787,0.0785,0.3053,0.0203,0
NCFB-000442,0.67,0.0152,0.0732,-0.6887,0.0953,0
NCFB-000443,0.0275,0.2736,0.2261,-0.645,0.1469,0
NCFB-000444,0.5031,0.1707,0.0606,0.3079,0.0715,0
NCFB-000445,0.6135,0.0941,0.1918,0.994,0.1055,0
NCFB-000446,0.5408,0.0444,0.1213,-0.2269,0.2676,0
NCFB-000447,0.0684,0.3811,0.1446,0.1929,0.0069,0
NCFB-000448,0.6558,0.026,0.0244,1.2355,0.0607,0
NCFB-000449,0.0846,0.0974,0.2775,-0.1711,0.0844,0
NCFB-000450,0.0965,0.0842,0.1231,0.1057,0.1525,0
NCFB-000451,0.9515,0.207,0.302,-0.0347,0.1652,0
NCFB-000452,0.8121,0.1469,0.2918,-0.5825,0.1884,0
NCFB-000453,0.1509,0.1662,0.24,0.3706,0.0288,0
NCFB-000454,0.3054,0.0636,0.3781,1.9149,0.0876,0
NCFB-000455,0.0525,0.4557,0.0121,-1.7975,0.027,0
NCFB-000456,0.613,0.2447,0.0827,2.1889,0.2133,0
NCFB-000457,0.3043,0.156,0.1098,-1.1233,0.055,0
NCFB-000458,0.027,0.0441,0.0798,-0.8239,0.2289,0
NCFB-000459,0.2088,0.3056,0.0789,0.2141,0.2569,0
NCFB-000460,0.8389,0.2572,0.1653,-0.6174,0.1192,0
NCFB-000461,0.2544,0.4858,0.0265,0.8709,0.0801,0
NCFB-000462,0.3387,0.2331,0.1164,0.0611,0.0354,0
NCFB-000463,0.9341,0.3091,0.1703,0.2472,0.2434,0
NCFB-000464,0.3599,0.266,0.052,-0.0339,0.0772,0
NCFB-000465,0.147,0.2695,0.3307,-1.2351,0.0402,0
NCFB-000466,0.4311,0.1624,0.0481,0.6687,0.0116,0
NCFB-000467,0.6297,0.1765,0.1,-0.167,0.0207,0
NCFB-000468,0.4357,0.1015,0.2468,0.3035,0.1602,0
NCFB-000469,0.1398,0.2086,0.1165,0.0331,0.051,0
NCFB-000470,0.0376,0.0299,0.1391,-0.7065,0.1543,0
NCFB-000471,0.1524,0.3019,0.183,-0.4074,0.0001,0
NCFB-000472,0.4945,0.0319,0.0166,0.6898,0.1202,0
NCFB-000473,3.6504,0.7815,1.3247,4.4747,1.6485,1
NCFB-000474,0.0238,0.0552,0.2681,-0.7808,0.2049,0
NCFB-000475,0.0025,0.1497,0.2172,-0.6617,0.0608,0
NCFB-000476,0.0271,0.1515,0.1131,0.3453,0.0133,0
NCFB-000477,0.1608,0.2087,0.0319,0.2835,0.1831,0
NCFB-000478,0.0379,0.1288,0.0131,0.1754,0.0104,0
NCFB-000479,0.3026,0.1777,0.1323,0.2664,0.1215,0
NCFB-000480,0.2557,0.2218,0.0049,1.4275,0.0266,0
NCFB-000481,0.1461,0.0827,0.049,-0.1072,0.1885,0
NCFB-000482,0.2006,0.1222,0.0347,-0.8334,0.187,0
NCFB-000483,0.5943,0.0308,0.1098,0.1292,0.2046,0
NCFB-000484,0.019,0.1311,0.2291,-0.1233,0.2266,0
NCFB-000485,0.5203,0.1639,0.0362,0.3837,0.1306,0
NCFB-000486,0.1843,0.1071,0.2903,0.6655,0.1394,0
NCFB-000487,0.7792,0.3057,0.0754,0.3205,0.186,0
NCFB-000488,0.5234,0.147,0.214,-0.5765,0.0991,0
NCFB-000489,0.2766,0.1073,0.3232,0.6452,0.0725,0
NCFB-000490,0.0317,0.1296,0.063,0.985,0.0477,0
NCFB-000491,0.0782,0.036,0.1203,-0.1939,0.0123,0
NCFB-000492,0.4004,0.1131,0.1054,-0.5837,0.0684,0
NCFB-000493,1.7449,0.1457,0.2126,-0.254,0.0288,0
NCFB-000494,0.1862,0.1984,0.1214,0.9417,0.3876,0
NCFB-000495,0.708,0.0937,0.1361,0.007,0.191,0
NCFB-000496,0.0035,0.2483,0.1258,-0.3592,0.2661,0
NCFB-000497,0.8464,0.0448,0.2644,0.0831,0.1323,0
NCFB-000498,0.4695,0.1493,0.2726,-0.4425,0.2429,0
NCFB-000499,1.3869,0.4557,0.0349,-0.1535,0.2969,0
NCFB-000500,3.6499,0.9254,1.1604,4.3859,1.5392,1
NCFB-000501,0.0723,0.122,0.0597,-1.0046,0.2085,0
NCFB-000502,0.3855,0.0381,0.2052,0.8274,0.0484,0
NCFB-000503,0.0366,0.0495,0.1317,-0.6824,0.5441,0
NCFB-000504,0.107,0.1895,0.2433,0.6432,0.1536,0
NCFB-000505,0.345,0.2106,0.1225,-0.0722,0.0298,0
NCFB-000506,2.6384,0.912,0.9671,3.9079,2.0445,1
NCFB-000507,2.8853,0.8939,0.6815,4.5511,1.9868,1
NCFB-000508,0.0465,0.0629,0.0369,-1.8597,0.0105,0
NCFB-000509,0.2054,0.1367,0.0312,0.1361,0.1195,0
NCFB-000510,0.0682,0.1496,0.0428,0.5005,0.2618,0
NCFB-000511,0.6733,0.2343,0.0167,0.7803,0.1387,0
NCFB-000512,0.0944,0.0689,0.0376,0.3326,0.0142,0
NCFB-000513,0.1302,0.1732,0.1207,0.1412,0.0591,0
NCFB-000514,0.0468,0.0296,0.0177,-0.6873,0.1304,0
NCFB-000515,0.7221,0.0247,0.0452,-0.0192,0.0443,0
NCFB-000516,0.311,0.3248,0.0735,-0.8606,0.0658,0
NCFB-000517,0.0945,0.2963,0.2959,0.6816,0.0019,0
NCFB-000518,0.7907,0.1063,0.2096,-0.707,0.4821,0
NCFB-000519,1.1076,0.1149,0.1708,-0.1938,0.0609,0
NCFB-000520,0.289,0.2239,0.0352,0.5299,0.0174,0
NCFB-000521,0.7739,0.1552,0.0376,-1.0472,0.1259,0
NCFB-000522,0.003,0.146,0.1408,-0.0551,0.0732,0
NCFB-000523,0.1573,0.0167,0.0405,0.278,0.0968,0
NCFB-000524,3.6399,0.5657,0.9804,4.1565,2.0438,1
NCFB-000525,1.2264,0.1521,0.1295,-0.3507,0.1309,0
NCFB-000526,0.0453,0.0116,0.3606,0.068,0.2513,0
NCFB-000527,1.05,0.1028,0.1479,0.166,0.2575,0
NCFB-000528,0.1923,0.1603,0.0039,0.9097,0.0177,0
NCFB-000529,0.4104,0.1223,0.056,-1.1654,0.2476,0
NCFB-000530,0.1464,0.1472,0.0827,0.0915,0.3935,0
NCFB-000531,0.1982,0.0729,0.0817,-0.9083,0.0862,0
NCFB-000532,0.5266,0.0447,0.0218,0.175,0.0239,0
NCFB-000533,0.2896,0.0452,0.1026,0.2533,0.4995,0
NCFB-000534,0.4262,0.281,0.0158,-0.1158,0.3253,0
NCFB-000535,1.0552,0.0897,0.0322,-0.226,0.3705,0
NCFB-000536,0.1072,0.0313,0.611,-0.7127,0.6781,0
NCFB-000537,0.1434,0.1204,0.0885,0.2163,0.2096,0
NCFB-000538,0.7,0.1587,0.0105,-0.7473,0.1565,0
NCFB-000539,0.3326,0.0258,0.094,1.0109,0.0506,0
NCFB-000540,0.2816,0.2579,0.024,-0.0799,0.1083,0
NCFB-000541,0.1036,0.2393,0.0225,0.0406,0.0212,0
NCFB-000542,0.2502,0.2059,0.0628,-0.0976,0.2065,0
NCFB-000543,0.1006,0.1422,0.1147,-0.5904,0.1575,0
NCFB-000544,0.6454,0.2631,0.0236,-0.1804,0.0108,0
NCFB-000545,0.5723,0.1661,0.0827,-0.2416,0.354,0
NCFB-000546,0.4558,0.0618,0.1218,0.2445,0.0298,0
NCFB-000547,0.1979,0.2357,0.482,-0.2008,0.1484,0
NCFB-000548,0.1049,0.0486,0.0333,-0.2834,0.1506,0
NCFB-000549,0.8522,1.9014,0.7218,1.6495,-0.0997,1
NCFB-000550,0.5591,0.1716,0.1984,2.5722,0.2303,0
NCFB-000551,0.0393,0.2401,0.2326,0.0688,0.0906,0
NCFB-000552,0.1774,0.1713,0.1686,-0.6443,0.1447,0
NCFB-000553,0.1377,0.0925,0.328,-0.186,0.011,0
NCFB-000554,0.3758,0.0202,0.1754,1.124,0.137,0
NCFB-000555,0.0521,0.0887,0.0111,0.6247,0.0138,0
NCFB-000556,0.3961,0.1623,0.1488,0.3773,0.0023,0
NCFB-000557,0.2532,0.0127,0.0294,0.5299,0.1138,0
NCFB-000558,0.1331,0.2235,0.0291,1.1,0.0803,0
NCFB-000559,0.004,0.0804,0.0149,-1.2914,0.0792,0
NCFB-000560,0.3458,0.1072,0.1781,-0.1889,0.2254,0
NCFB-000561,0.6829,0.131,0.2546,0.3253,0.2664,0
NCFB-000562,0.5857,0.0604,0.0443,0.5611,0.3696,0
NCFB-000563,0.0924,0.0401,0.0722,0.1097,0.2824,0
NCFB-000564,0.0522,0.1553,0.0074,0.6202,0.2424,0
NCFB-000565,0.2317,0.2364,0.0664,-0.4951,0.0318,0
NCFB-000566,0.4793,0.0485,0.0661,-0.4648,0.0005,0
NCFB-000567,1.1878,0.0802,0.1424,0.8327,0.3411,0
NCFB-000568,0.4373,0.1117,0.1752,0.1404,0.0003,0
NCFB-000569,0.4154,0.2082,0.1567,-0.1271,0.042,0
NCFB-000570,2.9521,0.9683,0.8676,4.6847,1.5548,1
NCFB-000571,1.1424,0.0322,0.2945,0.8731,0.5983,0
NCFB-000572,0.1077,0.162,0.0343,0.6896,0.0922,0
NCFB-000573,0.0848,0.0935,0.1825,0.2632,0.1091,0
NCFB-000574,0.5658,0.1329,0.1984,0.435,0.018,0
NCFB-000575,0.2037,0.1317,0.1967,0.7696,0.0145,0
NCFB-000576,0.0629,0.1028,0.0911,0.3783,0.0014,0
NCFB-000577,0.641,0.0318,0.0819,-0.0867,0.0707,0
NCFB-000578,0.3266,0.1334,0.1429,-0.914,0.2207,0
NCFB-000579,0.2432,0.0943,0.0601,-1.1377,0.0564,0
NCFB-000580,0.1652,0.3814,0.0702,0.9498,0.118,0
NCFB-000581,0.2561,0.177,0.1199,0.1621,0.1436,0
NCFB-000582,3.3398,0.9001,1.2301,4.3991,1.6806,1
NCFB-000583,0.0453,0.4673,0.103,0.4296,0.062,0
NCFB-000584,0.9442,0.2795,0.0133,0.8001,0.1689,0
NCFB-000585,1.0074,0.1287,0.3203,-0.8496,0.3968,0
NCFB-000586,0.2971,0.0903,0.0768,-0.8685,0.2196,0
NCFB-000587,0.019,0.2273,0.1059,0.4046,0.4476,0
NCFB-000588,0.135,0.298,0.1438,0.696,0.0196,0
NCFB-000589,0.1205,0.3951,0.1005,1.0802,0.0855,0
NCFB-000590,0.3414,0.1395,0.0392,1.2569,0.1974,0
NCFB-000591,0.3164,0.1771,0.0088,0.8845,0.0129,0
NCFB-000592,3.2051,0.8267,1.4138,4.9501,2.0523,1
NCFB-000593,0.0558,0.2094,0.0292,-0.3329,0.4856,0
NCFB-000594,0.4552,0.134,0.0889,0.6298,0.1013,0
NCFB-000595,0.1493,0.0176,0.0773,-0.2856,0.0404,0
NCFB-000596,0.6242,0.3207,0.1376,-0.4115,0.3939,0
NCFB-000597,0.2155,0.1484,0.0249,0.4495,0.1444,0
NCFB-000598,0.1321,0.3027,0.0651,-0.3199,0.0397,0
NCFB-000599,0.1883,0.099,0.2658,0.5377,0.26,0
NCFB-000600,0.0828,0.1348,0.023,0.4728,0.1676,0
NCFB-000601,0.3691,0.0441,0.2685,0.7527,0.333,0
NCFB-000602,0.3216,0.0636,0.0444,0.582,0.0226,0
NCFB-000603,0.0099,0.124,0.0225,0.1979,0.0401,0
NCFB-000604,0.6462,0.1524,0.0402,-1.0655,0.3683,0
NCFB-000605,1.3415,0.0921,0.1667,0.0351,0.016,0
NCFB-000606,3.0144,0.8783,1.1294,3.3782,2.1613,1
NCFB-000607,0.0028,0.2165,0.0712,0.4371,0.2041,0
NCFB-000608,0.2042,0.0631,0.0433,0.2261,0.0734,0
NCFB-000609,0.2336,0.0174,0.1831,-0.4814,0.3529,0
NCFB-000610,0.0627,0.1662,0.0549,-0.0477,0.1856,0
NCFB-000611,0.1276,0.101,0.0108,-0.1348,0.1833,0
NCFB-000612,2.4813,0.9728,1.0855,3.9496,1.9394,1
NCFB-000613,0.2368,0.1025,0.0269,0.6493,0.0091,0
NCFB-000614,0.2183,0.0097,0.1605,-0.1412,0.042,0
NCFB-000615,0.3567,0.1865,0.0871,0.4857,0.3591,0
NCFB-000616,0.1661,0.0602,0.0187,0.1418,0.0962,0
NCFB-000617,0.0003,0.0662,0.125,0.7005,0.2621,0
NCFB-000618,0.2392,0.1576,0.0186,0.7742,0.5473,0
NCFB-000619,0.2207,0.0779,0.0862,-1.3417,0.0909,0
NCFB-000620,0.049,0.0206,0.1257,-0.9611,0.0027,0
NCFB-000621,0.0547,0.0653,0.0121,-0.8475,0.4142,0
NCFB-000622,0.558,0.0314,0.2516,-0.5134,0.093,0
NCFB-000623,0.5849,0.0674,0.0941,1.1948,0.0815,0
NCFB-000624,0.0426,0.1463,0.123,0.1512,0.1487,0
NCFB-000625,0.0844,0.0304,0.0358,1.019,0.0341,0
NCFB-000626,0.0932,0.1982,0.0348,-0.7792,0.0298,0
NCFB-000627,0.3151,0.3122,0.1817,-0.2825,0.1592,0
NCFB-000628,0.3235,0.1292,0.1375,0.2592,0.0534,0
NCFB-000629,0.595,0.1326,0.1454,-0.3539,0.0279,0
NCFB-000630,0.0601,0.0783,0.1153,0.834,0.0241,0
NCFB-000631,0.4634,0.2189,0.1514,-0.2816,0.2405,0
NCFB-000632,0.1498,0.4963,0.2592,-0.5304,0.5983,0
NCFB-000633,2.7566,0.9806,1.4265,4.6657,1.8162,1
NCFB-000634,0.0013,0.3593,0.0606,-0.1602,0.1385,0
NCFB-000635,0.6125,0.1846,0.0681,1.1956,0.0249,0
NCFB-000636,0.1159,0.0277,0.0328,-0.4354,0.0453,0
NCFB-000637,0.1459,0.1735,0.0424,-0.7927,0.1842,0
NCFB-000638,0.1991,0.102,0.12,0.4741,0.1517,0
NCFB-000639,0.0949,0.2426,0.2201,0.6314,0.0566,0
NCFB-000640,0.5631,0.1372,0.0177,-0.3206,0.3096,0
NCFB-000641,0.2767,0.1354,0.2892,-0.3332,0.3445,0
NCFB-000642,0.1212,0.2675,0.1786,0.4885,0.0582,0
NCFB-000643,0.0634,0.0522,0.0178,1.367,0.4168,0
NCFB-000644,2.5083,0.9174,1.1092,4.7153,1.6924,1
NCFB-000645,3.1016,0.9051,1.3895,3.7222,1.6295,1
NCFB-000646,0.2722,0.0461,0.0712,-0.0212,0.0108,0
NCFB-000647,1.3357,0.1924,0.2612,0.802,0.0356,0
NCFB-000648,0.348,0.056,0.1133,0.5199,0.044,0
NCFB-000649,0.1496,0.1836,0.2301,-1.1113,0.1469,0
NCFB-000650,0.2548,0.0478,0.0248,0.096,0.1383,0
NCFB-000651,0.2268,0.2167,0.2235,-0.2968,0.2788,0
NCFB-000652,0.0224,0.1388,0.2393,0.8688,0.002,0
NCFB-000653,0.077,0.0839,0.0189,-0.1683,0.1208,0
NCFB-000654,0.1482,0.3535,0.016,-0.0218,0.0053,0
NCFB-000655,0.2295,0.0568,0.2193,-1.6603,0.0608,0
NCFB-000656,0.7906,0.2158,0.1957,-1.7408,0.0806,0
NCFB-000657,0.9396,0.3075,0.0286,0.896,0.3789,0
NCFB-000658,0.0185,0.1071,0.0999,-0.3068,0.1685,0
NCFB-000659,0.6654,0.0413,0.2029,0.333,0.086,0
NCFB-000660,0.0497,0.195,0.0216,0.5164,0.018,0
NCFB-000661,0.2388,0.4432,0.186,-0.95,0.1591,0
NCFB-000662,0.3746,0.3564,0.0934,0.1246,0.2182,0
NCFB-000663,0.7238,0.1386,0.0121,-1.1891,0.002,0
NCFB-000664,0.1092,0.1342,0.0932,0.2133,0.1008,0
NCFB-000665,0.1305,0.0882,0.5632,-0.0889,0.1091,0
NCFB-000666,0.2214,0.2171,0.1131,0.2977,0.3479,0
NCFB-000667,0.3657,0.183,0.1148,-0.5684,0.1237,0
NCFB-000668,1.0134,0.157,0.1758,-1.1258,0.0754,0
NCFB-000669,0.3807,0.0156,0.1208,0.0855,0.181,0
NCFB-000670,0.0319,0.0534,0.1207,-1.5179,0.1924,0
NCFB-000671,0.2462,0.0559,0.1407,-2.12,0.1399,0
NCFB-000672,0.2104,0.2166,0.075,-1.3766,0.0195,0
NCFB-000673,0.9036,0.0776,0.0242,-0.1553,0.0471,0
NCFB-000674,0.2925,0.3214,0.0526,-0.6723,0.0832,0
NCFB-000675,2.3543,0.9708,0.8513,4.5503,1.7402,1
NCFB-000676,0.2406,0.0425,0.0019,0.5457,0.4736,0
NCFB-000677,0.2048,0.2406,0.0583,-0.0826,0.0792,0
NCFB-000678,0.3151,0.0266,0.0926,0.404,0.1538,0
NCFB-000679,0.707,0.0552,0.0902,-1.693,0.1584,0
NCFB-000680,0.1799,0.0853,0.0504,-0.329,0.0679,0
NCFB-000681,1.3693,0.1012,0.3222,1.0846,0.0189,0
NCFB-000682,0.3622,0.2342,0.0282,-0.9723,0.088,0
NCFB-000683,0.4829,0.1199,0.2037,0.4634,0.0129,0
NCFB-000684,0.2413,0.3115,0.2758,-1.6259,0.1215,0
NCFB-000685,0.0408,0.2862,0.0064,0.3254,0.3211,0
NCFB-000686,0.313,0.0526,0.014,-0.8742,0.4715,0
NCFB-000687,1.0094,0.1128,0.0112,-0.7398,0.1651,0
NCFB-000688,0.318,0.1589,0.0287,-0.0909,0.0729,0
NCFB-000689,0.1531,0.4567,0.0867,0.3366,0.0986,0
NCFB-000690,0.1605,0.1488,0.0218,-0.4609,0.1021,0
NCFB-000691,0.5761,0.2931,0.099,0.3151,0.0024,0
NCFB-000692,0.0724,0.1657,0.1052,1.6619,0.0859,0
NCFB-000693,0.1154,0.0932,0.0022,-0.4229,0.0131,0
NCFB-000694,1.141,0.1708,0.1342,-1.2096,0.0967,0
NCFB-000695,1.0021,0.1511,0.1536,-0.3486,0.2277,0
NCFB-000696,0.1744,0.0381,0.0925,0.3724,0.078,0
NCFB-000697,0.2752,0.4442,0.0168,-0.0927,0.0063,0
NCFB-000698,1.0201,0.107,0.0359,-1.0282,0.3473,0
NCFB-000699,0.3053,0.2008,0.5947,-2.9584,0.374,0
NCFB-000700,0.0002,0.0302,0.1324,0.2527,0.0779,0
NCFB-000701,0.0816,0.123,0.0173,0.5614,0.1871,0
NCFB-000702,0.2001,0.0257,0.0567,0.2665,0.0022,0
NCFB-000703,0.1875,0.0527,0.2447,-0.1399,0.1956,0
NCFB-000704,0.4063,0.0555,0.0825,-0.5184,0.0166,0
NCFB-000705,0.4594,0.0874,0.0354,0.957,0.3739,0
NCFB-000706,0.3055,0.3687,0.5253,-0.6141,0.1467,0
NCFB-000707,0.0356,0.1427,0.0411,-0.8896,0.1491,0
NCFB-000708,0.2697,0.2248,0.0987,-0.828,0.0577,0
NCFB-000709,0.1179,0.2034,0.0503,0.2542,0.0721,0
NCFB-000710,0.075,0.2465,0.0754,0.7992,0.0726,0
NCFB-000711,0.333,0.1391,0.1512,-0.0376,0.0622,0
NCFB-000712,0.4292,0.0548,0.3818,0.1019,0.0609,0
NCFB-000713,0.6621,0.1207,0.2437,-1.2067,0.3608,0
NCFB-000714,0.2222,0.102,0.1754,-0.5839,0.2235,0
NCFB-000715,0.0154,0.1035,0.0809,0.0452,0.1372,0
NCFB-000716,0.6454,0.046,0.0269,0.5027,0.0912,0
NCFB-000717,0.4751,0.1322,0.0462,1.3431,0.1536,0
NCFB-000718,0.0678,0.0279,0.1015,1.0244,0.0901,0
NCFB-000719,0.0307,0.027,0.0821,-0.584,0.0462,0
NCFB-000720,0.4405,0.0613,0.1685,0.5694,0.0852,0
NCFB-000721,0.744,0.2525,0.1737,-0.5455,0.3927,0
NCFB-000722,0.1295,0.0388,0.0759,-0.2291,0.4824,0
NCFB-000723,0.5494,0.1859,0.307,-0.7228,0.2328,0
NCFB-000724,0.2576,0.0098,0.0673,-0.603,0.2691,0
NCFB-000725,0.2351,0.138,0.0029,0.3148,0.1922,0
NCFB-000726,0.4376,0.035,0.0194,0.5886,0.0227,0
NCFB-000727,0.1139,0.1079,0.0175,-1.2021,0.1898,0
NCFB-000728,0.2367,0.0597,0.1681,-0.1745,0.1417,0
NCFB-000729,0.7966,0.1772,0.1097,-1.0176,0.0577,0
NCFB-000730,0.3173,0.2825,0.0352,0.6399,0.0655,0
NCFB-000731,0.4036,0.3246,0.1046,-0.7046,0.0189,0
NCFB-000732,0.454,0.1689,0.0121,0.5713,0.0835,0
NCFB-000733,0.143,0.0397,0.0124,-1.6553,0.4436,0
NCFB-000734,0.0041,0.0504,0.1144,-0.5036,0.0026,0
NCFB-000735,0.3715,0.5434,0.1575,0.6481,0.0563,0
NCFB-000736,0.0312,0.0588,0.1396,1.6136,0.0221,0
NCFB-000737,0.3583,0.0773,0.1546,0.0686,0.1603,0
NCFB-000738,0.5683,0.2734,0.0839,-0.9351,0.1762,0
NCFB-000739,0.3527,0.2798,0.0724,-0.0769,0.0633,0
NCFB-000740,0.1296,0.3245,0.2755,2.0133,0.169,0
NCFB-000741,1.3484,0.6061,0.3874,0.3385,0.1872,1
NCFB-000742,0.3012,0.0585,0.2745,-0.8328,0.0526,0
NCFB-000743,0.3465,0.2247,0.2152,1.4038,0.4195,0
NCFB-000744,0.0717,0.1161,0.0198,1.0826,0.0835,0
NCFB-000745,0.174,0.0606,0.1296,0.4485,0.0288,0
NCFB-000746,0.0491,0.2055,0.0663,0.6637,0.2341,0
NCFB-000747,0.0491,0.2731,0.0853,0.5641,0.0007,0
NCFB-000748,0.083,0.0973,0.1895,0.8096,0.2566,0
NCFB-000749,0.0988,0.1299,0.2226,0.1604,0.0723,0
NCFB-000750,3.4335,0.9673,1.4139,5.2697,2.1981,1
NCFB-000751,0.9822,0.2345,0.0808,0.6509,0.1777,0
NCFB-000752,3.0747,0.6394,1.1621,4.4852,1.6288,1
NCFB-000753,0.0117,0.0603,0.0573,-0.6414,0.1012,0
NCFB-000754,1.1462,0.0112,0.0984,1.5667,0.2953,0
NCFB-000755,0.0788,0.0585,0.506,0.0383,0.0752,0
NCFB-000756,0.0209,0.2057,0.0643,-0.0541,0.1315,0
NCFB-000757,0.3795,0.2185,0.4888,-0.8824,0.0697,0
NCFB-000758,0.0064,0.1474,0.0717,0.4972,0.2669,0
NCFB-000759,0.4567,0.113,0.0705,-0.3458,0.0832,0
NCFB-000760,1.1477,0.2598,0.0265,-0.0145,0.1147,0
NCFB-000761,0.4089,0.1369,0.0369,0.4382,0.338,0
NCFB-000762,1.1024,0.0097,0.0685,-0.0492,0.6333,0
NCFB-000763,0.1833,0.1615,0.0893,0.8316,0.0075,0
NCFB-000764,0.672,0.1015,0.0203,-0.0008,0.3882,0
NCFB-000765,0.2961,0.1275,0.1163,-0.1206,0.2646,0
NCFB-000766,0.694,0.1171,0.1093,1.8435,0.4653,0
NCFB-000767,1.1506,0.2003,0.0221,-0.5377,0.4598,0
NCFB-000768,0.1307,0.1013,0.2218,-0.7389,0.3486,0
NCFB-000769,1.0137,0.263,0.1441,-0.8424,0.1114,0
NCFB-000770,0.537,0.0675,0.3355,-0.3357,0.197,0
NCFB-000771,0.4016,0.081,0.0916,0.5532,0.1579,0
NCFB-000772,0.0843,0.0084,0.0632,-0.5818,0.0983,0
NCFB-000773,0.6051,0.1701,0.0978,-1.001,0.0138,0
NCFB-000774,0.5586,0.1482,0.0927,0.1086,0.2112,0
NCFB-000775,0.2227,0.0504,0.0508,-0.2726,0.1496,0
NCFB-000776,0.5868,0.2441,0.0004,-0.9955,0.032,0
NCFB-000777,0.1597,0.1401,0.2149,-1.0493,0.2279,0
NCFB-000778,0.1609,0.2643,0.0893,0.4435,0.0594,0
NCFB-000779,0.8406,0.0497,0.1041,-1.2359,0.0372,0
NCFB-000780,0.0222,0.1382,0.0229,0.4997,0.0927,0
NCFB-000781,0.828,0.2251,0.233,-0.9927,0.1054,0
NCFB-000782,0.0459,0.0598,0.5186,-0.5131,0.0964,0
NCFB-000783,1.848,0.1047,0.0028,-1.0367,0.3023,0
NCFB-000784,0.2662,0.0909,0.1038,0.0218,0.1217,0
NCFB-000785,0.0429,0.3122,0.0289,0.0606,0.1528,0
NCFB-000786,1.0423,0.105,0.0685,0.4459,0.0032,0
NCFB-000787,0.2191,0.0762,0.1342,0.6086,0.1381,0
NCFB-000788,0.2065,0.06,0.0475,-0.5573,0.0466,0
NCFB-000789,0.0292,0.1239,0.1827,1.2953,0.1134,0
NCFB-000790,3.7221,0.7539,1.3681,3.848,1.8169,1
NCFB-000791,1.0091,0.186,0.2555,-1.0127,0.1777,0
NCFB-000792,0.3614,0.0653,0.127,0.3719,0.0168,0
NCFB-000793,0.8413,0.0403,0.0458,0.7193,0.6181,0
NCFB-000794,0.1466,0.0689,0.1608,0.2317,0.2035,0
NCFB-000795,0.1512,0.1463,0.3132,-1.3842,0.0266,0
NCFB-000796,0.9052,0.061,0.0247,-0.5362,0.0099,0
NCFB-000797,0.0318,0.084,0.1826,-0.7994,0.0057,0
NCFB-000798,0.7649,0.0343,0.1122,-2.0589,0.169,0
NCFB-000799,0.1,0.177,0.0399,0.1301,0.0921,0
NCFB-000800,0.0987,0.07,0.1273,0.679,0.0092,0
NCFB-000801,0.183,0.1125,0.1635,-1.0761,0.1122,0
NCFB-000802,0.1915,0.2717,0.2198,0.8011,0.2262,0
NCFB-000803,0.5243,0.2388,0.2152,0.5973,0.2316,0
NCFB-000804,0.176,0.1505,0.6444,-0.3119,0.0711,0
NCFB-000805,0.3978,0.1624,0.1616,-0.4113,0.1061,0
NCFB-000806,0.2684,0.3336,0.3309,0.797,0.0241,0
NCFB-000807,0.4269,0.0826,0.1352,0.038,0.0932,0
NCFB-000808,0.3324,0.2254,0.0523,0.7791,0.0632,0
NCFB-000809,0.0719,0.4938,0.0085,0.8866,0.3389,0
NCFB-000810,0.3152,0.3437,0.2627,2.3209,0.067,0
NCFB-000811,0.1182,0.1168,0.2746,0.5633,0.0682,0
NCFB-000812,0.1458,0.1988,0.1181,0.0179,0.0981,0
NCFB-000813,0.0971,0.447,0.0314,-0.4195,0.1648,0
NCFB-000814,3.4896,0.9681,0.8227,4.6294,2.1323,1
NCFB-000815,0.3239,0.1106,0.1007,0.5131,0.0654,0
NCFB-000816,0.6842,0.2691,0.1631,-0.3406,0.0187,0
NCFB-000817,0.0905,0.0487,0.0376,0.2194,0.0845,0
NCFB-000818,0.0882,0.1237,0.1198,-0.5672,0.0223,0
NCFB-000819,0.0682,0.1948,0.0241,-0.1865,0.0087,0
NCFB-000820,0.4294,0.1633,0.1291,-0.9367,0.2313,0
NCFB-000821,0.1252,0.1483,0.0458,-1.3089,0.1283,0
NCFB-000822,0.495,0.1765,0.3932,-0.0188,0.0328,0
NCFB-000823,0.9485,0.2601,0.0995,-0.7319,0.229,0
NCFB-000824,0.0013,0.0123,0.0502,0.7435,0.0251,0
NCFB-000825,0.7315,0.3662,0.4515,0.8502,0.0207,0
NCFB-000826,0.0597,0.0933,0.1783,0.5613,0.0104,0
NCFB-000827,3.5773,0.9813,1.7231,4.108,1.6978,1
NCFB-000828,0.1264,0.1787,0.0985,-0.6892,0.4091,0
NCFB-000829,0.2687,0.0855,0.0068,-0.2814,0.0193,0
NCFB-000830,0.1331,0.3519,0.1003,-0.5116,0.0491,0
NCFB-000831,3.4407,0.8038,1.2767,4.8135,1.5652,1
NCFB-000832,0.4563,0.262,0.0061,0.5385,0.1375,0
NCFB-000833,0.03,0.3659,0.4021,-0.6063,0.0573,0
NCFB-000834,0.0822,0.0566,0.5029,0.9232,0.2873,0
NCFB-000835,0.0418,0.3005,0.1751,-0.0438,0.1405,0
NCFB-000836,0.6675,0.3014,0.2017,-1.0708,0.0797,0
NCFB-000837,0.0924,0.1092,0.0827,1.171,0.3065,0
NCFB-000838,0.4461,0.0369,0.0602,-0.7062,0.1443,0
NCFB-000839,0.1831,0.2277,0.0582,0.8418,0.2197,0
NCFB-000840,0.0277,0.2366,0.0888,-0.4863,0.1434,0
NCFB-000841,0.2593,0.0698,0.1169,-1.1731,0.1432,0
NCFB-000842,0.1748,0.0771,0.1077,-0.1715,0.0709,0
NCFB-000843,0.1377,0.0443,0.0637,-0.1118,0.2148,0
NCFB-000844,0.1391,0.0248,0.0546,0.33,0.168,0
NCFB-000845,0.1425,0.1212,0.0029,-0.2072,0.0824,0
NCFB-000846,0.0649,0.014,0.2789,-0.1894,0.0787,0
NCFB-000847,1.0771,0.012,0.0196,1.3213,0.0787,0
NCFB-000848,0.0146,0.0103,0.0947,1.7659,0.4744,0
NCFB-000849,0.4614,0.1532,0.1113,-0.2556,0.0165,0
NCFB-000850,0.7198,0.0986,0.2085,0.315,0.1242,0
NCFB-000851,1.0408,0.2012,0.0382,-0.0322,0.0556,0
NCFB-000852,0.1144,0.0152,0.2168,1.0574,0.0515,0
NCFB-000853,0.5845,0.2497,0.0645,0.0069,0.0476,0
NCFB-000854,3.2782,0.8394,1.6378,5.7368,1.6219,1
NCFB-000855,1.031,0.2183,0.0039,-0.7216,0.1916,0
NCFB-000856,0.3926,0.2769,0.0796,-0.8234,0.5226,0
NCFB-000857,3.112,0.9987,1.0042,5.3743,1.7769,1
NCFB-000858,0.1996,0.0501,0.1851,-0.6895,0.036,0
NCFB-000859,0.5076,0.266,0.1193,0.9755,0.2176,0
NCFB-000860,0.2903,0.2181,0.1141,-0.5882,0.076,0
NCFB-000861,0.4836,0.0166,0.1437,0.7431,0.0315,0
NCFB-000862,0.1265,0.1536,0.2964,0.1923,0.0807,0
NCFB-000863,0.4246,0.0124,0.1932,-1.0356,0.0347,0
NCFB-000864,0.4687,0.0343,0.0473,0.3491,0.0457,0
NCFB-000865,0.3382,0.172,0.0085,-0.7394,0.1392,0
NCFB-000866,0.0472,0.2246,0.0419,1.7624,0.3058,0
NCFB-000867,0.0847,0.4744,0.0485,-0.3239,0.0196,0
NCFB-000868,0.177,0.0617,0.0623,-0.9363,0.0037,0
NCFB-000869,0.1039,0.2306,0.031,0.2112,0.186,0
NCFB-000870,2.8664,0.9139,1.0363,4.8036,1.5532,1
NCFB-000871,0.0558,0.1455,0.1476,1.2425,0.369,0
NCFB-000872,0.5323,0.1038,0.2072,-0.2985,0.2799,0
NCFB-000873,0.5005,0.1668,0.0724,-0.5036,0.2047,0
NCFB-000874,0.1506,0.2486,0.0385,-0.3632,0.128,0
NCFB-000875,0.28,0.2184,0.2991,0.6674,0.1924,0
NCFB-000876,0.6369,0.0302,0.1368,0.018,0.0229,0
NCFB-000877,0.6193,0.2094,0.1796,-0.281,0.0367,0
NCFB-000878,2.6338,0.1088,0.0563,-0.1157,0.0588,0
NCFB-000879,1.1968,0.1081,0.0782,1.0459,0.1323,0
NCFB-000880,0.0139,0.222,0.4342,1.1962,0.1181,0
NCFB-000881,0.0418,0.1274,0.0551,0.0579,0.1535,0
NCFB-000882,0.2633,0.008,0.0049,0.1438,0.1726,0
NCFB-000883,0.0671,0.1917,0.4192,-0.6624,0.0155,0
NCFB-000884,0.3309,0.2073,0.0267,-0.3199,0.0047,0
NCFB-000885,2.9672,0.7237,0.7947,4.5488,1.7666,1
NCFB-000886,0.9141,0.4599,0.3122,-0.0072,0.0168,0
NCFB-000887,0.0884,0.0182,0.1345,-0.5885,0.0108,0
NCFB-000888,0.3262,0.2254,0.0128,-0.607,0.0428,0
NCFB-000889,0.0146,0.1099,0.0758,0.2055,0.0788,0
NCFB-000890,0.8622,0.1123,0.0656,0.5975,0.0318,0
NCFB-000891,0.0918,0.0123,0.0128,0.7703,0.148,0
NCFB-000892,0.1818,0.1126,0.0221,0.2983,0.0139,0
NCFB-000893,0.1438,0.0652,0.3856,0.6196,0.2386,0
NCFB-000894,0.0188,0.0076,0.008,-0.5009,0.1422,0
NCFB-000895,0.737,0.4628,0.0848,0.1481,0.0906,0
NCFB-000896,0.5996,0.0391,0.0056,-0.1354,0.0005,0
NCFB-000897,0.4138,0.0091,0.4564,-1.2199,0.0037,0
NCFB-000898,0.0208,0.0827,0.0718,1.3176,0.0712,0
NCFB-000899,0.641,0.0691,0.0794,-0.5713,0.1538,0
NCFB-000900,0.1952,0.1132,0.009,0.5281,0.2312,0
NCFB-000901,0.2406,0.0475,0.1232,0.5556,0.0209,0
NCFB-000902,0.1579,0.3534,0.1788,-0.4184,0.0518,0
NCFB-000903,0.029,0.2307,0.1556,0.5429,0.1361,0
NCFB-000904,0.3352,0.1812,0.0313,-0.0617,0.3948,0
NCFB-000905,2.1338,0.1876,0.0367,-0.687,0.0589,0
NCFB-000906,0.0828,0.0333,0.0919,0.0478,0.1108,0
NCFB-000907,0.6781,0.0275,0.0678,-0.6551,0.1892,0
NCFB-000908,0.2059,0.0395,0.0141,-0.3026,0.1101,0
NCFB-000909,0.0508,0.1729,0.0707,1.514,0.0066,0
NCFB-000910,0.7063,0.1107,0.0962,0.518,0.0385,0
NCFB-000911,0.1526,0.0224,0.0118,0.2404,0.0115,0
NCFB-000912,0.1715,0.0532,0.0965,1.152,0.0379,0
NCFB-000913,0.2119,0.1878,0.2253,0.6145,0.2583,0
NCFB-000914,0.2954,0.0343,0.2105,-0.8106,0.2925,0
NCFB-000915,3.1044,0.5643,1.2571,4.8784,1.9313,1
NCFB-000916,3.3549,0.7802,1.4917,4.5728,1.5832,1
NCFB-000917,0.1991,0.0326,0.2265,1.7897,0.0675,0
NCFB-000918,0.302,0.1378,0.0391,1.1105,0.0325,0
NCFB-000919,0.2024,0.1661,0.3777,-0.144,0.0994,0
NCFB-000920,0.1832,0.078,0.0761,0.5775,0.4521,0
NCFB-000921,0.0227,0.2627,0.0987,-0.5681,0.0815,0
NCFB-000922,0.0921,0.1689,0.1303,0.4753,0.0431,0
NCFB-000923,0.3603,0.0633,0.3108,1.0261,0.1774,0
NCFB-000924,2.0321,0.1332,0.0114,0.9317,0.2056,0
NCFB-000925,0.4167,0.212,0.0027,0.5413,0.0837,0
NCFB-000926,0.0406,0.0362,0.0224,-1.048,0.1552,0
NCFB-000927,0.2076,0.071,0.0483,0.1127,0.0654,0
NCFB-000928,0.3067,0.1384,0.0368,0.4102,0.2281,0
NCFB-000929,0.1699,0.0677,0.1075,-1.1247,0.0235,0
NCFB-000930,1.2586,0.2837,0.1366,-1.1524,0.0008,0
NCFB-000931,0.3528,0.2311,0.0143,0.3601,0.0317,0
NCFB-000932,0.1112,0.1004,0.3197,-0.4127,0.0734,0
NCFB-000933,0.4698,0.0359,0.2692,0.0802,0.0109,0
NCFB-000934,0.5091,0.1997,0.0468,0.1314,0.0573,0
NCFB-000935,0.1329,0.1743,0.0716,-0.5333,0.0298,0
NCFB-000936,0.065,0.1995,0.2428,-0.7362,0.0051,0
NCFB-000937,0.1435,0.1091,0.1714,0.3351,0.0014,0
NCFB-000938,0.0961,0.1994,0.0521,0.29,0.5513,0
NCFB-000939,0.1067,0.1003,0.2127,0.0684,0.0698,0
NCFB-000940,0.0644,0.2029,0.0698,0.9341,0.1832,0
NCFB-000941,0.6875,0.2859,0.0223,-0.8804,0.1163,0
NCFB-000942,0.3001,0.12,0.5495,0.0001,0.1745,0
NCFB-000943,1.7496,0.0414,0.3337,-0.3016,0.0486,0
NCFB-000944,0.2843,0.0415,0.0671,-0.744,0.0404,0
NCFB-000945,0.5775,0.2613,0.0338,-0.4359,0.0324,0
NCFB-000946,1.5102,0.3694,0.0862,-0.9033,0.0135,0
NCFB-000947,0.5102,0.309,0.0775,-0.4536,0.0471,0
NCFB-000948,0.1718,0.1579,0.2386,0.1031,0.0239,0
NCFB-000949,0.1655,0.1466,0.3978,-0.5967,0.1252,0
NCFB-000950,0.0182,0.1686,0.2931,0.8809,0.0022,0
NCFB-000951,0.2266,0.1316,0.0151,0.5377,0.0296,0
NCFB-000952,0.0546,0.2263,0.0187,0.7783,0.0834,0
NCFB-000953,0.7698,0.2082,0.0201,-0.0281,0.0536,0
NCFB-000954,1.6219,0.1934,0.0326,-0.9567,0.2277,0
NCFB-000955,0.473,0.0558,0.1024,0.1019,0.0446,0
NCFB-000956,0.0244,0.1212,0.0261,-0.4382,0.1182,0
NCFB-000957,1.4076,0.3517,0.1715,-1.0138,0.347,0
NCFB-000958,0.1987,0.1547,0.0089,-0.0201,0.0931,0
NCFB-000959,0.8517,0.0124,0.1362,0.5607,0.2593,0
NCFB-000960,0.1842,0.0487,0.1028,-0.9477,0.3635,0
NCFB-000961,0.3146,0.0686,0.0038,-0.0497,0.1249,0
NCFB-000962,0.0925,0.2306,0.0992,0.7233,0.1966,0
NCFB-000963,0.0438,0.2916,0.5231,-0.888,0.0313,0
NCFB-000964,0.2915,0.237,0.0184,-0.9652,0.013,0
NCFB-000965,0.0258,0.1199,0.0277,0.2956,0.0863,0
NCFB-000966,0.7518,0.0304,0.059,0.1825,0.1209,0
NCFB-000967,0.1162,0.161,0.0106,0.0318,0.4367,0
NCFB-000968,0.3961,0.087,0.1932,-0.2414,0.2195,0
NCFB-000969,0.2064,0.155,0.1711,0.0105,0.2977,0
NCFB-000970,0.4232,0.0433,0.0814,0.1976,0.0158,0
NCFB-000971,0.7183,0.231,0.0166,-0.3002,0.3619,0
NCFB-000972,0.396,0.0474,0.1058,0.442,0.7508,0
NCFB-000973,0.6518,0.192,0.0298,-0.3705,0.0391,0
NCFB-000974,0.1235,0.1156,0.4194,1.1675,0.0226,0
NCFB-000975,0.0786,0.3437,0.018,0.2967,0.014,0
NCFB-000976,0.1265,0.1441,0.0553,-0.7785,0.0067,0
NCFB-000977,0.4469,0.1346,0.1131,2.0495,0.05,0
NCFB-000978,0.7891,0.313,0.1114,-0.0799,0.1498,0
NCFB-000979,0.6488,0.2689,0.3676,0.6323,0.0132,0
NCFB-000980,0.1674,0.0698,0.0667,0.6023,0.0511,0
NCFB-000981,0.3416,0.1608,0.0343,-1.1716,0.0582,0
NCFB-000982,0.3455,0.0702,0.03,-0.68,0.3222,0
NCFB-000983,0.2827,0.071,0.0279,0.7016,0.0976,0
NCFB-000984,0.0184,0.1723,0.0171,0.2337,0.1602,0
NCFB-000985,0.5734,0.0193,0.0384,1.9711,0.1896,0
NCFB-000986,0.165,0.0341,0.2818,-0.5255,0.0662,0
NCFB-000987,0.4992,0.0443,0.0692,0.7576,0.0251,0
NCFB-000988,0.0177,0.0489,0.0483,0.4619,0.3776,0
NCFB-000989,0.1836,0.027,0.0715,-0.009,0.1874,0
NCFB-000990,0.0229,0.1327,0.0805,0.6628,0.2463,0
NCFB-000991,1.1248,0.1008,0.0081,0.6481,0.4324,0
NCFB-000992,0.4024,0.0919,0.1596,-1.2884,0.0894,0
NCFB-000993,0.264,0.0203,0.0452,0.8985,0.2151,0
NCFB-000994,0.0556,0.2801,0.2701,-0.5012,0.035,0
NCFB-000995,0.049,0.0618,0.1527,-1.1509,0.0238,0
NCFB-000996,0.3848,0.0983,0.1418,1.3778,0.0731,0
NCFB-000997,0.1826,0.1803,0.1433,-0.5013,0.0135,0
NCFB-000998,0.0544,0.0519,0.0082,-0.4092,0.3551,0
NCFB-000999,0.4672,0.0836,0.0267,-0.6622,0.076,0
NCFB-001000,0.1672,0.1288,0.0118,1.3337,0.1651,0
NCFB-001001,0.0205,0.0215,0.0339,0.2978,0.0613,0
NCFB-001002,0.0922,0.0614,0.2229,-0.0813,0.1294,0
NCFB-001003,2.9943,0.6941,1.7372,5.3754,2.1783,1
NCFB-001004,0.3677,0.502,0.0576,0.4561,0.556,0
NCFB-001005,0.7234,0.0221,0.1788,0.4364,0.0695,0
NCFB-001006,0.0441,0.0533,0.0545,0.6279,0.0014,0
NCFB-001007,0.1481,0.1437,0.2256,-0.3832,0.0357,0
NCFB-001008,0.0292,0.0674,0.1216,0.0346,0.2995,0
NCFB-001009,0.3443,0.097,0.1746,-1.7335,0.1104,0
NCFB-001010,0.1343,0.0885,0.0867,-1.0958,0.1889,0
NCFB-001011,0.2457,0.0493,0.1104,-0.1539,0.1517,0
NCFB-001012,0.0455,0.0584,0.2464,-0.6437,0.1685,0
NCFB-001013,0.2791,0.0905,0.0171,0.512,0.0002,0
NCFB-001014,1.0973,0.1152,0.2443,0.3882,0.161,0
NCFB-001015,3.2614,0.8282,1.2949,4.0128,2.1535,1
NCFB-001016,0.2072,0.1659,0.034,-0.3034,0.1951,0
NCFB-001017,0.115,0.0385,0.0322,0.8455,0.0227,0
NCFB-001018,0.2204,0.2078,0.0068,-0.0035,0.1427,0
NCFB-001019,1.1392,0.1527,0.048,-0.1357,0.1196,0
NCFB-001020,0.7757,0.1178,0.0093,-0.1824,0.0115,0
NCFB-001021,0.0032,0.207,0.0167,0.9774,0.0107,0
NCFB-001022,3.2041,0.8624,1.525,4.1403,2.0421,1
NCFB-001023,0.0391,0.1802,0.0327,-0.6678,0.0336,0
NCFB-001024,0.2295,0.2732,0.093,-1.3984,0.014,0
NCFB-001025,1.2205,0.1925,0.1381,-0.3324,0.2278,0
NCFB-001026,0.9156,0.2071,0.2105,0.7058,0.2207,0
NCFB-001027,0.3903,0.0477,0.0274,-0.9581,0.1143,0
NCFB-001028,0.1598,0.2221,0.0268,-0.2549,0.0516,0
NCFB-001029,0.2525,0.2029,0.3873,0.3643,0.152,0
NCFB-001030,0.1892,0.1061,0.0185,-1.0396,0.0803,0
NCFB-001031,0.2349,0.0851,0.0208,1.0034,0.0741,0
NCFB-001032,0.6828,0.1077,0.0265,-1.0058,0.0081,0
NCFB-001033,0.0684,0.0976,0.0377,0.6471,0.1732,0
NCFB-001034,0.0833,0.0143,0.0979,0.624,0.1661,0
NCFB-001035,0.0477,0.3238,0.2007,-1.6515,0.2469,0
NCFB-001036,0.0367,0.2371,0.3703,0.0584,0.2309,0
NCFB-001037,0.4119,0.0797,0.6468,1.817,0.2049,0
NCFB-001038,0.6349,0.0664,0.0474,0.23,0.2437,0
NCFB-001039,0.4318,0.0699,0.0561,0.9457,0.1481,0
NCFB-001040,0.0277,0.0918,0.0935,0.798,0.0265,0
NCFB-001041,0.0809,0.276,0.0528,0.1053,0.1929,0
NCFB-001042,0.1714,0.3324,0.0818,1.07,0.2279,0
NCFB-001043,0.6014,0.1792,0.1891,-0.6766,0.0196,0
NCFB-001044,0.1917,0.2778,0.099,-0.2101,0.0401,0
NCFB-001045,0.3288,0.216,0.159,-0.0991,0.0399,0
NCFB-001046,3.6255,0.8746,1.3274,4.6333,1.8234,1
NCFB-001047,0.3979,0.1112,0.0674,-0.0264,0.216,0
NCFB-001048,3.4073,0.7768,0.7932,5.2228,1.8652,1
NCFB-001049,0.2831,0.0507,0.0348,-0.6826,0.2002,0
NCFB-001050,0.053,0.1152,0.1195,0.3545,0.5455,0
NCFB-001051,0.2342,0.0508,0.3723,-0.8685,0.0567,0
NCFB-001052,0.354,0.4159,0.038,0.0883,0.1543,0
NCFB-001053,0.0494,0.1165,0.0354,0.0112,0.1452,0
NCFB-001054,0.1693,0.0623,0.0326,-0.6278,0.1715,0
NCFB-001055,0.1313,0.2235,0.1881,0.2092,0.0068,0
NCFB-001056,0.2427,0.154,0.2021,0.598,0.0011,0
NCFB-001057,0.1664,0.2206,0.031,0.0162,0.0206,0
NCFB-001058,0.0407,0.0704,0.0591,-1.2513,0.0507,0
NCFB-001059,0.11,0.136,0.1114,0.1306,0.0058,0
NCFB-001060,0.3391,0.1433,0.1977,0.3681,0.0215,0
NCFB-001061,0.5977,0.166,0.0017,1.293,0.2697,0
NCFB-001062,0.3007,0.424,0.2149,-0.4256,0.0466,0
NCFB-001063,0.2053,0.1026,0.1254,0.7252,0.0407,0
NCFB-001064,0.0326,0.1125,0.2518,-0.6318,0.0051,0
NCFB-001065,0.1792,0.178,0.1359,-0.2313,0.1444,0
NCFB-001066,0.3439,0.3279,0.0694,-1.4106,0.1043,0
NCFB-001067,0.0427,0.4977,0.1055,-0.0624,0.074,0
NCFB-001068,0.1615,0.2539,0.0648,-0.6356,0.2947,0
NCFB-001069,0.5439,0.0704,0.0357,0.6721,0.1181,0
NCFB-001070,0.375,0.0498,0.1326,-0.6921,0.1397,0
NCFB-001071,0.021,0.0107,0.2175,0.79,0.0986,0
NCFB-001072,0.3436,0.2845,0.0668,-1.3406,0.1381,0
NCFB-001073,0.346,0.2792,0.2657,0.4399,0.4357,0
NCFB-001074,0.0846,0.0076,0.2972,-1.1746,0.0311,0
NCFB-001075,2.7547,2.2097,2.1839,0.8935,2.4215,0
NCFB-001076,0.1968,0.071,0.7017,0.1314,0.0309,0
NCFB-001077,0.5216,0.1969,0.0247,-0.4808,0.0767,0
NCFB-001078,0.0969,0.0492,0.0636,-0.2901,0.0222,0
NCFB-001079,0.0969,0.2361,0.0592,0.8243,0.1647,0
NCFB-001080,0.2218,0.1481,0.1904,-0.8803,0.0627,0
NCFB-001081,0.4923,0.1875,0.0969,0.3958,0.084,0
NCFB-001082,0.4358,0.1702,0.0904,-0.5042,0.2764,0
NCFB-001083,0.2464,0.1585,0.0683,-0.169,0.0727,0
NCFB-001084,0.6917,0.0077,0.0977,1.3744,0.1611,0
NCFB-001085,0.2091,0.0615,0.1995,0.2319,0.012,0
NCFB-001086,3.7598,0.8097,1.4093,4.2207,1.7497,1
NCFB-001087,1.082,0.1185,0.1089,-0.6953,0.1729,0
NCFB-001088,0.3092,0.2933,0.2191,-0.9031,0.1816,0
NCFB-001089,0.3184,0.2623,0.0047,-1.1806,0.0333,0
NCFB-001090,0.0108,0.1374,0.1399,0.7791,0.2376,0
NCFB-001091,0.1043,0.252,0.1602,0.7657,0.1726,0
NCFB-001092,0.3593,0.1537,0.056,0.809,0.0409,0
NCFB-001093,0.2728,0.0717,0.2516,-0.7484,0.0245,0
NCFB-001094,0.4257,0.0227,0.3079,0.0712,0.1906,0
NCFB-001095,0.1334,0.2354,0.079,0.0437,0.0074,0
NCFB-001096,0.3558,0.0811,0.0896,0.6763,0.0138,0
NCFB-001097,0.1535,0.1529,0.0449,-0.0956,0.1404,0
NCFB-001098,0.0226,0.2016,0.2136,-0.1175,0.3612,0
NCFB-001099,0.0117,0.208,0.0714,0.5298,0.3048,0
NCFB-001100,0.0357,0.1354,0.1819,-0.2281,0.0883,0
NCFB-001101,0.5006,0.2982,0.012,0.1785,0.0326,0
NCFB-001102,0.2342,0.1517,0.2062,0.0202,0.045,0
NCFB-001103,0.3675,0.0173,0.0582,0.4033,0.0447,0
NCFB-001104,0.5588,0.2292,0.0328,-1.5324,0.2812,0
NCFB-001105,1.1786,0.1428,0.4873,-0.9105,0.1716,0
NCFB-001106,0.0194,0.1301,0.5855,1.3303,0.0831,0
NCFB-001107,0.0116,0.0897,0.3552,-1.3228,0.1845,0
NCFB-001108,1.3807,0.1927,0.0494,1.688,0.1888,0
NCFB-001109,0.4662,0.1434,0.1601,-0.4103,0.1284,0
NCFB-001110,0.4463,0.0633,0.2174,1.3637,0.1586,0
NCFB-001111,0.4829,0.1703,0.0091,0.8093,0.0034,0
NCFB-001112,0.1395,0.2855,0.0744,-0.074,0.1263,0
NCFB-001113,0.0252,0.1064,0.165,1.3392,0.3718,0
NCFB-001114,0.9618,0.4262,0.1868,-0.0453,0.0068,0
NCFB-001115,0.3037,0.1314,0.1117,-0.1721,0.0199,0
NCFB-001116,0.0398,0.1404,0.0915,1.4834,0.124,0
NCFB-001117,0.1076,0.235,0.1094,1.728,0.3617,0
NCFB-001118,0.0457,0.2043,0.1507,-0.7453,0.0058,0
NCFB-001119,0.3763,0.0627,0.1458,-1.0045,0.0576,0
NCFB-001120,0.2848,0.1631,0.0536,-1.029,0.0907,0
NCFB-001121,2.8689,0.6679,0.5931,4.4235,2.1407,1
NCFB-001122,0.2228,0.1062,0.0902,-0.4909,0.2297,0
NCFB-001123,0.536,0.0981,0.0548,-0.9982,0.0146,0
NCFB-001124,0.5713,0.4118,0.0406,-1.7046,0.306,0
NCFB-001125,0.3084,0.0813,0.0236,-1.5755,0.0928,0
NCFB-001126,0.0563,0.2252,0.0103,-0.1248,0.3246,0
NCFB-001127,0.0982,0.0304,0.0577,1.2726,0.2357,0
NCFB-001128,0.4146,0.048,0.0629,0.1882,0.0137,0
NCFB-001129,0.0276,0.1462,0.0741,0.106,0.1795,0
NCFB-001130,0.0381,0.047,0.0536,-0.6825,0.3645,0
NCFB-001131,0.5986,0.0147,0.058,-0.8486,0.026,0
NCFB-001132,0.1968,0.0712,0.0823,-0.8506,0.151,0
NCFB-001133,0.1466,0.0178,0.048,0.2256,0.4569,0
NCFB-001134,0.357,0.1107,0.0685,-1.0726,0.0234,0
NCFB-001135,0.1828,0.1017,0.0716,0.0731,0.0071,0
NCFB-001136,0.4121,0.1215,0.0742,-0.0779,0.0543,0
NCFB-001137,0.4681,0.1465,0.0457,1.3188,0.0246,0
NCFB-001138,0.1779,0.0866,0.0049,-0.7665,0.0323,0
NCFB-001139,0.0166,0.1734,0.0865,0.1421,0.1433,0
NCFB-001140,0.1256,0.0788,0.113,-0.3064,0.1806,0
NCFB-001141,0.4297,0.0623,0.0018,-1.3956,0.0234,0
NCFB-001142,0.1853,0.0518,0.022,1.5738,0.1654,0
NCFB-001143,0.0837,0.0956,0.0694,0.1501,0.01,0
NCFB-001144,0.3019,0.2261,0.2998,0.1726,0.1672,0
NCFB-001145,0.2468,0.0966,0.0437,-1.7586,0.0661,0
NCFB-001146,0.2496,0.1398,0.0919,0.4387,0.2287,0
NCFB-001147,0.3445,0.0787,0.0742,1.2104,0.401,0
NCFB-001148,0.0055,0.2245,0.0341,0.0314,0.1454,0
NCFB-001149,0.6935,0.1758,0.0124,1.0735,0.0581,0
NCFB-001150,0.3551,0.6081,0.1366,1.1218,0.0473,0
NCFB-001151,3.6984,0.8566,1.1746,4.4103,2.3351,1
NCFB-001152,0.3985,0.2375,0.0691,0.0896,0.5372,0
NCFB-001153,0.3956,0.1118,0.0532,-0.041,0.0708,0
NCFB-001154,0.5274,0.0529,0.0208,-0.9926,0.0932,0
NCFB-001155,0.1956,0.1298,0.1413,-0.5188,0.0085,0
NCFB-001156,0.8623,0.1216,0.0029,-1.1214,0.124,0
NCFB-001157,0.0287,0.148,0.1606,-2.3348,0.0379,0
NCFB-001158,0.8293,0.064,0.0475,0.6838,0.2136,0
NCFB-001159,0.6253,0.0334,0.2305,1.1732,0.0053,0
NCFB-001160,0.2959,0.1076,0.1563,0.0947,0.2876,0
NCFB-001161,0.5243,0.1054,0.0136,0.8235,0.0276,0
NCFB-001162,1.4938,0.1795,0.0482,-0.5274,0.0732,0
NCFB-001163,0.3794,0.0907,0.241,-0.0228,0.239,0
NCFB-001164,0.4579,0.4643,0.0895,0.3437,0.1084,0
NCFB-001165,0.2922,0.2194,0.0046,-0.7309,0.0863,0
NCFB-001166,0.2437,0.0872,0.1587,-0.4578,0.0556,0
NCFB-001167,0.7098,0.0681,0.0464,0.0583,0.0519,0
NCFB-001168,0.0438,0.1563,0.1688,0.8966,0.1867,0
NCFB-001169,0.1328,0.2029,0.5586,1.3126,0.0055,0
NCFB-001170,0.4435,0.0083,0.0649,-0.5786,0.0962,0
NCFB-001171,0.0225,0.0872,0.1864,-0.2178,0.0414,0
NCFB-001172,0.3417,0.184,0.1303,0.8362,0.0263,0
NCFB-001173,0.4296,0.0902,0.0812,0.1189,0.0933,0
NCFB-001174,0.0074,0.1995,0.0865,-0.3529,0.0528,0
NCFB-001175,0.004,0.1418,0.5999,-0.2469,0.003,0
NCFB-001176,0.4118,0.0927,0.312,-0.326,0.2119,0
NCFB-001177,1.511,0.0316,0.0371,-1.3006,0.1195,0
NCFB-001178,0.7812,0.181,0.0646,0.5122,0.0236,0
NCFB-001179,0.3024,0.0294,0.1006,0.7552,0.1687,0
NCFB-001180,0.0182,0.1662,0.126,-0.4084,0.3336,0
NCFB-001181,0.336,0.277,0.0761,-0.7363,0.2313,0
NCFB-001182,0.1948,0.1271,0.1133,-0.1836,0.1642,0
NCFB-001183,0.1511,0.0824,0.1931,-0.3765,0.2481,0
NCFB-001184,0.7161,0.2232,0.0474,-1.6333,0.0704,0
NCFB-001185,1.1,0.1392,0.1093,-0.6139,0.1917,0
NCFB-001186,0.1265,0.0674,0.0973,0.102,0.0385,0
NCFB-001187,0.1087,0.2991,0.0473,0.6185,0.0883,0
NCFB-001188,0.1748,0.1257,0.1231,0.8061,0.097,0
NCFB-001189,0.4252,0.1099,0.1076,-0.1365,0.1134,0
NCFB-001190,1.2418,0.1777,0.1407,0.8794,0.2083,0
NCFB-001191,0.6918,0.0259,0.1302,-0.3598,0.0156,0
NCFB-001192,0.2376,0.1057,0.2185,0.1328,0.0693,0
NCFB-001193,0.5952,0.2201,0.1215,0.3868,0.0018,0
NCFB-001194,0.0187,0.0338,0.0686,1.1889,0.5136,0
NCFB-001195,1.0414,0.1728,0.0194,-0.0444,0.2151,0
NCFB-001196,0.1454,0.3755,0.1226,-0.5091,0.013,0
NCFB-001197,0.0596,0.1793,0.2662,-2.0047,0.2304,0
NCFB-001198,0.0945,0.1287,0.109,-0.8958,0.0518,0
NCFB-001199,0.0241,0.1643,0.0195,-0.1448,0.0,0
NCFB-001200,0.2919,0.0665,0.1379,0.6058,0.0754,0
NCFB-001201,0.272,0.1555,0.1253,1.3346,0.0408,0
NCFB-001202,0.4304,0.1042,0.1354,-0.6256,0.0616,0
NCFB-001203,0.1199,0.504,0.1534,-1.4398,0.2431,0
NCFB-001204,0.6604,0.1238,0.0439,0.2634,0.1603,0
NCFB-001205,2.7008,0.8128,0.713,5.1299,2.0188,1
NCFB-001206,0.2437,0.1016,0.0587,-0.7569,0.2137,0
NCFB-001207,0.0477,0.2824,0.1102,0.4328,0.1495,0
NCFB-001208,3.3283,0.8293,2.0907,0.9409,2.1877,1
NCFB-001209,0.2642,0.1624,0.0864,-0.2683,0.1588,0
NCFB-001210,0.2877,0.2326,0.0935,-0.0637,0.2937,0
NCFB-001211,0.4305,0.1233,0.065,0.5114,0.1391,0
NCFB-001212,0.4024,0.4177,0.0785,1.5949,0.2543,0
NCFB-001213,0.4754,0.0031,0.0539,0.1846,0.0276,0
NCFB-001214,0.555,0.0453,0.2165,0.0815,0.096,0
NCFB-001215,0.2761,0.0852,0.0013,-0.6083,0.1881,0
NCFB-001216,0.2071,0.1074,0.2508,0.9878,0.0229,0
NCFB-001217,0.2274,0.2125,0.1312,0.5204,0.0633,0
NCFB-001218,0.2419,0.1777,0.0021,-0.6059,0.1026,0
NCFB-001219,0.2243,0.0749,0.1495,-0.6647,0.1227,0
NCFB-001220,0.3648,0.1814,0.2933,1.2301,0.0447,0
NCFB-001221,0.514,0.0772,0.0501,-1.0127,0.0139,0
NCFB-001222,0.531,0.0485,0.2062,0.2578,0.1139,0
NCFB-001223,0.1292,0.127,0.2369,-0.4292,0.1803,0
NCFB-001224,0.0188,0.239,0.279,-0.1905,0.032,0
NCFB-001225,0.1587,0.0145,0.0621,0.4256,0.2064,0
NCFB-001226,0.7162,0.068,0.0504,0.0072,0.0127,0
NCFB-001227,0.0395,0.0294,0.0648,-0.1348,0.0681,0
NCFB-001228,0.1011,0.0183,0.0469,-0.8335,0.2109,0
NCFB-001229,0.3567,0.3319,0.1098,-0.865,0.026,0
NCFB-001230,0.1288,0.1082,0.0653,-1.075,0.0759,0
NCFB-001231,0.8451,0.1388,0.0718,-0.2918,0.3006,0
NCFB-001232,1.2543,0.0682,0.0267,0.6413,0.0989,0
NCFB-001233,0.0906,0.0407,0.1536,-0.8323,0.1731,0
NCFB-001234,1.4544,0.3148,0.0241,-0.3148,0.3796,0
NCFB-001235,0.0043,0.2052,0.036,-0.3298,0.0437,0
NCFB-001236,0.3897,0.2386,0.1298,0.4664,0.0202,0
NCFB-001237,0.0715,0.1904,0.1545,1.727,0.5012,0
NCFB-001238,0.4565,0.4431,0.596,0.2907,0.0206,0
NCFB-001239,0.0992,0.0549,0.4984,0.7646,0.2537,0
NCFB-001240,0.1436,0.0062,0.0073,-0.205,0.3568,0
NCFB-001241,0.1957,0.0378,0.3162,-0.1407,0.0812,0
NCFB-001242,0.374,0.1191,0.2508,-0.0002,0.4287,0
NCFB-001243,0.0929,0.2013,0.4271,-0.4601,0.0603,0
NCFB-001244,0.8146,0.0328,0.133,-0.3333,0.1866,0
NCFB-001245,0.3742,0.0172,0.2,-0.0922,0.0096,0
NCFB-001246,0.2824,0.2601,0.0208,-0.3876,0.046,0
NCFB-001247,0.0654,0.2145,0.0143,0.2535,0.0434,0
NCFB-001248,2.8589,0.8202,1.361,5.1224,1.7633,1
NCFB-001249,0.1712,0.0017,0.2464,-0.4417,0.0156,0
NCFB-001250,0.1238,0.0372,0.0293,0.0067,0.2339,0
NCFB-001251,0.7916,0.2059,0.0324,0.4377,0.1435,0
NCFB-001252,0.1863,0.0404,0.1296,0.7052,0.1645,0
NCFB-001253,0.535,0.1522,0.5563,0.9082,0.1775,0
NCFB-001254,0.0972,0.1556,0.0572,-0.4887,0.1054,0
NCFB-001255,0.633,0.2303,0.0504,1.2151,0.0342,0
NCFB-001256,0.0531,0.0587,0.1731,0.119,0.0855,0
NCFB-001257,0.1048,0.0194,0.1576,-0.97,0.1824,0
NCFB-001258,0.0812,0.329,0.1738,0.2945,0.1188,0
NCFB-001259,0.2446,0.1011,0.183,-0.0034,0.6399,0
NCFB-001260,1.3022,0.1899,0.009,-0.4622,0.1165,0
NCFB-001261,0.0942,0.331,0.1295,-0.7646,0.0172,0
NCFB-001262,0.8398,0.1867,0.1733,0.4421,0.1442,0
NCFB-001263,0.013,0.2758,0.0715,-1.3532,0.0243,0
NCFB-001264,0.1369,0.0164,0.0063,-0.9367,0.016,0
NCFB-001265,0.5507,0.1047,0.1036,-2.2991,0.0806,0
NCFB-001266,0.6312,0.2267,0.1326,0.3279,0.0896,0
NCFB-001267,0.1345,0.0455,0.0738,-0.2348,0.061,0
NCFB-001268,0.0285,0.0571,0.1842,-0.1035,0.0609,0
NCFB-001269,0.2237,0.0888,0.1133,1.4207,0.2314,0
NCFB-001270,0.2304,0.2049,0.2796,-1.0014,0.0694,0
NCFB-001271,0.176,0.1701,0.1234,-0.119,0.2001,0
NCFB-001272,0.3827,0.025,0.0464,-0.3813,0.3366,0
NCFB-001273,0.0005,0.2788,0.0842,1.8929,0.0237,0
NCFB-001274,0.57,0.1048,0.1868,-0.1248,0.223,0
NCFB-001275,0.5182,0.1581,0.2083,0.1653,0.0915,0
NCFB-001276,3.0346,0.9652,1.2298,4.2487,1.8048,1
NCFB-001277,0.7401,0.1665,0.1775,-1.2182,0.2263,0
NCFB-001278,0.4768,0.2117,0.0254,0.1282,0.2933,0
NCFB-001279,0.0187,0.0644,0.063,0.3173,0.1119,0
NCFB-001280,0.1842,0.2105,0.1106,-1.1714,0.0634,0
NCFB-001281,0.3301,0.0455,0.1929,0.3239,0.0144,0
NCFB-001282,0.6596,0.1628,0.0976,0.6589,0.1911,0
NCFB-001283,0.1516,0.0616,0.2299,0.2049,0.0434,0
NCFB-001284,0.8435,0.0527,0.0971,0.1674,0.027,0
NCFB-001285,0.5675,0.083,0.1028,1.2077,0.0578,0
NCFB-001286,0.128,0.1322,0.1177,-0.6258,0.1974,0
NCFB-001287,0.0717,0.0544,0.1775,-0.1053,0.2494,0
NCFB-001288,0.7505,0.1429,0.1555,0.695,0.0011,0
NCFB-001289,0.2779,0.0499,0.0226,-0.5033,0.1305,0
NCFB-001290,0.4939,0.2954,0.1817,-0.7708,0.0946,0
NCFB-001291,3.3141,0.9435,1.5348,5.1962,1.635,1
NCFB-001292,0.5657,0.1483,0.0074,0.0064,0.0491,0
NCFB-001293,0.7475,0.0044,0.1072,0.6868,0.0898,0
NCFB-001294,0.4489,0.2045,0.0505,0.2585,0.0282,0
NCFB-001295,0.3584,0.2277,0.1271,-0.4807,0.1328,0
NCFB-001296,0.0236,0.2677,0.1198,0.565,0.0605,0
NCFB-001297,0.2188,0.1247,0.0155,-0.8879,0.152,0
NCFB-001298,0.1515,0.0382,0.0174,1.179,0.2797,0
NCFB-001299,0.1736,0.1974,0.1944,-0.9721,0.1087,0
NCFB-001300,0.0223,0.011,0.025,-0.2097,0.6954,0
NCFB-001301,0.1159,0.041,0.1386,-0.8238,0.1728,0
NCFB-001302,0.0224,0.272,0.153,0.8952,0.0298,0
NCFB-001303,0.565,0.1499,0.1362,-0.1282,0.0931,0
NCFB-001304,0.656,0.1163,0.1771,-1.2277,0.0654,0
NCFB-001305,0.3325,0.2067,0.4363,1.1172,0.0361,0
NCFB-001306,0.2651,0.0596,0.0317,0.1041,0.5711,0
NCFB-001307,0.146,0.0669,0.0661,0.411,0.0431,0
NCFB-001308,3.9388,0.9823,1.2258,2.7381,1.9107,1
NCFB-001309,0.1509,0.1259,0.3686,0.9908,0.1292,0
NCFB-001310,0.5568,0.1436,0.3303,0.667,0.0569,0
NCFB-001311,0.2769,0.1056,0.1703,0.3019,0.0869,0
NCFB-001312,1.3701,0.4301,0.1518,-0.3435,0.1768,0
NCFB-001313,0.6016,0.0388,0.0044,-1.0871,0.3863,0
NCFB-001314,0.004,0.2799,0.252,-0.7375,0.4466,0
NCFB-001315,0.0142,0.1244,0.0431,-0.5402,0.0377,0
NCFB-001316,1.91,0.1175,0.0165,0.0377,0.065,0
NCFB-001317,0.3697,0.1163,0.0067,-1.0539,0.1752,0
NCFB-001318,0.4811,0.0863,0.0111,-0.0288,0.093,0
NCFB-001319,0.3182,0.1227,0.0069,0.2551,0.1945,0
NCFB-001320,0.7272,0.088,0.0084,-0.2242,0.1433,0
NCFB-001321,0.0197,0.1908,0.1336,-0.0549,0.5761,0
NCFB-001322,0.1815,0.058,0.1019,0.7695,0.1592,0
NCFB-001323,0.2372,0.2116,0.1775,0.388,0.0081,0
NCFB-001324,0.0594,0.3616,0.1119,-0.7712,0.0196,0
NCFB-001325,0.2755,0.5067,0.0616,-1.0166,0.003,0
NCFB-001326,0.1097,0.2067,0.1236,1.2119,0.1348,0
NCFB-001327,0.2364,0.2138,0.0407,-0.9109,0.0823,0
NCFB-001328,0.243,0.1468,0.0471,-1.1959,0.1046,0
NCFB-001329,0.5729,0.3555,0.3473,-0.4081,0.0052,0
NCFB-001330,0.0502,0.1828,0.2084,-0.3563,0.1429,0
NCFB-001331,0.7839,0.1252,0.0035,0.1439,0.049,0
NCFB-001332,0.6374,0.2232,0.0156,0.7036,0.2746,0
NCFB-001333,0.4138,0.2815,0.098,-0.8683,0.0293,0
NCFB-001334,0.827,0.2506,0.0017,-0.0895,0.0118,0
NCFB-001335,0.1666,0.0245,0.0147,-0.1959,0.0199,0
NCFB-001336,2.3831,0.9781,0.9973,4.0586,2.1311,1
NCFB-001337,0.1222,0.1981,0.2139,0.3073,0.0258,0
NCFB-001338,0.0875,0.1716,0.0553,-0.0029,0.0086,0
NCFB-001339,0.3235,0.1807,0.0421,0.115,0.0654,0
NCFB-001340,0.5049,0.2124,0.1545,-0.3701,0.3632,0
NCFB-001341,0.8336,0.1719,0.0553,0.0307,0.1108,0
NCFB-001342,0.8618,0.5272,0.0427,-0.2391,0.0563,0
NCFB-001343,0.1107,0.2143,0.4619,-1.4552,0.1204,0
NCFB-001344,0.074,0.2681,0.0696,-0.1598,0.1408,0
NCFB-001345,0.5187,0.4485,0.0703,0.1395,0.068,0
NCFB-001346,0.0655,0.195,0.0817,1.1871,0.1609,0
NCFB-001347,0.1386,0.0551,0.0404,1.1148,0.0902,0
NCFB-001348,0.1364,0.0187,0.0484,-1.0036,0.0097,0
NCFB-001349,0.39,0.2225,0.3044,-0.3643,0.099,0
NCFB-001350,0.7509,0.2638,0.1855,-0.6688,0.2747,0
NCFB-001351,0.1425,0.3068,0.0791,0.1859,0.2692,0
NCFB-001352,0.2256,0.0694,0.2169,0.7561,0.1009,0
NCFB-001353,0.0236,0.3563,0.1448,0.1346,0.0864,0
NCFB-001354,0.0094,0.0569,0.2629,-0.0037,0.0221,0
NCFB-001355,0.3237,0.1349,0.2354,0.3298,0.4132,0
NCFB-001356,0.513,0.0595,0.0439,-1.2634,0.0342,0
NCFB-001357,3.3315,0.9701,0.9475,5.2342,2.2738,1
NCFB-001358,0.568,0.0389,0.0736,0.8539,0.0524,0
NCFB-001359,0.3792,0.1866,0.0322,-0.7033,0.0976,0
NCFB-001360,0.6506,0.2311,0.2024,-1.6376,0.1479,0
NCFB-001361,0.1534,0.1195,0.0403,-0.5805,0.9695,0
NCFB-001362,0.1866,0.0376,0.124,-0.3911,0.6205,0
NCFB-001363,2.584,0.7215,1.2705,5.02,1.5181,1
NCFB-001364,0.044,0.3042,0.203,-0.3102,0.3113,0
NCFB-001365,0.4576,0.0178,0.0237,-1.746,0.01,0
NCFB-001366,0.0719,0.0662,0.06,-0.4139,0.0889,0
NCFB-001367,0.6075,0.2823,0.0834,-1.5389,0.4071,0
NCFB-001368,0.0422,0.0794,0.3292,1.1029,0.6305,0
NCFB-001369,0.4125,0.271,0.3314,0.5912,0.0382,0
NCFB-001370,0.188,0.0261,0.1081,-0.3363,0.0113,0
NCFB-001371,0.0457,0.3077,0.0869,0.3805,0.2149,0
NCFB-001372,2.804,0.8966,1.158,3.434,1.9059,1
NCFB-001373,1.2898,0.0458,0.1556,1.2464,0.156,0
NCFB-001374,0.0392,0.2762,0.0979,-0.3756,0.087,0
NCFB-001375,0.3131,0.3286,0.2974,0.1535,0.0611,0
NCFB-001376,0.217,0.069,0.0173,-0.3553,0.104,0
NCFB-001377,0.1798,0.1064,0.054,-1.1757,0.1838,0
NCFB-001378,0.9667,0.1813,0.0335,-0.6331,0.0917,0
NCFB-001379,0.1365,0.0784,0.0265,0.3266,0.0127,0
NCFB-001380,0.0634,0.1267,0.1024,-1.3297,0.0018,0
NCFB-001381,1.2068,0.3575,0.2764,0.5496,0.1234,0
NCFB-001382,0.4325,0.1855,0.0962,-0.1124,0.1648,0
NCFB-001383,1.0039,0.0651,0.1216,1.1776,0.128,0
NCFB-001384,0.0681,0.158,0.0546,-1.4275,0.1808,0
NCFB-001385,3.1161,0.6718,1.2437,4.6033,1.6916,1
NCFB-001386,0.1673,0.224,0.0605,0.817,0.2716,0
NCFB-001387,0.3173,0.1928,0.0333,0.0726,0.076,0
NCFB-001388,0.1467,0.06,0.0333,-0.242,0.3189,0
NCFB-001389,3.0492,0.7541,1.5673,5.0313,1.628,1
NCFB-001390,0.1695,0.207,0.5539,-0.9582,0.1358,0
NCFB-001391,0.0538,0.2011,0.064,-0.4524,0.0484,0
NCFB-001392,0.0648,0.0257,0.2537,0.0344,0.038,0
NCFB-001393,0.4023,0.0713,0.1635,-0.1646,0.0091,0
NCFB-001394,0.1398,0.2304,0.1964,-0.3049,0.0287,0
NCFB-001395,0.0238,0.0644,0.0832,-0.4175,0.0751,0
NCFB-001396,0.439,0.2843,0.0795,0.1767,0.1178,0
NCFB-001397,0.0541,0.1193,0.0613,-0.385,0.1005,0
NCFB-001398,0.4016,0.0986,0.0463,0.2392,0.0341,0
NCFB-001399,0.5028,0.2089,0.013,2.0543,0.2197,0
NCFB-001400,0.3054,0.019,0.1118,-1.3303,0.0383,0
NCFB-001401,0.1399,0.0857,0.0389,-0.6915,0.0198,0
NCFB-001402,0.1826,0.1391,0.0301,-0.1943,0.4065,0
NCFB-001403,0.0746,0.1049,0.3317,0.3093,0.4444,0
NCFB-001404,0.3383,0.114,0.159,-1.6169,0.0401,0
NCFB-001405,0.0267,0.08,0.0077,0.186,0.0027,0
NCFB-001406,0.3344,0.145,0.2223,0.6175,0.0266,0
NCFB-001407,0.2094,0.1569,0.0106,-0.7816,0.068,0
NCFB-001408,0.1353,0.0826,0.0557,0.2425,0.0414,0
NCFB-001409,0.0991,0.2336,0.0008,-0.462,0.0647,0
NCFB-001410,0.0493,0.0772,0.0452,-0.1823,0.1103,0
NCFB-001411,0.2899,0.0327,0.0126,-0.3888,0.0202,0
NCFB-001412,0.2167,0.0397,0.0012,0.7396,0.051,0
NCFB-001413,0.0489,0.2676,0.0178,-0.4407,0.0473,0
NCFB-001414,0.6878,0.1019,0.0239,-0.7213,0.0094,0
NCFB-001415,0.2848,0.0555,0.0434,-0.2484,0.3099,0
NCFB-001416,0.0091,0.0716,0.0929,-0.4585,0.1186,0
NCFB-001417,0.1079,0.012,0.1638,0.0054,0.1456,0
NCFB-001418,0.3018,0.0138,0.099,0.8414,0.4485,0
NCFB-001419,0.2466,0.0974,0.0481,-0.5566,0.038,0
NCFB-001420,0.248,0.1127,0.2687,-0.7136,0.1033,0
NCFB-001421,1.2652,0.0789,0.6965,0.5851,0.1101,0
NCFB-001422,0.7039,0.1576,0.0601,1.5705,0.2315,0
NCFB-001423,0.0102,0.2341,0.4166,1.2595,0.6316,0
NCFB-001424,0.4045,0.2528,0.0225,1.0438,0.0071,0
NCFB-001425,0.1467,0.0405,0.2363,0.3145,0.1107,0
NCFB-001426,0.806,0.1857,0.0109,0.5257,0.3845,0
NCFB-001427,2.7151,0.6634,1.1545,3.608,1.6947,1
NCFB-001428,0.2914,0.1356,0.0244,-0.1067,0.2606,0
NCFB-001429,0.0436,0.0175,0.1224,-0.7248,0.0237,0
NCFB-001430,0.1852,0.0149,0.1753,-0.5681,0.0858,0
NCFB-001431,0.289,0.0905,0.1194,-0.2885,0.1848,0
NCFB-001432,0.2635,0.1196,0.1479,0.2099,0.18,0
NCFB-001433,0.1623,0.0322,0.0566,0.0471,0.3601,0
NCFB-001434,0.5355,0.1701,0.0807,0.4878,0.0241,0
NCFB-001435,0.3902,0.0879,0.1103,0.2668,0.1065,0
NCFB-001436,0.9537,0.3767,0.1663,0.3395,0.0183,0
NCFB-001437,0.0875,0.1199,0.0997,-0.1419,0.1217,0
NCFB-001438,0.2593,0.0323,0.0325,0.4257,0.1678,0
NCFB-001439,0.6101,0.0251,0.2512,-1.0536,0.3125,0
NCFB-001440,0.7303,0.0709,0.1749,1.0369,0.0173,0
NCFB-001441,0.0584,0.162,0.0437,0.185,0.1929,0
NCFB-001442,0.1461,0.0423,0.0929,0.5116,0.3468,0
NCFB-001443,0.4024,0.0127,0.023,0.4189,0.0098,0
NCFB-001444,1.2032,0.0683,0.0155,0.7564,0.0973,0
NCFB-001445,0.8208,0.0694,0.0077,1.3476,0.0553,0
NCFB-001446,0.1679,0.0033,0.1361,0.0704,0.0478,0
NCFB-001447,0.0264,0.061,0.0752,-0.0829,0.0852,0
NCFB-001448,0.0421,0.2262,0.0515,0.1771,0.1843,0
NCFB-001449,0.252,0.161,0.1199,-0.6879,0.1208,0
NCFB-001450,0.1045,0.1025,0.0163,0.9351,0.1507,0
NCFB-001451,0.0922,0.3505,0.559,0.9573,0.1098,0
NCFB-001452,0.5092,0.1787,0.0821,0.6711,0.0132,0
NCFB-001453,0.1018,0.3344,0.0731,0.6372,0.0524,0
NCFB-001454,0.0639,0.1904,0.0501,-0.3851,0.2216,0
NCFB-001455,0.3876,0.4428,0.2596,-0.9671,0.0073,0
NCFB-001456,0.8279,0.4351,0.2077,-0.0505,0.045,0
NCFB-001457,0.2629,0.3918,0.0041,0.1314,0.2364,0
NCFB-001458,0.197,0.1358,0.0825,0.4079,0.1567,0
NCFB-001459,0.3022,0.1851,0.3382,-1.5823,0.1649,0
NCFB-001460,0.1944,0.2188,0.0427,-0.2211,0.1005,0
NCFB-001461,1.2144,0.1435,0.0624,-0.5729,0.0656,0
NCFB-001462,0.3371,0.0618,0.0643,0.0855,0.3084,0
NCFB-001463,0.131,0.233,0.067,0.1377,0.0909,0
NCFB-001464,0.0404,0.1752,0.0753,-0.128,0.0065,0
NCFB-001465,0.2002,0.0249,0.172,1.463,0.0362,0
NCFB-001466,0.15,0.1961,0.06,0.7669,0.1981,0
NCFB-001467,0.5695,0.1959,0.1062,0.1044,0.1322,0
NCFB-001468,0.1158,0.1306,0.1028,-0.1063,0.161,0
NCFB-001469,0.4271,0.1183,0.1367,-0.2143,0.0303,0
NCFB-001470,0.4319,0.0748,0.0871,-0.1975,0.0205,0
NCFB-001471,0.0329,0.1949,0.1466,1.4254,0.1585,0
NCFB-001472,0.8068,0.1254,0.33,-0.7718,0.0913,0
NCFB-001473,0.0005,0.1108,0.2268,-1.0638,0.2783,0
NCFB-001474,0.3441,0.1282,0.0358,0.7195,0.197,0
NCFB-001475,0.358,0.0241,0.1459,0.9688,0.345,0
NCFB-001476,0.0824,0.5396,0.3369,-0.2627,0.0482,0
NCFB-001477,0.6152,0.006,0.0331,0.1731,0.7104,0
NCFB-001478,3.688,0.8471,1.0899,4.5519,1.6005,1
NCFB-001479,0.1444,0.16,0.0388,-1.1037,0.1353,0
NCFB-001480,0.097,0.2973,0.024,1.9883,0.3511,0
NCFB-001481,3.5236,0.8149,1.4747,5.2181,1.5887,1
NCFB-001482,0.0657,0.25,0.1841,1.0979,0.087,0
NCFB-001483,0.0671,0.3466,0.0019,0.4409,0.0944,0
NCFB-001484,0.149,0.0348,0.2423,-0.5367,0.1751,0
NCFB-001485,0.0825,0.1522,0.1628,-0.2649,0.4669,0
NCFB-001486,0.7059,0.2817,0.0978,0.5358,0.0614,0
NCFB-001487,0.3547,0.0437,0.2043,-0.9877,0.0197,0
NCFB-001488,0.6677,0.2557,0.3417,0.015,0.3313,0
NCFB-001489,0.1419,0.0573,0.1044,0.6747,0.0641,0
NCFB-001490,0.1538,0.2358,0.0573,-0.8682,0.2748,0
NCFB-001491,0.2487,0.0754,0.0104,-0.2491,0.3352,0
NCFB-001492,0.023,0.1167,0.0368,1.136,0.9977,0
NCFB-001493,0.0642,0.6089,0.0316,0.8149,0.4247,0
NCFB-001494,0.155,0.1296,0.0517,-0.215,0.1782,0
NCFB-001495,1.0275,0.1375,0.0091,0.4177,0.4608,0
NCFB-001496,0.3842,0.3027,0.0921,-0.644,0.0327,0
NCFB-001497,0.3025,0.1512,0.2205,0.4732,0.4739,0
NCFB-001498,0.2767,0.0849,0.0426,0.4569,0.1782,0
NCFB-001499,0.7683,0.3267,0.2305,-0.7923,0.1514,0
NCFB-001500,2.7011,0.8835,1.4449,5.1638,1.7995,1
NCFB-001501,0.0448,0.1658,0.0933,-0.3246,0.0312,0
NCFB-001502,0.3661,0.2409,0.0271,0.8009,0.2912,0
NCFB-001503,1.4476,0.2484,0.2744,0.2514,0.5715,0
NCFB-001504,0.3051,0.3014,0.4327,-0.1467,0.0793,0
NCFB-001505,0.0883,0.1574,0.025,-0.8205,0.0555,0
NCFB-001506,0.0107,0.1485,0.0087,-0.7314,0.1008,0
NCFB-001507,0.0188,0.1293,0.0619,0.3372,0.0621,0
NCFB-001508,0.5639,0.0686,0.1288,0.595,0.078,0
NCFB-001509,0.0345,0.0992,0.121,-0.4068,0.0362,0
NCFB-001510,0.0324,0.2329,0.1948,-0.0744,0.0208,0
NCFB-001511,0.2476,0.1424,0.1629,-0.2511,0.0229,0
NCFB-001512,0.6734,0.145,0.001,0.2597,0.009,0
NCFB-001513,0.3092,0.3411,0.0719,0.2348,0.1196,0
NCFB-001514,0.1215,0.0372,0.1061,-0.1837,0.1532,0
NCFB-001515,0.0173,0.0109,0.0912,1.412,0.0827,0
NCFB-001516,0.0725,0.1143,0.1218,0.8742,0.0362,0
NCFB-001517,0.257,0.1686,0.0616,-2.0349,0.2711,0
NCFB-001518,0.2034,0.4597,0.1512,-0.6172,0.0102,0
NCFB-001519,0.5444,0.0914,0.1561,1.0798,0.3006,0
NCFB-001520,0.0488,0.0597,0.1197,-0.3484,0.4095,0
NCFB-001521,4.1056,0.859,1.39,4.8006,1.739,1
NCFB-001522,0.3846,0.0918,0.0093,0.0584,0.0461,0
NCFB-001523,0.1149,0.0965,0.0468,-0.4746,0.1404,0
NCFB-001524,0.5144,0.0646,0.0099,-0.9242,0.0256,0
NCFB-001525,0.032,0.1955,0.0839,0.2424,0.1901,0
NCFB-001526,0.1315,0.1287,0.1525,-0.6828,0.129,0
NCFB-001527,0.2118,0.0497,0.0271,-0.4746,0.2686,0
NCFB-001528,0.3107,0.0809,0.0561,-0.7806,0.0098,0
NCFB-001529,0.304,0.1484,0.1483,-0.3061,0.0137,0
NCFB-001530,0.1365,0.1822,0.0595,0.4298,0.068,0
NCFB-001531,0.1077,0.0541,0.1048,-0.5891,0.2545,0
NCFB-001532,0.0691,0.1118,0.0034,-0.9244,0.2973,0
NCFB-001533,0.584,0.0861,0.14,-0.6755,0.0501,0
NCFB-001534,0.4603,0.371,0.0155,1.1458,0.3097,0
NCFB-001535,0.4605,0.2741,0.1408,1.1219,0.0514,0
NCFB-001536,0.1879,0.0313,0.1692,0.4087,0.142,0
NCFB-001537,0.5815,0.2261,0.3189,-0.1484,0.0185,0
NCFB-001538,0.4012,0.2172,0.0641,0.7897,0.4371,0
NCFB-001539,0.3432,0.0212,0.3375,1.6438,0.2259,0
NCFB-001540,0.476,0.0374,0.2311,-1.1689,0.0265,0
NCFB-001541,0.3147,0.119,0.0019,-0.1846,0.0289,0
NCFB-001542,3.5099,0.7127,0.9264,5.0814,2.2144,1
NCFB-001543,0.3169,0.1907,0.3182,1.7066,0.1335,0
NCFB-001544,0.0829,0.0586,0.0524,0.873,0.3269,0
NCFB-001545,3.5548,0.7739,0.9121,3.4774,1.6103,1
NCFB-001546,0.3076,0.3255,0.0991,-0.134,0.3238,0
NCFB-001547,0.009,0.0603,0.1233,0.9718,0.0063,0
NCFB-001548,0.0347,0.0569,0.3003,-0.673,0.1587,0
NCFB-001549,0.9965,0.2501,0.0405,0.6463,0.3623,0
NCFB-001550,0.0614,0.3875,0.1747,1.9104,0.6109,0
NCFB-001551,0.3199,0.3974,0.0474,0.4911,0.6814,0
NCFB-001552,0.3061,0.0329,0.3816,-1.1276,0.4779,0
NCFB-001553,0.457,0.0957,0.1585,0.6537,0.3073,0
NCFB-001554,3.0253,0.6937,1.1906,4.7216,2.186,1
NCFB-001555,0.5312,0.0193,0.0273,0.0871,0.3954,0
NCFB-001556,0.3626,0.2675,0.6274,1.6889,0.0859,0
NCFB-001557,3.9649,0.8244,1.2978,4.7432,1.9592,1
NCFB-001558,0.0264,0.106,0.0248,0.5459,0.3198,0
NCFB-001559,0.8831,0.188,0.2105,0.7308,0.2745,0
NCFB-001560,0.2288,0.0411,0.1036,0.3194,0.02,0
NCFB-001561,0.4763,0.1281,0.0142,0.1252,0.2588,0
NCFB-001562,2.9466,0.6449,1.2033,3.6964,1.7583,1
NCFB-001563,2.9177,0.8464,1.5092,4.1113,1.6862,1
NCFB-001564,0.2332,0.1247,0.0198,-0.5833,0.3472,0
NCFB-001565,0.1017,0.1091,0.0936,-0.8856,0.0037,0
NCFB-001566,0.2855,0.1113,0.2063,0.4955,0.0952,0
NCFB-001567,0.657,0.2802,0.0472,-0.2954,0.1633,0
NCFB-001568,0.3811,0.0414,0.1239,-0.6081,0.0564,0
NCFB-001569,0.0291,0.034,0.052,-0.2648,0.2198,0
NCFB-001570,1.7943,3.4619,-0.0712,0.7438,0.377,1
NCFB-001571,0.1537,0.4177,0.1842,-0.1687,0.3217,0
NCFB-001572,1.238,0.1856,0.0138,0.6436,0.3631,0
NCFB-001573,0.4906,0.1445,0.1373,-2.2451,0.0549,0
NCFB-001574,0.0032,0.1538,0.0068,1.2799,0.1121,0
NCFB-001575,1.2315,1.5284,1.6252,2.16,1.4158,1
NCFB-001576,0.3345,0.1018,0.2704,-0.5548,0.0551,0
NCFB-001577,0.3633,0.2859,0.0138,0.9658,0.2303,0
NCFB-001578,0.1213,0.1017,0.0142,0.5138,0.0702,0
NCFB-001579,0.1845,0.2434,0.0808,0.6107,0.3461,0
NCFB-001580,0.2672,0.2633,0.0243,0.5466,0.1243,0
NCFB-001581,0.4288,0.1883,0.3776,-1.1212,0.117,0
NCFB-001582,0.165,0.3403,0.0059,0.0773,0.2167,0
NCFB-001583,0.485,0.2427,0.0961,-0.5649,0.1337,0
NCFB-001584,0.3016,0.1162,0.0305,0.1521,0.0235,0
NCFB-001585,0.1451,0.0558,0.0908,0.6113,0.4757,0
NCFB-001586,0.7853,0.1107,0.3026,0.5355,0.0487,0
NCFB-001587,0.4737,0.1959,0.0347,-0.6091,0.2845,0
NCFB-001588,0.118,0.3148,0.0366,-0.2951,0.0006,0
NCFB-001589,1.03,0.1469,0.3789,-0.6013,0.0015,0
NCFB-001590,3.5828,0.8765,1.0146,4.399,1.5723,1
NCFB-001591,0.8648,0.2168,0.0564,-0.2156,0.6754,0
NCFB-001592,0.0218,0.0795,0.2069,1.5694,0.1172,0
NCFB-001593,0.4022,0.0579,0.1554,1.8269,0.1356,0
NCFB-001594,0.0614,0.0456,0.0208,0.2648,0.2236,0
NCFB-001595,0.22,0.0695,0.0084,0.2064,0.3054,0
NCFB-001596,0.1281,0.2313,0.2244,-0.2745,0.0726,0
NCFB-001597,0.2699,0.1458,0.0013,-0.7509,0.0153,0
NCFB-001598,0.2513,0.2775,0.0464,-0.2122,0.1658,0
NCFB-001599,0.0569,0.1753,0.031,-0.0461,0.1306,0
NCFB-001600,1.1681,0.2417,0.3529,-0.9986,0.1578,0
NCFB-001601,0.2323,0.1764,0.0689,1.0038,0.1036,0
NCFB-001602,0.7023,0.1599,0.0534,0.5644,0.0585,0
NCFB-001603,2.3793,0.831,1.2436,5.0719,2.1095,1
NCFB-001604,1.0771,0.2141,0.1018,-0.3759,0.3968,0
NCFB-001605,3.2617,0.7296,1.4669,3.7411,2.1784,1
NCFB-001606,0.1406,0.3133,0.0865,0.7536,0.0636,0
NCFB-001607,0.5249,0.136,0.4686,0.1695,0.0233,0
NCFB-001608,0.0723,0.2071,0.3345,-0.4476,0.2549,0
NCFB-001609,3.9468,0.7226,1.0072,5.3638,1.8803,1
NCFB-001610,0.0545,0.0067,0.1525,0.9715,0.0463,0
NCFB-001611,0.0549,0.1771,0.1697,1.2121,0.0385,0
NCFB-001612,0.1185,0.118,0.2735,1.3207,0.0755,0
NCFB-001613,0.0178,0.4763,0.0486,-0.1313,0.1993,0
NCFB-001614,0.4797,0.2068,0.1388,-0.1694,0.2616,0
NCFB-001615,1.2399,0.1441,0.1907,-0.3291,0.0804,0
NCFB-001616,0.3615,0.3227,0.1092,1.007,0.3494,0
NCFB-001617,0.1456,0.1094,0.0668,1.1031,0.1587,0
NCFB-001618,0.3349,0.1568,0.3235,0.3839,0.1892,0
NCFB-001619,1.0159,0.3061,0.3076,-0.3082,0.0545,0
NCFB-001620,0.2429,0.0401,0.0484,-1.3789,0.0266,0
NCFB-001621,0.4774,0.1108,0.0874,-0.3391,0.0507,0
NCFB-001622,0.4985,0.0481,0.3825,-0.6731,0.4117,0
NCFB-001623,0.2571,0.1053,0.0568,-1.4882,0.0599,0
NCFB-001624,0.0089,0.2736,0.0375,-1.6159,0.1315,0
NCFB-001625,0.3023,0.1322,0.2031,0.6252,0.1766,0
NCFB-001626,0.0763,0.4779,0.0244,0.0308,0.0337,0
NCFB-001627,0.446,0.0549,0.26,-0.4852,0.0328,0
NCFB-001628,0.24,0.0325,0.0979,-0.4447,0.0455,0
NCFB-001629,0.4309,0.0993,0.0294,-0.0115,0.129,0
NCFB-001630,0.6595,0.019,0.0539,-0.3072,0.1957,0
NCFB-001631,0.4618,0.2063,0.1167,0.0959,0.1052,0
NCFB-001632,0.6038,0.1072,0.0442,0.0632,0.6109,0
NCFB-001633,3.4555,0.9254,1.3934,4.9667,2.032,1
NCFB-001634,0.0078,0.1232,0.0265,-0.8497,0.0181,0
NCFB-001635,0.1354,0.1098,0.0621,-0.8586,0.302,0
NCFB-001636,0.4681,0.0065,0.1047,0.3065,0.007,0
NCFB-001637,0.6717,0.1093,0.387,0.6507,0.0796,0
NCFB-001638,0.2914,0.1951,0.193,1.0699,0.3161,0
NCFB-001639,0.0131,0.451,0.2485,-0.0549,0.0134,0
NCFB-001640,0.0368,0.3107,0.1129,0.0314,0.0439,0
NCFB-001641,0.0265,0.1348,0.0253,0.0209,0.2138,0
NCFB-001642,0.0967,0.0537,0.1485,0.5448,0.1504,0
NCFB-001643,0.0702,0.0782,0.1173,0.6254,0.0932,0
NCFB-001644,0.2247,0.1057,0.0372,-0.3742,0.0479,0
NCFB-001645,0.4531,0.3158,0.0482,0.2568,0.4684,0
NCFB-001646,0.1821,0.0933,0.1094,-0.8244,0.4213,0
NCFB-001647,0.0373,0.2232,0.1738,-0.602,0.1044,0
NCFB-001648,0.1293,0.1055,0.1252,-0.9076,0.2264,0
NCFB-001649,0.1083,0.0389,0.0538,0.125,0.0043,0
NCFB-001650,0.1546,0.0265,0.0563,0.5052,0.3909,0
NCFB-001651,0.5213,0.0429,0.2149,0.1846,0.3012,0
NCFB-001652,3.4311,0.8862,1.0546,3.9776,1.5516,1
NCFB-001653,0.0176,0.1842,0.0107,-1.5396,0.1612,0
NCFB-001654,1.0092,0.3621,0.0135,0.4912,0.4067,0
NCFB-001655,0.59,0.093,0.1749,-0.4507,0.1536,0
NCFB-001656,0.3984,0.2627,0.195,-0.0725,0.1022,0
NCFB-001657,0.3745,0.1237,0.1495,-0.0865,0.3882,0
NCFB-001658,0.1334,0.1311,0.1158,-0.5081,0.1102,0
NCFB-001659,0.3898,0.2272,0.0513,0.4573,0.0233,0
NCFB-001660,0.0141,0.1502,0.2011,0.1257,0.2188,0
NCFB-001661,1.1573,0.0857,0.0016,0.0536,0.0831,0
NCFB-001662,2.6149,0.7717,1.1812,4.1501,1.9362,1
NCFB-001663,0.0311,0.0822,0.0371,-1.3065,0.1375,0
NCFB-001664,0.2403,0.216,0.0068,0.6769,0.166,0
NCFB-001665,0.0557,0.0914,0.2539,1.4106,0.2162,0
NCFB-001666,0.0427,0.2405,0.1403,2.8925,0.0372,0
NCFB-001667,0.4129,0.1255,0.0844,0.1915,0.2289,0
NCFB-001668,0.3635,0.2624,0.0911,1.4301,0.0997,0
NCFB-001669,0.5738,0.0112,0.0555,1.3045,0.1289,0
NCFB-001670,0.2066,0.0143,0.0434,0.1473,0.0734,0
NCFB-001671,0.236,0.2558,0.0554,0.0994,0.0651,0
NCFB-001672,0.056,0.3069,0.1899,0.0425,0.0379,0
NCFB-001673,0.0907,0.2542,0.1882,-0.5818,0.0111,0
NCFB-001674,0.2428,0.4106,0.0032,0.1486,0.0528,0
NCFB-001675,0.801,0.1298,0.1367,0.3776,0.264,0
NCFB-001676,0.2443,0.0806,0.2593,-0.4576,0.295,0
NCFB-001677,1.1893,0.3027,0.0018,-0.093,0.0965,0
NCFB-001678,0.3511,0.1766,0.1286,-0.7285,0.1608,0
NCFB-001679,0.0257,0.1279,0.0163,-0.6021,0.097,0
NCFB-001680,0.1691,0.103,0.1886,-0.1544,0.2334,0
NCFB-001681,0.2409,0.3081,0.0541,0.3587,0.2151,0
NCFB-001682,0.0177,0.2007,0.0426,0.0329,0.0284,0
NCFB-001683,0.8956,0.2143,0.0493,-0.3392,0.2388,0
NCFB-001684,0.0104,0.177,0.0284,-0.9585,0.0949,0
NCFB-001685,0.145,0.0256,0.0472,-0.065,0.2045,0
NCFB-001686,0.2558,0.0986,0.0304,-0.0717,0.152,0
NCFB-001687,0.5091,0.2637,0.2458,0.1337,0.0799,0
NCFB-001688,0.1262,0.067,0.0166,0.4645,0.007,0
NCFB-001689,1.2706,0.1516,0.1117,-0.8852,0.0128,0
NCFB-001690,0.6159,0.1077,0.1569,0.1823,0.0106,0
NCFB-001691,0.0415,0.1291,0.3159,-0.7285,0.247,0
NCFB-001692,0.1809,0.1266,0.0441,-0.2785,0.07,0
NCFB-001693,0.2154,0.2205,0.0395,0.6171,0.013,0
NCFB-001694,3.178,0.7652,1.0741,5.6269,1.7718,1
NCFB-001695,0.347,0.1615,0.0102,0.1679,0.1696,0
NCFB-001696,0.036,0.364,0.1009,-0.862,0.0636,0
NCFB-001697,0.2015,0.1917,0.0607,-0.1201,0.4465,0
NCFB-001698,0.1689,0.2484,0.0711,0.7298,0.1047,0
NCFB-001699,0.177,0.0766,0.0312,-0.4448,0.181,0
NCFB-001700,0.0979,0.274,0.1107,-0.3855,0.3632,0
NCFB-001701,0.4396,0.1889,0.2969,0.3893,0.0429,0
NCFB-001702,2.499,0.4188,0.206,-1.702,0.0831,0
NCFB-001703,0.2262,0.0107,0.0194,-0.696,0.1583,0
NCFB-001704,0.0363,0.0057,0.111,-0.4992,0.3841,0
NCFB-001705,0.0622,0.032,0.0321,0.4274,0.0255,0
NCFB-001706,0.1362,0.1489,0.0538,-1.495,0.3601,0
NCFB-001707,0.2855,0.2223,0.2446,1.0461,0.0792,0
NCFB-001708,0.0181,0.1631,0.1163,0.5171,0.0214,0
NCFB-001709,0.0749,0.0844,0.1424,-0.4978,0.3063,0
NCFB-001710,0.0849,0.2272,0.0595,1.1474,0.326,0
NCFB-001711,0.0163,0.3677,0.1715,0.4963,0.0761,0
NCFB-001712,0.0256,0.3063,0.0875,0.2443,0.1094,0
NCFB-001713,0.0652,0.0711,0.1956,0.3966,0.0123,0
NCFB-001714,0.9876,0.2002,0.0487,1.7022,0.0329,0
NCFB-001715,0.029,0.0239,0.0874,-1.64,0.0952,0
NCFB-001716,0.1297,0.182,0.2475,-0.1107,0.2105,0
NCFB-001717,0.2047,0.1617,0.1745,0.6589,0.1311,0
NCFB-001718,0.3964,0.1616,0.2375,0.7799,0.0876,0
NCFB-001719,0.011,0.0891,0.1194,1.8856,0.0063,0
NCFB-001720,0.2023,0.1453,0.0465,-1.1353,0.1235,0
NCFB-001721,0.324,0.1166,0.0545,-0.042,0.0265,0
NCFB-001722,0.5846,0.1678,0.0103,1.4586,0.2745,0
NCFB-001723,0.1429,0.0722,0.1078,1.5718,0.1305,0
NCFB-001724,0.0969,0.1058,0.0523,0.4644,0.0205,0
NCFB-001725,0.5643,0.1964,0.0003,-0.9561,0.2489,0
NCFB-001726,0.2081,0.2112,0.221,1.048,0.0463,0
NCFB-001727,0.4986,0.068,0.0303,0.3897,0.0394,0
NCFB-001728,0.0317,0.1047,0.1878,1.3696,0.1114,0
NCFB-001729,0.8285,0.1476,0.1164,0.8381,0.0395,0
NCFB-001730,0.7808,0.3416,0.0852,-0.1882,0.0837,0
NCFB-001731,0.1262,0.1354,0.0641,0.2627,0.0422,0
NCFB-001732,0.1066,0.4325,0.2078,2.2936,0.0237,0
NCFB-001733,0.1127,0.0913,0.0006,0.2805,0.0076,0
NCFB-001734,0.0511,0.1845,0.0396,1.1446,0.0865,0
NCFB-001735,0.0296,0.0885,0.0241,-0.9361,0.1085,0
NCFB-001736,0.6577,0.1813,0.0233,-0.5197,0.2065,0
NCFB-001737,0.0514,0.2955,0.0992,0.537,0.0909,0
NCFB-001738,0.3145,0.193,0.027,-0.2137,0.5235,0
NCFB-001739,0.3857,0.1926,0.2909,-0.3864,0.0382,0
NCFB-001740,0.4324,0.0396,0.0241,0.7553,0.2635,0
NCFB-001741,0.6337,0.2087,0.0998,0.9051,0.2307,0
NCFB-001742,0.6719,0.2666,0.2471,0.4958,0.0165,0
NCFB-001743,0.0071,0.1248,0.0341,0.2863,0.0309,0
NCFB-001744,2.7346,0.6987,1.1331,4.0175,1.6567,1
NCFB-001745,0.0051,0.0327,0.0761,1.5803,0.2281,0
NCFB-001746,2.2419,0.1462,0.0078,0.2911,0.1621,0
NCFB-001747,0.0432,0.2268,0.0057,-0.3864,0.2018,0
NCFB-001748,0.0828,0.0806,0.2104,-0.6499,0.0035,0
NCFB-001749,0.5073,0.2255,0.0561,-0.3069,0.3613,0
NCFB-001750,0.039,0.0104,0.1667,0.1252,0.331,0
NCFB-001751,3.8119,2.1584,2.2388,2.3086,2.3503,0
NCFB-001752,0.1536,0.2303,0.0832,-1.2617,0.5877,0
NCFB-001753,1.1736,0.2321,0.2062,0.2626,0.0852,0
NCFB-001754,0.0038,0.1847,0.1339,0.2751,0.0466,0
NCFB-001755,0.1231,0.1396,0.0543,0.2832,0.1338,0
NCFB-001756,0.9049,0.2762,0.0701,-0.9032,0.0663,0
NCFB-001757,0.5752,0.1612,0.1147,0.0639,0.0572,0
NCFB-001758,0.2786,0.1896,0.1039,0.7771,0.0746,0
NCFB-001759,0.3077,0.0975,0.2577,-0.6913,0.1907,0
NCFB-001760,0.2776,0.0209,0.001,0.0388,0.3892,0
NCFB-001761,0.0484,0.0928,0.0967,-0.2027,0.1523,0
NCFB-001762,0.1797,0.1178,0.0578,-0.9435,0.1693,0
NCFB-001763,0.0169,0.0239,0.0275,-0.3302,0.225,0
NCFB-001764,0.6066,0.0174,0.0024,0.6973,0.3,0
NCFB-001765,0.2836,0.0169,0.1947,0.7113,0.0035,0
NCFB-001766,0.2829,0.2688,0.247,1.3126,0.2295,0
NCFB-001767,0.0085,0.0113,0.2114,0.3574,0.074,0
NCFB-001768,0.4602,0.185,0.044,-0.6627,0.0759,0
NCFB-001769,0.6091,0.2503,0.0689,-0.5721,0.0391,0
NCFB-001770,0.278,0.0533,0.0542,0.2476,0.126,0
NCFB-001771,0.1844,0.3984,0.2155,0.1709,0.01,0
NCFB-001772,1.0338,0.2813,0.1378,0.766,0.0973,0
NCFB-001773,1.0151,0.0909,0.1846,0.0839,0.0718,0
NCFB-001774,0.1563,0.1517,0.0471,-0.6332,0.019,0
NCFB-001775,1.6236,0.1138,0.0631,0.3585,0.1398,0
NCFB-001776,0.2718,0.185,0.1274,0.0951,0.2516,0
NCFB-001777,0.8345,0.1755,0.0702,0.7532,0.5279,0
NCFB-001778,0.1932,0.3689,0.2858,-0.259,0.2256,0
NCFB-001779,0.3061,0.0683,0.0212,0.6694,0.0811,0
NCFB-001780,0.1318,0.2297,0.1705,-0.4341,0.2237,0
NCFB-001781,0.0269,0.0459,0.0729,-0.9338,0.1422,0
NCFB-001782,0.3591,0.1332,0.2484,-0.2915,0.1158,0
NCFB-001783,0.4627,0.119,0.246,-0.963,0.1398,0
NCFB-001784,0.3645,0.1658,0.0222,-0.5193,0.4664,0
NCFB-001785,1.0732,0.0963,0.1542,0.1736,0.0658,0
NCFB-001786,0.1517,0.0396,0.1112,0.7357,0.2574,0
NCFB-001787,0.0241,0.1593,0.0716,-0.2289,0.24,0
NCFB-001788,0.064,0.1118,0.0073,0.6473,0.4101,0
NCFB-001789,0.0051,0.445,0.0755,-0.1886,0.1453,0
NCFB-001790,0.2312,0.2897,0.1695,0.4761,0.0115,0
NCFB-001791,0.1871,0.4925,0.3786,0.305,0.1117,0
NCFB-001792,0.0374,0.2354,0.365,-0.1094,0.006,0
NCFB-001793,0.3214,0.1063,0.203,-0.3899,0.0138,0
NCFB-001794,0.5067,0.4498,0.001,-0.4699,0.0976,0
NCFB-001795,0.2967,0.1313,0.1248,0.2469,0.2042,0
NCFB-001796,0.0703,0.1684,0.0428,-0.937,0.1985,0
NCFB-001797,1.3246,0.0883,0.0432,-0.1065,0.402,0
NCFB-001798,0.836,0.1126,0.0143,1.0749,0.0459,0
NCFB-001799,0.5698,0.0208,0.5193,-0.4937,0.2089,0
NCFB-001800,1.2303,0.4469,0.0133,-1.468,0.0443,0
NCFB-001801,0.0394,0.2752,0.1774,0.3501,0.072,0
NCFB-001802,0.0,0.2029,0.0374,-0.5124,0.0657,0
NCFB-001803,0.02,0.0682,0.0976,-0.139,0.0213,0
NCFB-001804,0.0702,0.144,0.0922,2.0022,0.0641,0
NCFB-001805,0.0439,0.4369,0.0626,0.2714,0.3026,0
NCFB-001806,1.3394,0.1563,0.0397,-0.7514,0.016,0
NCFB-001807,0.038,0.1192,0.0965,0.0581,0.0431,0
NCFB-001808,0.0205,0.1282,0.0024,-0.4558,0.2208,0
NCFB-001809,0.9169,0.1455,0.1142,-0.1761,0.3451,0
NCFB-001810,0.0754,0.1328,0.0548,-0.0408,0.0034,0
NCFB-001811,3.1988,0.7998,1.3033,4.8974,1.8095,1
NCFB-001812,0.2186,0.1728,0.0439,-1.5842,0.2717,0
NCFB-001813,0.225,0.3781,0.1132,1.0304,0.1076,0
NCFB-001814,0.157,0.2126,0.0941,1.1513,0.2552,0
NCFB-001815,0.1579,0.0941,0.0965,1.447,0.2112,0
NCFB-001816,0.2334,0.1031,0.0181,-0.2341,0.0993,0
NCFB-001817,0.0168,0.0819,0.0263,1.255,0.1377,0
NCFB-001818,0.8632,0.046,0.0336,-0.2975,0.095,0
NCFB-001819,0.0545,0.2747,0.06,0.4434,0.0266,0
NCFB-001820,0.0587,0.1434,0.1272,1.8061,0.0454,0
NCFB-001821,0.0446,0.1289,0.1269,-0.0723,0.1638,0
NCFB-001822,0.1939,0.1857,0.0427,0.323,0.0703,0
NCFB-001823,0.4267,0.183,0.1623,-1.6918,0.0237,0
NCFB-001824,0.135,0.3634,0.0784,-1.3486,0.1313,0
NCFB-001825,0.0947,0.146,0.2076,-0.3894,0.0386,0
NCFB-001826,0.0709,0.1531,0.1576,0.6682,0.0259,0
NCFB-001827,0.5048,0.1203,0.0968,0.5851,0.1437,0
NCFB-001828,0.6033,0.0699,0.1231,-1.675,0.1003,0
NCFB-001829,0.1723,0.0345,0.0261,0.8185,0.1452,0
NCFB-001830,0.0083,0.0745,0.0365,-1.0989,0.0749,0
NCFB-001831,1.0934,0.0213,0.0175,0.5905,0.6626,0
NCFB-001832,0.1674,0.0305,0.0528,0.916,0.0599,0
NCFB-001833,0.4084,0.029,0.1152,-0.8826,0.209,0
NCFB-001834,0.1103,0.1236,0.0921,1.3011,0.0773,0
NCFB-001835,0.2145,0.0451,0.0256,-0.4606,0.2607,0
NCFB-001836,0.2308,0.0721,0.1026,0.0485,0.1004,0
NCFB-001837,0.0589,0.0737,0.224,-1.955,0.2801,0
NCFB-001838,0.089,0.0643,0.139,-0.7549,0.0112,0
NCFB-001839,0.4395,0.0871,0.0551,0.195,0.204,0
NCFB-001840,0.6847,0.4602,0.0968,0.0366,0.0284,0
NCFB-001841,0.341,0.1893,0.0514,-0.8294,0.2731,0
NCFB-001842,0.1568,0.0847,0.1637,-0.7207,0.1815,0
NCFB-001843,0.2342,0.1763,0.066,0.2168,0.1556,0
NCFB-001844,0.0246,0.1626,0.1807,-0.9086,0.0292,0
NCFB-001845,1.3313,0.2684,0.1008,0.1439,0.0999,0
NCFB-001846,0.0453,0.1683,0.1382,-0.2285,0.1274,0
NCFB-001847,0.3946,0.0882,0.0174,-0.7907,0.0246,0
NCFB-001848,0.804,0.2442,0.1763,-1.276,0.1317,0
NCFB-001849,0.0531,0.1067,0.1005,-1.1701,0.6628,0
NCFB-001850,0.0024,0.2778,0.0352,-1.0834,0.0957,0
NCFB-001851,0.0976,0.1604,0.111,1.3268,0.7284,0
NCFB-001852,0.1007,0.2791,0.0067,-1.2653,0.0348,0
NCFB-001853,0.301,0.0512,0.0355,0.5021,0.1744,0
NCFB-001854,0.4184,0.1055,0.068,-0.8671,0.4485,0
NCFB-001855,0.1097,0.3852,0.097,-1.5842,0.0832,0
NCFB-001856,1.0392,0.1997,0.019,-0.5309,0.0531,0
NCFB-001857,0.24,0.3127,0.0388,-0.0307,0.2683,0
NCFB-001858,0.2414,0.1292,0.0689,-0.419,0.1229,0
NCFB-001859,0.2091,0.1804,0.0475,-0.019,0.5251,0
NCFB-001860,0.6603,0.0527,0.1131,-0.8278,0.155,0
NCFB-001861,0.5865,0.1499,0.0576,-0.43,0.0511,0
NCFB-001862,0.2839,0.2519,0.019,-1.7531,0.0646,0
NCFB-001863,1.4823,0.0307,0.0261,-0.6571,0.3443,0
NCFB-001864,0.4335,0.344,0.0729,-1.3507,0.0432,0
NCFB-001865,0.8798,0.0822,0.1957,0.6768,0.2099,0
NCFB-001866,0.0584,0.1689,0.0165,0.2499,0.0077,0
NCFB-001867,0.1143,0.1543,0.0573,-0.5478,0.2,0
NCFB-001868,0.0382,0.0848,0.0722,0.1591,0.2363,0
NCFB-001869,0.4515,0.4403,0.0848,-0.4398,0.6022,0
NCFB-001870,0.172,0.1058,0.0856,-0.1816,0.0257,0
NCFB-001871,3.7543,0.9767,1.4031,4.856,1.4441,1
NCFB-001872,1.2573,0.0265,0.2602,0.3155,0.2066,0
NCFB-001873,0.1023,0.1458,0.029,-0.7282,0.2833,0
NCFB-001874,0.9666,0.0671,0.1726,-0.2561,0.0581,0
NCFB-001875,0.3114,0.1503,0.0141,0.4113,0.0033,0
NCFB-001876,0.0833,0.2587,0.1553,0.3428,0.576,0
NCFB-001877,0.1355,0.0849,0.1045,0.0578,0.3544,0
NCFB-001878,0.0636,0.0312,0.2657,-0.241,0.1684,0
NCFB-001879,1.0787,0.0266,0.0565,0.0552,0.0033,0
NCFB-001880,0.1076,0.083,0.3054,-0.2767,0.0131,0
NCFB-001881,0.3718,0.4123,0.0485,0.4071,0.0795,0
NCFB-001882,0.0904,0.0898,0.0926,1.0474,0.2192,0
NCFB-001883,0.0051,0.1598,0.1225,-0.2511,0.1239,0
NCFB-001884,0.6849,0.0522,0.0045,0.5421,0.2955,0
NCFB-001885,0.2361,0.1049,0.2766,-0.8269,0.1254,0
NCFB-001886,0.1359,0.107,0.0409,-0.3249,0.1682,0
NCFB-001887,0.0016,0.1585,0.0998,1.7015,0.1247,0
NCFB-001888,1.3824,0.1622,0.2126,1.5185,0.4237,0
NCFB-001889,0.2891,0.0527,0.0461,-0.0659,0.0333,0
NCFB-001890,0.1514,0.081,0.193,-0.044,0.0046,0
NCFB-001891,2.9733,0.8915,1.3187,4.0471,2.0297,1
NCFB-001892,0.0583,0.2359,0.063,1.1742,0.1345,0
NCFB-001893,0.2227,0.1406,0.0391,-1.8235,0.0776,0
NCFB-001894,3.9437,0.7734,1.1362,4.1723,2.0929,1
NCFB-001895,0.0977,0.2288,0.3229,-0.1574,0.0171,0
NCFB-001896,0.1409,0.1633,0.1564,0.7003,0.002,0
NCFB-001897,0.0078,0.1454,0.0906,-1.2693,0.0514,0
NCFB-001898,0.8399,0.4433,0.1267,-1.6241,0.0645,0
NCFB-001899,0.6462,0.1039,0.4795,1.4171,0.0297,0
NCFB-001900,1.0373,0.1011,0.1735,1.6775,0.135,0
NCFB-001901,0.6479,0.1635,0.1391,0.1924,0.0212,0
NCFB-001902,0.2264,0.0342,0.185,0.3568,0.0281,0
NCFB-001903,0.1853,0.0527,0.5379,-0.4088,0.0291,0
NCFB-001904,2.9985,0.8316,1.3799,4.8898,1.8627,1
NCFB-001905,0.1036,0.0372,0.0876,0.3112,0.0795,0
NCFB-001906,0.4074,0.0555,0.2757,0.1469,0.0636,0
NCFB-001907,0.0193,0.1461,0.1293,1.3841,0.0462,0
NCFB-001908,0.1135,0.1079,0.0422,-0.3259,0.0156,0
NCFB-001909,0.1838,0.049,0.0542,-1.2134,0.1058,0
NCFB-001910,1.7349,0.1875,0.0486,-0.002,0.1215,0
NCFB-001911,0.1445,0.0938,0.0672,0.4154,0.0362,0
NCFB-001912,0.0461,0.201,0.0035,-1.0327,0.0578,0
NCFB-001913,0.0363,0.0386,0.3813,0.7721,0.3481,0
NCFB-001914,0.1118,0.0973,0.086,-0.229,0.0794,0
NCFB-001915,0.066,0.196,0.1681,0.0641,0.0282,0
NCFB-001916,0.3421,0.2576,0.014,-0.0299,0.0376,0
NCFB-001917,0.4904,0.1624,0.2018,-0.6014,0.1017,0
NCFB-001918,0.7858,0.0183,0.0573,-0.6773,0.136,0
NCFB-001919,0.1438,0.1353,0.0396,0.228,0.0762,0
NCFB-001920,0.0414,0.2266,0.069,-1.7022,0.008,0
NCFB-001921,0.0276,0.1442,0.0529,-1.0724,0.1271,0
NCFB-001922,0.2033,0.1939,0.1095,0.442,0.112,0
NCFB-001923,0.1307,0.2139,0.1295,0.152,0.1108,0
NCFB-001924,0.1166,0.3275,0.3201,-0.1519,0.0811,0
NCFB-001925,0.1624,0.2779,0.0383,0.188,0.2225,0
NCFB-001926,0.3342,0.5517,0.1149,-0.2207,0.0658,0
NCFB-001927,0.4431,0.2399,0.1454,0.5137,0.4768,0
NCFB-001928,0.7238,0.1781,0.2223,0.6442,0.0436,0
NCFB-001929,0.7458,0.0694,0.3715,-0.3781,0.0304,0
NCFB-001930,0.2048,0.0689,0.1851,-0.9537,0.0491,0
NCFB-001931,0.3727,0.1071,0.0323,0.5506,0.0727,0
NCFB-001932,0.1732,0.1649,0.1756,-0.2594,0.0054,0
NCFB-001933,0.1686,0.1994,0.0176,-0.6109,0.005,0
NCFB-001934,0.3042,0.0884,0.1083,0.66,0.4083,0
NCFB-001935,0.1537,0.0465,0.0753,-1.6147,0.2148,0
NCFB-001936,0.2512,0.0439,0.1434,0.3983,0.0605,0
NCFB-001937,0.0277,0.0552,0.0791,-0.9474,0.2933,0
NCFB-001938,0.0286,0.0286,0.1512,-0.8862,0.225,0
NCFB-001939,0.6948,0.0182,0.1048,-0.6923,0.0763,0
NCFB-001940,3.1331,0.8751,0.8313,4.1725,1.9658,1
NCFB-001941,0.3011,0.0357,0.0013,1.2258,0.1574,0
NCFB-001942,0.1652,0.2026,0.009,0.7571,0.192,0
NCFB-001943,0.2735,0.1392,0.0107,-0.1753,0.2361,0
NCFB-001944,0.8939,0.2347,0.1015,0.5184,0.0422,0
NCFB-001945,0.2517,0.2191,0.0856,0.6732,0.8023,0
NCFB-001946,0.9631,0.0975,0.0526,1.0269,0.0465,0
NCFB-001947,0.3633,0.2068,0.0084,-0.0466,0.1855,0
NCFB-001948,0.6056,0.1647,0.122,-0.7424,0.0462,0
NCFB-001949,0.4651,0.1293,0.0414,0.1741,0.0378,0
NCFB-001950,1.1943,0.3119,0.0838,-0.4379,0.0554,0
NCFB-001951,0.4004,0.1037,0.0866,-0.3371,0.064,0
NCFB-001952,0.605,0.0484,0.0034,-0.8194,0.4662,0
NCFB-001953,0.9385,0.3345,0.1918,-0.4976,0.1625,0
NCFB-001954,0.1324,0.1177,0.1823,0.022,0.0349,0
NCFB-001955,0.1821,0.3288,0.2777,-1.3151,0.012,0
NCFB-001956,0.7732,0.2428,0.0445,0.0348,0.704,0
NCFB-001957,0.4929,0.1575,0.0596,0.2859,0.0126,0
NCFB-001958,3.1253,0.9776,1.5512,4.0172,2.3021,1
NCFB-001959,2.7863,0.6324,1.484,4.2307,2.0029,1
NCFB-001960,0.0537,0.2139,0.1591,-0.9037,0.0251,0
NCFB-001961,0.1629,0.0915,0.1026,-1.0334,0.1154,0
NCFB-001962,0.8696,0.0266,0.0287,-1.6146,0.1177,0
NCFB-001963,0.053,0.1426,0.2146,0.9507,0.0599,0
NCFB-001964,0.137,0.5336,0.1783,-0.3193,0.1627,0
NCFB-001965,0.2856,0.305,0.0621,1.5911,0.0452,0
NCFB-001966,0.0001,0.1912,0.137,0.8287,0.0244,0
NCFB-001967,0.4181,0.1094,0.4682,0.6569,0.0802,0
NCFB-001968,2.9828,0.9752,1.7822,4.1414,1.5069,1
NCFB-001969,0.0371,0.0061,0.1668,1.91,0.0025,0
NCFB-001970,0.1155,0.0693,0.037,-0.0913,0.2434,0
NCFB-001971,2.1892,0.5978,1.4129,5.0923,1.4911,1
NCFB-001972,0.3215,0.1552,0.0806,-0.5113,0.0111,0
NCFB-001973,0.0737,0.1479,0.0324,1.3281,0.113,0
NCFB-001974,2.2147,2.3164,2.1911,2.3142,2.5305,0
NCFB-001975,0.7322,0.3609,0.0095,0.0216,0.0477,0
NCFB-001976,0.8354,0.2481,0.1287,-0.4672,0.1107,0
NCFB-001977,0.1623,0.1608,0.0613,0.0057,0.1166,0
NCFB-001978,0.1234,0.1707,0.0755,0.1548,0.02,0
NCFB-001979,0.1027,0.0362,0.0652,-0.6617,0.0026,0
NCFB-001980,0.1043,0.0788,0.0596,0.9735,0.0946,0
NCFB-001981,0.0047,0.2051,0.1265,0.609,0.1097,0
NCFB-001982,0.7762,0.3924,0.0801,-0.4095,0.1088,0
NCFB-001983,0.8308,0.0393,0.1657,-1.0822,0.0515,0
NCFB-001984,0.1998,0.0219,0.1169,-0.5743,0.0499,0
NCFB-001985,0.5871,0.2373,0.053,-0.0399,0.1348,0
NCFB-001986,0.1979,0.1177,0.2061,0.1525,0.02,0
NCFB-001987,0.4589,0.3983,0.057,-0.1744,0.2139,0
NCFB-001988,0.0834,0.2248,0.0311,0.28,0.0661,0
NCFB-001989,0.09,0.1455,0.186,0.8798,0.439,0
NCFB-001990,0.5308,0.299,0.0008,-0.2404,0.0366,0
NCFB-001991,1.1925,0.1126,0.3183,-0.2044,0.169,0
NCFB-001992,0.1017,0.2095,0.0414,-0.0721,0.5679,0
NCFB-001993,0.1155,0.0384,0.1984,0.6561,0.1553,0
NCFB-001994,1.4666,0.1348,0.0832,0.7722,0.1899,0
NCFB-001995,1.4493,0.1442,0.1698,-0.784,0.0507,0
NCFB-001996,0.0488,0.0841,0.0797,-0.3955,0.3225,0
NCFB-001997,0.1965,0.0318,0.0496,-0.1171,0.0979,0
NCFB-001998,0.2874,0.336,0.2869,-0.2249,0.5549,0
NCFB-001999,0.7619,0.0708,0.0228,-0.7674,0.1021,0
NCFB-002000,0.2315,0.569,0.0694,0.0143,0.0327,0
NCFB-002001,0.2527,0.0969,0.028,-0.068,0.2085,0
NCFB-002002,0.9251,0.1145,0.0116,-0.8552,0.0133,0
NCFB-002003,0.5418,0.0665,0.3346,0.3537,0.1965,0
NCFB-002004,0.4736,0.0543,0.0123,0.0548,0.1467,0
NCFB-002005,0.0577,0.3897,0.1693,-0.4009,0.2132,0
NCFB-002006,0.7111,0.4681,0.2787,-1.1253,0.3617,0
NCFB-002007,0.023,0.0907,0.0639,1.6135,0.3024,0
NCFB-002008,0.1886,0.1783,0.4991,0.645,0.1089,0
NCFB-002009,0.3304,0.2757,0.0415,-1.1008,0.1376,0
NCFB-002010,0.2117,0.1757,0.2015,-0.6406,0.3303,0
NCFB-002011,0.279,0.1235,0.1009,0.0397,0.0353,0
NCFB-002012,0.0737,0.2194,0.2211,-0.3256,0.1161,0
NCFB-002013,0.1497,0.1649,0.028,0.4519,0.1251,0
NCFB-002014,0.0197,0.0829,0.0817,0.7019,0.0277,0
NCFB-002015,2.2859,0.9107,1.1676,5.3812,1.7075,1
NCFB-002016,0.0622,0.0273,0.0271,-0.0007,0.0296,0
NCFB-002017,0.7496,0.0285,0.0243,-0.1631,0.0071,0
NCFB-002018,0.0879,0.0269,0.0048,-0.4264,0.0058,0
NCFB-002019,0.0069,0.332,0.1231,-0.1146,0.0787,0
NCFB-002020,0.3538,0.1584,0.2481,-0.1393,0.2079,0
NCFB-002021,0.4612,0.3709,0.0369,-0.1053,0.0,0
NCFB-002022,0.0859,0.1129,0.077,0.1922,0.0144,0
NCFB-002023,0.0654,0.0419,0.2187,-0.2387,0.2097,0
NCFB-002024,0.1088,0.0658,0.1062,0.9723,0.0055,0
NCFB-002025,0.6744,0.1359,0.0321,1.2865,0.0681,0
NCFB-002026,3.1516,0.7565,1.47,3.3959,2.0612,1
NCFB-002027,0.0468,0.084,0.1051,-1.0598,0.0466,0
NCFB-002028,0.4455,0.1671,0.0543,-0.2886,0.2151,0
NCFB-002029,0.0752,0.1261,0.0083,0.3592,0.0321,0
NCFB-002030,0.6246,0.3409,0.0527,-0.4563,0.1038,0
NCFB-002031,0.3836,0.1733,0.0675,-0.5623,0.0062,0
NCFB-002032,0.3174,0.0316,0.0405,-0.292,0.1939,0
NCFB-002033,0.0013,0.051,0.0386,-0.0002,0.0452,0
NCFB-002034,0.8407,0.3954,0.0844,1.5251,0.3142,0
NCFB-002035,3.3748,0.8431,1.1974,3.3409,1.7911,1
NCFB-002036,0.3745,0.109,0.0692,-0.5537,0.0064,0
NCFB-002037,2.3935,0.7325,1.1307,4.8209,1.7895,1
NCFB-002038,0.4775,0.1527,0.0606,-0.0054,0.0227,0
NCFB-002039,0.2901,0.1752,0.0351,0.0655,0.1908,0
NCFB-002040,0.3919,0.0766,0.0513,-0.9208,0.3655,0
NCFB-002041,0.2733,0.0215,0.1012,0.8469,0.1332,0
NCFB-002042,3.9026,0.9345,1.4044,4.1516,1.678,1
NCFB-002043,0.0836,0.1398,0.3192,0.5462,0.1679,0
NCFB-002044,0.5543,0.3411,0.0308,1.8273,0.0304,0
NCFB-002045,0.1961,0.277,0.2804,-0.3014,0.1128,0
NCFB-002046,0.0762,0.0411,0.1713,-0.7319,0.1573,0
NCFB-002047,0.5023,0.3218,0.1152,1.1139,0.0134,0
NCFB-002048,0.0267,0.0605,0.0726,-0.0279,0.3022,0
NCFB-002049,0.0043,0.112,0.0296,0.3574,0.0631,0
NCFB-002050,0.4289,0.0292,0.1088,0.2535,0.0169,0
NCFB-002051,0.4545,0.1938,0.179,-0.3008,0.0682,0
NCFB-002052,0.3444,0.0486,0.2314,0.4745,0.0059,0
NCFB-002053,0.0186,0.0557,0.1223,0.2815,0.03,0
NCFB-002054,0.215,0.1609,0.1924,1.7231,0.0433,0
NCFB-002055,0.1137,0.2336,0.066,0.2992,0.0272,0
NCFB-002056,0.0783,0.0977,0.0769,-0.7508,0.2365,0
NCFB-002057,0.3212,0.1565,0.1088,-1.8926,0.0355,0
NCFB-002058,0.0163,0.0969,0.0374,-0.0695,0.1034,0
NCFB-002059,0.6832,0.1429,0.0099,-0.7379,0.0191,0
NCFB-002060,0.1902,0.0932,0.0856,0.0225,0.056,0
NCFB-002061,0.0478,0.1234,0.1084,-0.5997,0.0086,0
NCFB-002062,0.3524,0.1731,0.0445,-1.2817,0.0283,0
NCFB-002063,0.2745,0.1219,0.0264,0.1435,1.0376,0
NCFB-002064,0.4863,0.3465,0.0799,0.8375,0.1241,0
NCFB-002065,0.0107,0.331,0.1736,-0.1503,0.0003,0
NCFB-002066,0.3244,0.045,0.1552,0.5553,0.0355,0
NCFB-002067,0.4208,0.078,0.117,-0.2591,0.1798,0
NCFB-002068,0.0393,0.1289,0.2431,0.437,0.3174,0
NCFB-002069,0.4414,0.1447,0.0635,0.5168,0.0464,0
NCFB-002070,0.6424,0.2162,0.0787,0.2045,0.2291,0
NCFB-002071,0.3894,0.3921,0.0306,0.5871,0.024,0
NCFB-002072,0.5739,0.1538,0.0692,0.5532,0.1538,0
NCFB-002073,0.0804,0.3028,0.154,0.1818,0.7438,0
NCFB-002074,0.2728,0.1142,0.0543,0.7971,0.0574,0
NCFB-002075,0.133,0.1448,0.244,0.4971,0.0457,0
NCFB-002076,0.1497,0.1628,0.0962,-0.1111,0.3147,0
NCFB-002077,0.0914,0.1781,0.0366,0.1123,0.2406,0
NCFB-002078,0.4886,0.0199,0.0858,-0.0693,0.0143,0
NCFB-002079,0.3921,0.1431,0.0062,-0.1042,0.0658,0
NCFB-002080,0.3907,0.181,0.0567,-1.0704,0.0326,0
NCFB-002081,0.5703,0.2949,0.4893,0.207,0.0806,0
NCFB-002082,0.3259,0.1243,0.0354,-0.1207,0.3197,0
NCFB-002083,0.1751,0.301,0.1623,0.4956,0.0226,0
NCFB-002084,0.0993,0.2708,0.1572,-0.5937,0.0231,0
NCFB-002085,2.7969,1.2679,0.8871,1.8887,1.6941,1
NCFB-002086,0.046,0.2417,0.1489,0.6939,0.0303,0
NCFB-002087,3.0048,0.7605,1.5557,3.6696,1.8598,1
NCFB-002088,0.4299,0.2413,0.2816,0.4665,0.0698,0
NCFB-002089,0.2888,0.0361,0.0801,1.4644,0.113,0
NCFB-002090,0.0064,0.0423,0.0657,1.1923,0.0827,0
NCFB-002091,0.0949,0.094,0.0283,0.4269,0.5434,0
NCFB-002092,0.2786,0.037,0.3111,0.2085,0.0392,0
NCFB-002093,0.0628,0.223,0.1286,-0.8753,0.2807,0
NCFB-002094,0.0181,0.0894,0.0045,-1.0622,0.049,0
NCFB-002095,0.1808,0.1492,0.1337,-0.1692,0.0949,0
NCFB-002096,0.2964,0.1323,0.045,0.1201,0.0533,0
NCFB-002097,0.4969,0.1889,0.1039,1.1177,0.0466,0
NCFB-002098,1.2868,0.0588,0.0711,0.0821,0.5568,0
NCFB-002099,0.3103,0.2559,0.0579,0.3334,0.1049,0
NCFB-002100,0.0799,0.0613,0.1213,0.3387,0.0073,0
NCFB-002101,0.0074,0.1883,0.1213,0.7577,0.04,0
NCFB-002102,0.9878,0.078,0.0559,0.1766,0.2644,0
NCFB-002103,0.0146,0.1805,0.2007,-0.3291,0.2498,0
NCFB-002104,0.172,0.4629,0.0217,-0.1623,0.4088,0
NCFB-002105,0.4668,0.3919,0.1858,0.6154,0.0477,0
NCFB-002106,0.5029,0.115,0.0973,0.7038,0.0354,0
NCFB-002107,0.0417,0.1308,0.1141,0.2845,0.0322,0
NCFB-002108,0.3408,0.1074,0.0173,-0.5475,0.7098,0
NCFB-002109,0.1495,0.2804,0.1372,-0.5179,0.0453,0
NCFB-002110,0.6384,0.0813,0.0157,0.1389,0.2874,0
NCFB-002111,0.2925,0.2568,0.2087,0.2303,0.2834,0
NCFB-002112,0.1045,0.3389,0.0784,-0.5226,0.1145,0
NCFB-002113,0.2049,0.0994,0.058,0.3627,0.5082,0
NCFB-002114,0.1869,0.1066,0.1058,0.5039,0.0903,0
NCFB-002115,0.1154,0.2149,0.0264,-0.6001,0.0696,0
NCFB-002116,0.0478,0.0975,0.1187,1.0103,0.2714,0
NCFB-002117,0.0992,0.117,0.0219,-0.1976,0.1605,0
NCFB-002118,0.8898,0.0726,0.1598,0.8302,0.0081,0
NCFB-002119,3.7563,0.8263,0.9585,4.8664,1.7694,1
NCFB-002120,1.2521,0.042,0.0884,1.0927,0.1508,0
NCFB-002121,0.046,0.0488,0.1277,-1.1096,0.1288,0
NCFB-002122,0.2729,0.1804,0.0036,0.8765,0.0042,0
NCFB-002123,0.5077,0.1579,0.2296,0.1747,0.3994,0
NCFB-002124,0.1249,0.0437,0.2629,-0.3764,0.036,0
NCFB-002125,0.2718,0.1416,0.1004,0.734,0.3083,0
NCFB-002126,0.3569,0.0506,0.1283,0.4704,0.0231,0
NCFB-002127,0.4843,0.0335,0.0976,-0.6667,0.1995,0
NCFB-002128,0.4034,0.0554,0.1829,0.6982,0.9406,0
NCFB-002129,2.9789,0.869,1.4655,3.9643,1.9232,1
NCFB-002130,0.1513,0.1022,0.0132,1.1674,0.1414,0
NCFB-002131,0.2835,0.2578,0.0149,0.2644,0.2319,0
NCFB-002132,0.0161,0.0631,0.1787,0.8736,0.0428,0
NCFB-002133,0.0486,0.1303,0.161,-0.4869,0.5889,0
NCFB-002134,0.2426,0.1286,0.2082,0.5084,0.1107,0
NCFB-002135,0.3418,0.2971,0.0407,0.0032,0.0013,0
NCFB-002136,0.5665,0.3002,0.069,0.0138,0.1052,0
NCFB-002137,0.5003,0.0592,0.017,-0.6413,0.1282,0
NCFB-002138,0.1559,0.1485,0.1032,0.5789,0.107,0
NCFB-002139,0.8578,0.0384,0.0125,-0.0117,0.3323,0
NCFB-002140,0.3689,0.1729,0.0084,-0.5676,0.0382,0
NCFB-002141,0.1668,0.0402,0.0464,-0.2426,0.1319,0
NCFB-002142,0.1354,0.0581,0.3329,0.0748,0.0867,0
NCFB-002143,0.1312,0.35,0.2598,0.2875,0.4609,0
NCFB-002144,0.0616,0.1456,0.0999,0.526,0.3605,0
NCFB-002145,0.4078,0.0335,0.0288,1.0478,0.1205,0
NCFB-002146,0.0503,0.2495,0.1142,-1.2673,0.0294,0
NCFB-002147,0.1868,0.0595,0.0079,0.1354,0.0105,0
NCFB-002148,0.2975,0.0838,0.0263,0.7427,0.2586,0
NCFB-002149,0.009,0.312,0.0019,-0.0396,0.7807,0
NCFB-002150,0.266,0.0411,0.1029,1.2295,0.1333,0
NCFB-002151,0.723,0.1646,0.3263,0.2425,0.0637,0
NCFB-002152,0.1965,0.1987,0.1092,-0.0038,0.1314,0
NCFB-002153,1.2193,0.0358,0.0472,2.3873,0.0078,0
NCFB-002154,0.7189,0.0442,0.1424,0.6109,0.0045,0
NCFB-002155,3.2844,0.877,1.5302,5.1804,1.9618,1
NCFB-002156,0.257,0.0952,0.2789,-0.2596,0.0251,0
NCFB-002157,3.6493,0.9427,1.5189,3.7268,2.4448,1
NCFB-002158,0.1026,0.0163,0.167,-0.6146,0.0282,0
NCFB-002159,0.3098,0.1211,0.0629,-0.2191,0.1003,0
NCFB-002160,2.305,2.2553,1.6171,2.0949,1.1518,1
NCFB-002161,0.2779,0.0502,0.0568,0.7221,0.3476,0
NCFB-002162,0.2614,0.1902,0.2268,0.4996,0.0472,0
NCFB-002163,0.3287,0.1946,0.0844,0.388,0.0424,0
NCFB-002164,2.9828,0.6945,1.3388,3.8436,2.5142,1
NCFB-002165,0.3148,0.1208,0.1018,0.701,0.0327,0
NCFB-002166,0.4087,0.1746,0.1228,-1.4829,0.6617,0
NCFB-002167,0.7547,0.0783,0.1217,0.8406,0.5623,0
NCFB-002168,0.2544,0.016,0.3747,-0.1495,0.6371,0
NCFB-002169,0.0744,0.1655,0.0028,-1.23,0.2099,0
NCFB-002170,0.5683,0.1163,0.0976,0.0642,0.3536,0
NCFB-002171,0.3217,0.1436,0.115,-0.1393,0.1542,0
NCFB-002172,0.028,0.3887,0.1082,-0.4806,0.0186,0
NCFB-002173,0.0994,0.0565,0.1448,-1.1993,0.0255,0
NCFB-002174,0.1802,0.3496,0.0522,-0.1893,0.2455,0
NCFB-002175,0.3481,0.2983,0.2395,0.2718,0.1952,0
NCFB-002176,0.6555,0.5388,0.4868,0.762,0.0757,0
NCFB-002177,0.383,0.0397,0.0905,-0.5821,0.0434,0
NCFB-002178,0.0187,0.3316,0.3473,1.0329,0.1743,0
NCFB-002179,0.0894,0.1008,0.0127,0.003,0.0563,0
NCFB-002180,0.0528,0.2221,0.2256,1.0247,0.1834,0
NCFB-002181,0.1952,0.4394,0.0077,-0.1145,0.2349,0
NCFB-002182,3.4389,0.8103,1.3851,3.3646,1.4558,1
NCFB-002183,0.1199,0.2933,0.0158,0.425,0.2524,0
NCFB-002184,0.5634,0.0234,0.2426,-0.5857,0.2314,0
NCFB-002185,0.4081,0.1361,0.2394,-0.0366,0.029,0
NCFB-002186,1.0319,0.0825,0.2591,-0.0314,0.0026,0
NCFB-002187,0.1922,0.0862,0.1107,0.9273,0.0441,0
NCFB-002188,0.386,0.3233,0.0039,0.3681,0.0041,0
NCFB-002189,1.9156,0.1242,0.0657,1.7804,0.1537,0
NCFB-002190,0.2692,0.091,0.0239,0.2721,0.0684,0
NCFB-002191,0.5087,0.3491,0.1411,-1.5919,0.5964,0
NCFB-002192,0.3128,0.3101,0.2585,-0.0838,0.127,0
NCFB-002193,0.4474,0.0334,0.5425,0.1594,0.1072,0
NCFB-002194,0.0717,0.0023,0.0534,-0.8083,0.3416,0
NCFB-002195,0.1524,0.4706,0.1294,0.1357,0.5456,0
NCFB-002196,0.07,0.1063,0.0445,-0.6029,0.1505,0
NCFB-002197,0.07,0.0348,0.016,0.376,0.2169,0
NCFB-002198,0.049,0.4011,0.2377,-1.0967,0.0722,0
NCFB-002199,1.0546,0.246,0.0545,0.4084,0.1882,0
NCFB-002200,0.0551,0.0587,0.0737,-0.943,0.0051,0
NCFB-002201,1.1091,0.1597,0.3303,0.145,0.0565,0
NCFB-002202,0.5467,0.2552,0.2292,0.5334,0.0153,0
NCFB-002203,0.0264,0.0654,0.0653,-0.0217,0.3597,0
NCFB-002204,0.4882,0.1276,0.1313,-0.6782,0.2748,0
NCFB-002205,0.4912,0.1001,0.0049,-0.1834,0.0649,0
NCFB-002206,0.7644,0.1009,0.0318,-0.6558,0.0782,0
NCFB-002207,0.2661,0.0344,0.2081,-0.9178,0.8539,0
NCFB-002208,2.7071,0.6765,1.5828,4.6206,1.8969,1
NCFB-002209,0.023,0.0581,0.1726,-0.1041,0.0294,0
NCFB-002210,3.0435,0.6787,1.2214,4.9648,1.3357,1
NCFB-002211,0.7729,0.2739,0.0625,0.9244,0.0858,0
NCFB-002212,0.1308,0.2069,0.0845,0.234,0.1492,0
NCFB-002213,0.3502,0.0869,0.3252,1.1719,0.0601,0
NCFB-002214,0.1285,0.4717,0.194,-1.2311,0.2099,0
NCFB-002215,0.1106,0.0396,0.0732,1.4579,0.0445,0
NCFB-002216,0.2205,0.0327,0.1147,-0.3756,0.1442,0
NCFB-002217,0.1465,0.1646,0.2151,-0.5402,0.214,0
NCFB-002218,0.1652,0.0696,0.1458,-0.6362,0.0168,0
NCFB-002219,0.4305,0.2145,0.0751,0.7275,0.0017,0
NCFB-002220,0.1891,0.142,0.0521,0.41,0.0193,0
NCFB-002221,0.6813,0.208,0.052,-0.092,0.0932,0
NCFB-002222,0.0787,0.1505,0.1892,-1.0044,0.0624,0
NCFB-002223,0.0452,0.2446,0.0246,0.9082,0.2512,0
NCFB-002224,0.0063,0.0364,0.1252,0.3354,0.0676,0
NCFB-002225,0.3739,0.3448,0.1655,-0.343,0.2343,0
NCFB-002226,0.0211,0.2984,0.1589,0.1,0.1993,0
NCFB-002227,0.2948,0.1539,0.1448,-0.1234,0.0777,0
NCFB-002228,0.0232,0.1346,0.0337,0.1421,0.0771,0
NCFB-002229,3.3243,0.9675,1.279,4.0908,2.1953,1
NCFB-002230,0.0678,0.139,0.0687,-0.5051,0.0201,0
NCFB-002231,0.5568,0.2641,0.1214,-1.7494,0.1614,0
NCFB-002232,0.1099,0.1572,0.2689,0.4715,0.454,0
NCFB-002233,0.0194,0.0409,0.3188,0.5009,0.0826,0
NCFB-002234,0.3497,0.1275,0.1999,0.7127,0.1623,0
NCFB-002235,0.3751,0.1916,0.3118,0.9861,0.222,0
NCFB-002236,0.2835,0.1985,0.1362,0.21,0.0813,0
NCFB-002237,0.5936,0.0922,0.0106,0.0364,0.1785,0
NCFB-002238,0.2665,0.1038,0.0752,0.0297,0.059,0
NCFB-002239,0.0371,0.0205,0.0234,1.5972,0.1896,0
NCFB-002240,0.0804,0.089,0.1377,-1.1486,0.0466,0
NCFB-002241,0.0049,0.0928,0.1003,1.3466,0.199,0
NCFB-002242,0.4885,0.0253,0.0363,0.0256,0.0306,0
NCFB-002243,0.0474,0.1269,0.283,-0.5165,0.2727,0
NCFB-002244,0.1498,0.3363,0.1454,-0.1226,0.3659,0
NCFB-002245,0.3551,0.1144,0.2539,0.689,0.1982,0
NCFB-002246,0.3293,0.042,0.2206,0.2942,0.1269,0
NCFB-002247,0.0993,0.1534,0.0235,1.0576,0.1671,0
NCFB-002248,0.0162,0.1658,0.4947,0.257,0.0943,0
NCFB-002249,0.4673,0.2061,0.088,0.4328,0.0743,0
NCFB-002250,0.085,0.1323,0.0603,-0.4726,0.0289,0
NCFB-002251,0.1853,0.0513,0.3373,0.3314,0.039,0
NCFB-002252,0.0261,0.3774,0.0951,-0.5561,0.2451,0
NCFB-002253,0.0955,0.2208,0.1813,-0.8765,0.041,0
NCFB-002254,0.1933,0.2205,0.0503,-0.084,0.5189,0
NCFB-002255,0.0235,0.0429,0.1814,-0.3307,0.0046,0
NCFB-002256,0.293,0.4344,0.1156,0.2653,0.2379,0
NCFB-002257,0.3128,0.033,0.1686,0.8607,0.7001,0
NCFB-002258,0.7716,0.0705,0.1208,0.6096,0.0249,0
NCFB-002259,0.2933,0.1895,0.2089,-1.5353,0.0352,0
NCFB-002260,0.7345,0.1011,0.0761,-0.6106,0.0605,0
NCFB-002261,0.376,0.2751,0.0327,0.504,0.1609,0
NCFB-002262,0.4623,0.2496,0.0384,-0.578,0.1368,0
NCFB-002263,0.0484,0.0214,0.0054,-0.0923,0.0162,0
NCFB-002264,0.306,0.0276,0.0994,0.45,0.2296,0
NCFB-002265,0.2258,0.3467,0.2434,-0.1924,0.533,0
NCFB-002266,0.6632,0.1249,0.0092,0.6082,0.0115,0
NCFB-002267,0.2845,0.2905,0.0534,-0.408,0.3055,0
NCFB-002268,3.2823,0.8662,1.5957,4.9075,1.9081,1
NCFB-002269,0.0693,0.2362,0.1643,0.5932,0.1113,0
NCFB-002270,0.2928,0.1375,0.1793,0.7164,0.0134,0
NCFB-002271,0.039,0.1082,0.2003,-0.1746,1.1559,0
NCFB-002272,0.0812,0.0384,0.144,-0.3851,0.0298,0
NCFB-002273,0.0211,0.0879,0.0559,0.6112,0.1459,0
NCFB-002274,0.5474,0.0224,0.0339,-0.1767,0.1706,0
NCFB-002275,0.0381,0.2832,0.0604,0.224,0.5793,0
NCFB-002276,0.0482,0.1173,0.0985,0.8137,0.0384,0
NCFB-002277,0.4708,0.1774,0.4774,0.6696,0.6063,0
NCFB-002278,0.9934,0.0388,0.0248,-0.4394,0.1551,0
NCFB-002279,0.2295,0.1901,0.0875,-0.543,0.5279,0
NCFB-002280,0.3931,0.1648,0.3836,-1.0796,0.2784,0
NCFB-002281,1.2106,0.0909,0.0137,-0.905,0.1235,0
NCFB-002282,0.2515,0.2338,0.2289,1.765,0.0579,0
NCFB-002283,0.2075,0.0198,0.1392,0.4524,0.1929,0
NCFB-002284,0.1798,0.1158,0.0152,-0.4885,0.0324,0
NCFB-002285,0.0577,0.3287,0.2251,0.2215,0.0426,0
NCFB-002286,0.0613,0.0453,0.0266,1.0026,0.5702,0
NCFB-002287,0.2383,0.0547,0.1349,-0.5341,0.1418,0
NCFB-002288,0.335,0.1267,0.2669,0.3951,0.0236,0
NCFB-002289,3.2923,0.9121,1.0136,5.1995,2.1768,1
NCFB-002290,0.3888,0.5257,0.0514,-0.9851,0.0534,0
NCFB-002291,0.3888,0.0633,0.1851,0.7537,0.0003,0
NCFB-002292,0.1893,0.3039,0.0936,-0.8638,0.3531,0
NCFB-002293,3.7765,0.9024,1.2872,5.4529,1.4423,1
NCFB-002294,0.028,0.1281,0.3023,-1.0702,0.238,0
NCFB-002295,0.7675,0.3244,0.3738,-0.8383,0.0208,0
NCFB-002296,0.3304,0.1116,0.0612,-0.0914,0.0149,0
NCFB-002297,0.1746,0.0225,0.1191,1.1027,0.2125,0
NCFB-002298,0.4864,0.331,0.0594,-0.0836,0.1744,0
NCFB-002299,0.1378,0.0637,0.0284,-0.4224,0.0046,0
NCFB-002300,0.002,0.1198,0.027,-1.3302,0.127,0
NCFB-002301,0.1989,0.1559,0.2626,0.6504,0.2435,0
NCFB-002302,0.4908,0.0424,0.1462,-1.3659,0.1339,0
NCFB-002303,0.3127,0.0391,0.0138,0.5536,0.4679,0
NCFB-002304,0.7356,0.1288,0.1788,-0.6951,0.0011,0
NCFB-002305,0.0737,0.147,0.1299,-0.7666,0.1475,0
NCFB-002306,0.3796,0.2162,0.0053,0.5959,0.0127,0
NCFB-002307,0.2594,0.2093,0.1195,-0.1989,0.1418,0
NCFB-002308,0.2718,0.091,0.0928,-0.2073,0.0485,0
NCFB-002309,0.3883,0.0469,0.0921,-0.6275,0.1326,0
NCFB-002310,0.0942,0.2216,0.0405,1.0649,0.0169,0
NCFB-002311,2.3518,0.1538,0.0332,0.5201,0.0277,0
NCFB-002312,2.9557,0.8456,0.913,4.1447,1.5631,1
NCFB-002313,0.305,0.2785,0.0857,0.5935,0.2509,0
NCFB-002314,0.0137,0.2641,0.1669,-0.2645,0.1829,0
NCFB-002315,0.3673,0.0346,0.0611,0.3459,0.0369,0
NCFB-002316,0.0807,0.1173,0.0178,-0.1242,0.2068,0
NCFB-002317,0.1847,0.097,0.0583,-0.1862,0.1481,0
NCFB-002318,0.169,0.1364,0.0555,-1.0381,0.1308,0
NCFB-002319,2.6433,0.8389,1.2851,4.5861,1.4148,1
NCFB-002320,0.5915,0.3469,0.0186,0.4708,0.0864,0
NCFB-002321,0.3795,0.1951,0.2011,0.3452,0.2168,0
NCFB-002322,0.8111,0.0998,0.0776,-0.1255,0.0882,0
NCFB-002323,0.8873,0.1907,0.0406,0.6588,0.2178,0
NCFB-002324,0.086,0.6196,0.0318,-0.2965,0.1843,0
NCFB-002325,0.4165,0.2546,0.0281,1.5414,0.5163,0
NCFB-002326,0.1421,0.1442,0.4469,-0.3831,0.1114,0
NCFB-002327,0.4569,0.1927,0.0738,0.1176,0.0153,0
NCFB-002328,0.5639,0.1535,0.0518,1.1859,0.1213,0
NCFB-002329,0.2881,0.1273,0.0177,1.6326,0.0627,0
NCFB-002330,0.1572,0.0297,0.0496,-1.1901,0.0542,0
NCFB-002331,3.4225,0.8275,0.9511,5.343,2.0648,1
NCFB-002332,0.1103,0.0807,0.206,-0.0769,0.004,0
NCFB-002333,1.438,0.2832,0.0687,0.1752,0.0104,0
NCFB-002334,0.0674,0.0466,0.0515,0.096,0.0262,0
NCFB-002335,0.1576,0.0796,0.086,-1.0098,0.153,0
NCFB-002336,0.6526,0.4159,0.2412,0.0591,0.0612,0
NCFB-002337,0.1731,0.287,0.2609,1.6483,0.1829,0
NCFB-002338,0.315,0.2538,0.0247,-0.2656,0.1998,0
NCFB-002339,0.596,0.3752,0.0988,0.1685,0.444,0
NCFB-002340,0.1877,0.0582,0.0871,-0.2446,0.4012,0
NCFB-002341,0.408,0.1885,0.1346,0.8942,0.2881,0
NCFB-002342,0.1058,0.2796,0.0019,0.7107,0.1495,0
NCFB-002343,0.0779,0.296,0.072,-0.176,0.343,0
NCFB-002344,0.2982,0.0857,0.0187,0.0963,0.0013,0
NCFB-002345,0.3011,0.1464,0.2771,-0.4405,0.1229,0
NCFB-002346,0.4224,0.2268,0.0209,-0.2706,0.0852,0
NCFB-002347,0.5539,0.4088,0.0233,-1.175,0.0096,0
NCFB-002348,0.2711,0.0429,0.0541,1.5812,0.0545,0
NCFB-002349,1.0749,0.0696,0.0246,0.2957,0.0281,0
NCFB-002350,0.3019,0.0298,0.1835,0.7603,0.6237,0
NCFB-002351,0.3743,0.1962,0.0147,1.3955,0.699,0
NCFB-002352,0.3192,0.1087,0.0486,0.5028,0.0661,0
NCFB-002353,0.2189,0.0842,0.1494,-0.5541,0.1413,0
NCFB-002354,0.5025,0.1767,0.0823,1.7512,0.0618,0
NCFB-002355,0.3694,0.2057,0.1465,0.1589,0.207,0
NCFB-002356,0.1725,0.1068,0.1854,1.2981,0.489,0
NCFB-002357,0.0949,0.1437,0.141,1.303,0.1985,0
NCFB-002358,0.1813,0.087,0.1307,-0.8154,0.121,0
NCFB-002359,0.0657,0.1426,0.0179,-0.1161,0.0404,0
NCFB-002360,0.666,0.1121,0.044,0.0609,0.045,0
NCFB-002361,0.0078,0.1668,0.0062,-0.1997,0.207,0
NCFB-002362,0.2604,0.0403,0.1371,0.8773,0.0574,0
NCFB-002363,0.1558,0.1442,0.0066,0.6102,0.0949,0
NCFB-002364,1.437,0.1198,0.1436,0.5552,0.0884,0
NCFB-002365,0.2923,0.1877,0.1736,-2.0316,0.0835,0
NCFB-002366,0.2152,0.0949,0.0299,0.0498,0.0615,0
NCFB-002367,0.3441,0.1546,0.1033,0.1098,0.0148,0
NCFB-002368,0.0305,0.0354,0.0312,-0.2936,0.1846,0
NCFB-002369,0.0291,0.1889,0.1906,0.6262,0.0198,0
NCFB-002370,0.714,0.0459,0.0452,-1.423,0.4116,0
NCFB-002371,0.7409,0.2337,0.0043,-0.5152,0.064,0
NCFB-002372,0.6444,0.251,0.0442,-0.1391,0.2306,0
NCFB-002373,0.8367,0.4088,0.122,-0.4696,0.1161,0
NCFB-002374,2.9709,0.921,1.164,4.3707,1.6769,1
NCFB-002375,0.4058,0.2066,0.0469,-0.4272,0.4297,0
NCFB-002376,0.8958,0.1536,0.031,0.0273,0.3421,0
NCFB-002377,0.38,0.1337,0.0409,-0.799,0.0182,0
NCFB-002378,0.2119,0.0823,0.2417,0.139,0.2046,0
NCFB-002379,0.7055,0.2719,0.0293,-1.0524,0.261,0
NCFB-002380,0.2665,0.1627,0.0416,0.5665,0.0757,0
NCFB-002381,0.0513,0.4217,0.245,-0.5687,0.1286,0
NCFB-002382,0.0552,0.3575,0.074,0.0425,0.1524,0
NCFB-002383,0.2989,0.0106,0.4576,0.0041,0.1671,0
NCFB-002384,0.157,0.1703,0.0885,0.7574,0.1674,0
NCFB-002385,0.1612,0.086,0.0982,-0.4924,0.1196,0
NCFB-002386,0.3094,0.131,0.0479,0.4416,0.1689,0
NCFB-002387,0.0298,0.0398,0.1224,-0.1884,0.1304,0
NCFB-002388,0.1209,0.0302,0.0079,0.9077,0.2357,0
NCFB-002389,0.3497,0.0695,0.0035,0.4224,0.2975,0
NCFB-002390,0.3063,0.4182,0.3945,0.6471,0.074,0
NCFB-002391,0.6237,0.1565,0.0101,0.0434,0.01,0
NCFB-002392,2.5687,0.0537,0.052,0.5454,0.0193,0
NCFB-002393,0.0625,0.1718,0.0401,-0.0026,0.18,0
NCFB-002394,0.3724,0.1942,0.0449,0.5463,0.1435,0
NCFB-002395,0.3173,0.3133,0.0969,-0.292,0.0045,0
NCFB-002396,1.2747,0.0647,0.0058,0.9369,0.0251,0
NCFB-002397,0.2501,0.0085,0.1388,1.1832,0.1602,0
NCFB-002398,1.1259,0.063,0.0117,-0.6018,0.0316,0
NCFB-002399,0.6013,0.1518,0.214,-1.587,0.0033,0
NCFB-002400,0.3116,0.071,0.0618,1.8233,0.0653,0
NCFB-002401,0.3343,0.2033,0.0431,-0.6877,0.0215,0
NCFB-002402,0.01,0.0728,0.19,0.5751,0.4709,0
NCFB-002403,1.0905,0.415,0.022,1.5137,0.3344,0
NCFB-002404,0.8764,0.1508,0.2515,1.1847,0.5015,0
NCFB-002405,0.2642,0.2894,0.2086,-0.3495,0.0549,0
NCFB-002406,0.4997,0.2252,0.1824,-0.2027,0.0322,0
NCFB-002407,0.2034,0.3596,0.124,-0.0901,0.0253,0
NCFB-002408,0.18,0.0548,0.1114,-0.0049,0.1079,0
NCFB-002409,0.3341,0.2052,0.3379,-0.8832,0.1851,0
NCFB-002410,0.0184,0.3589,0.2438,0.2077,0.0347,0
NCFB-002411,0.2207,0.2529,0.0983,-0.2996,0.0902,0
NCFB-002412,0.0437,0.1979,0.0716,-0.5198,0.0,0
NCFB-002413,0.1332,0.0443,0.06,0.6041,0.0113,0
NCFB-002414,0.8334,0.0369,0.0664,-0.726,0.053,0
NCFB-002415,0.1886,0.2586,0.051,1.5062,0.3448,0
NCFB-002416,0.47,0.1425,0.0862,-1.3351,0.0085,0
NCFB-002417,0.0177,0.1682,0.0201,0.3623,0.142,0
NCFB-002418,0.2434,0.2513,0.222,-0.1919,0.2634,0
NCFB-002419,3.6776,0.5713,1.3084,3.9279,2.2356,1
NCFB-002420,0.9652,0.0163,0.0251,1.3539,0.1175,0
NCFB-002421,0.1465,0.0297,0.0614,0.4667,0.0618,0
NCFB-002422,2.6046,0.0615,0.0376,-0.666,0.0122,0
NCFB-002423,0.5515,0.2392,0.0242,0.7064,0.1123,0
NCFB-002424,0.5031,0.1667,0.1204,-0.3144,0.2242,0
NCFB-002425,0.2594,0.0803,0.0472,-0.0701,0.0415,0
NCFB-002426,0.6165,0.0527,0.1243,1.1534,0.0248,0
NCFB-002427,3.3735,0.9886,0.8604,4.4847,1.501,1
NCFB-002428,0.2269,0.1446,0.0924,0.1966,0.1455,0
NCFB-002429,0.1632,0.0347,0.0077,-0.3362,0.0656,0
NCFB-002430,0.2086,0.141,0.0697,0.2764,0.01,0
NCFB-002431,0.2514,0.1451,0.1471,0.2385,0.0316,0
NCFB-002432,0.0131,0.2143,0.1457,1.2701,0.0178,0
NCFB-002433,0.2026,0.0152,0.0639,0.1096,0.0055,0
NCFB-002434,0.4373,0.2616,0.1824,0.308,0.0153,0
NCFB-002435,0.9404,0.184,0.2403,-0.5049,0.055,0
NCFB-002436,0.6836,0.132,0.0947,-0.095,0.0199,0
NCFB-002437,0.1051,0.2452,0.2667,0.7251,0.0242,0
NCFB-002438,2.9731,0.8737,1.0379,4.3173,1.7181,1
NCFB-002439,0.3762,0.1237,0.0555,-0.2983,0.3291,0
NCFB-002440,0.1611,0.2104,0.005,-0.5746,0.0286,0
NCFB-002441,0.8732,0.2196,0.1024,-1.6864,0.3119,0
NCFB-002442,0.1468,0.1536,0.0062,-1.8076,0.0365,0
NCFB-002443,0.2084,0.068,0.0712,-1.2102,0.018,0
NCFB-002444,0.0669,0.2556,0.0929,0.4878,0.2232,0
NCFB-002445,3.2536,0.9441,1.2273,6.2296,1.9301,1
NCFB-002446,0.78,0.0301,0.0528,1.1696,0.0477,0
NCFB-002447,0.257,0.0713,0.3796,-0.9809,0.2425,0
NCFB-002448,0.048,0.0911,0.0041,-0.2447,0.0553,0
NCFB-002449,0.0397,0.1467,0.1495,1.5293,0.0459,0
NCFB-002450,0.097,0.2548,0.0353,0.7649,0.0192,0
NCFB-002451,0.0713,0.0704,0.0081,0.6171,0.0845,0
NCFB-002452,0.0321,0.0195,0.0971,-0.2376,0.0506,0
NCFB-002453,0.7507,0.1147,0.0605,0.3921,0.2306,0
NCFB-002454,0.0303,0.2093,0.0539,-0.1315,0.0453,0
NCFB-002455,0.3143,0.345,0.0963,0.679,0.021,0
NCFB-002456,0.1122,0.0269,0.0606,0.7529,0.4814,0
NCFB-002457,2.5866,0.9552,0.8177,4.8023,1.9572,1
NCFB-002458,0.4686,0.2127,0.039,-0.5297,0.04,0
NCFB-002459,0.2706,0.0832,0.1451,0.3676,0.2245,0
NCFB-002460,0.1483,0.0033,0.0905,1.0628,0.0823,0
NCFB-002461,0.363,0.107,0.0887,-1.1072,0.3097,0
NCFB-002462,0.3485,0.0641,0.0559,0.0558,0.1157,0
NCFB-002463,0.6579,0.3397,0.0116,0.8592,0.0607,0
NCFB-002464,0.3758,0.1144,0.0597,0.9604,0.2037,0
NCFB-002465,0.26,0.1995,0.0395,-0.9461,0.3272,0
NCFB-002466,0.0629,0.1555,0.1047,0.3979,0.0555,0
NCFB-002467,0.771,0.1135,0.148,0.178,0.1739,0
NCFB-002468,0.653,0.2791,0.0622,-1.1365,0.0274,0
NCFB-002469,0.1258,0.0438,0.1531,-0.0936,0.184,0
NCFB-002470,0.3626,0.1554,0.0237,-0.3262,0.1573,0
NCFB-002471,0.0256,0.246,0.0533,-0.3914,0.1743,0
NCFB-002472,0.9007,0.0266,0.2055,0.0228,0.0509,0
NCFB-002473,0.1752,0.1233,0.3714,-0.3748,0.0837,0
NCFB-002474,0.2804,0.0654,0.1192,1.6438,0.1901,0
NCFB-002475,0.1802,0.2378,0.3734,-1.4825,0.2758,0
NCFB-002476,0.0964,0.1019,0.038,0.5117,0.1076,0
NCFB-002477,0.2237,0.048,0.0781,0.24,0.2982,0
NCFB-002478,0.0304,0.4466,0.0795,0.447,0.2094,0
NCFB-002479,0.1053,0.1974,0.1762,-0.2194,0.1779,0
NCFB-002480,0.0872,0.2426,0.0466,0.4611,0.0622,0
NCFB-002481,0.4861,0.0964,0.0217,0.3472,0.1099,0
NCFB-002482,0.1938,0.0042,0.0316,0.1686,0.0294,0
NCFB-002483,0.3974,0.0398,0.2233,-0.8524,0.1966,0
NCFB-002484,0.7963,0.171,0.0022,2.4533,0.0376,0
NCFB-002485,0.058,0.2738,0.0376,0.5251,0.2281,0
NCFB-002486,0.627,0.0907,0.1408,0.0674,0.0534,0
NCFB-002487,0.1637,0.1058,0.1369,0.0136,0.2583,0
NCFB-002488,0.0971,0.0321,0.0816,-0.2024,0.0992,0
NCFB-002489,0.2752,0.1219,0.0672,-0.4746,0.0348,0
NCFB-002490,0.1382,0.1451,0.0417,0.1791,0.0049,0
NCFB-002491,0.0948,0.1859,0.1143,0.8255,0.0869,0
NCFB-002492,0.147,0.152,0.0796,1.1118,0.4155,0
NCFB-002493,0.2799,0.2963,0.0294,-0.1157,0.0028,0
NCFB-002494,0.551,0.0167,0.1429,-1.2975,0.0126,0
NCFB-002495,0.1154,0.0461,0.3758,2.0684,0.1252,0
NCFB-002496,0.0072,0.104,0.1154,1.9135,0.0174,0
NCFB-002497,0.5451,0.0936,0.2163,0.4576,0.3942,0
NCFB-002498,0.0451,0.0367,0.033,-0.1277,0.0401,0
NCFB-002499,1.9981,0.1666,0.1823,2.0175,0.3078,0
NCFB-002500,3.256,0.9557,1.2197,4.516,2.0412,1
NCFB-002501,0.5678,0.0486,0.3245,-0.3846,0.1147,0
NCFB-002502,0.4886,0.0418,0.0269,0.7791,0.0747,0
NCFB-002503,0.8548,0.1987,0.3139,0.8509,0.0723,0
NCFB-002504,0.1441,0.4419,0.0723,0.6246,0.2959,0
NCFB-002505,0.0052,0.1725,0.2785,-1.5435,0.0542,0
NCFB-002506,0.2973,0.0712,0.048,-0.631,0.0743,0
NCFB-002507,0.2212,0.0774,0.4693,-0.4332,0.1412,0
NCFB-002508,0.3152,0.0585,0.2851,0.2942,0.0202,0
NCFB-002509,1.6197,0.0008,0.105,0.1868,0.0949,0
NCFB-002510,1.2021,0.1496,0.1374,-0.3173,0.2279,0
NCFB-002511,0.7261,0.0138,0.0374,-0.8993,0.0202,0
NCFB-002512,0.1927,0.2842,0.0123,1.1055,0.1176,0
NCFB-002513,0.498,0.1222,0.1661,0.4524,0.2511,0
NCFB-002514,0.3011,0.1695,0.3207,0.3171,0.2271,0
NCFB-002515,0.5132,0.045,0.1947,-0.2749,0.0269,0
NCFB-002516,0.2463,0.3604,0.0319,-0.3015,0.2095,0
NCFB-002517,0.034,0.2823,0.2646,-1.3866,0.5654,0
NCFB-002518,1.1514,0.4601,0.0343,-0.0076,0.0077,0
NCFB-002519,0.0962,0.3282,0.1258,0.6554,0.065,0
NCFB-002520,0.2853,0.0377,0.0869,-0.9443,0.1992,0
NCFB-002521,0.1449,0.015,0.133,0.8769,0.0692,0
NCFB-002522,0.171,0.084,0.2675,0.5226,0.2682,0
NCFB-002523,0.1959,0.0748,0.0501,-0.0112,0.4135,0
NCFB-002524,0.2522,0.1741,0.1843,0.2574,0.0029,0
NCFB-002525,0.2083,0.0595,0.0409,-1.3972,0.0927,0
NCFB-002526,0.2542,0.2403,0.0296,0.0106,0.0815,0
NCFB-002527,0.1219,0.2726,0.3173,-0.6396,0.0637,0
NCFB-002528,0.0868,0.2854,0.0156,0.9401,0.0023,0
NCFB-002529,0.0423,0.0291,0.0351,0.1001,0.2694,0
NCFB-002530,0.8877,0.2067,0.0526,0.612,0.0041,0
NCFB-002531,0.2715,0.0882,0.1329,0.7177,0.0874,0
NCFB-002532,0.6264,0.0526,0.2037,0.1341,0.1141,0
NCFB-002533,3.2747,0.5598,0.9283,3.9382,1.9481,1
NCFB-002534,0.2393,0.3916,0.4687,0.0267,0.0041,0
NCFB-002535,0.4337,0.1838,0.0531,0.3719,0.1085,0
NCFB-002536,0.3337,0.1362,0.0414,-0.0237,0.2248,0
NCFB-002537,0.0433,0.2998,0.0263,-0.4895,0.0708,0
NCFB-002538,0.0433,0.1683,0.1629,-0.0332,0.4483,0
NCFB-002539,0.2989,0.0413,0.0922,-1.5792,0.5867,0
NCFB-002540,0.1673,0.6774,0.0793,-0.1989,0.0902,0
NCFB-002541,0.0523,0.124,0.0461,0.3987,0.2475,0
NCFB-002542,0.009,0.1322,0.1822,-0.0791,0.2341,0
NCFB-002543,0.2745,0.0873,0.2246,0.4293,0.0693,0
NCFB-002544,1.1229,0.1328,0.1517,-1.1272,0.3486,0
NCFB-002545,3.478,0.9802,1.4374,5.5038,1.8927,1
NCFB-002546,0.3277,0.3015,0.212,-1.4372,0.1003,0
NCFB-002547,0.3754,0.0296,0.0232,0.6456,0.1475,0
NCFB-002548,0.1548,0.0051,0.0089,0.4188,0.2098,0
NCFB-002549,0.0201,0.1493,0.0148,0.8518,0.9635,0
NCFB-002550,0.718,0.6464,0.2408,0.5297,0.042,0
NCFB-002551,0.236,0.2521,0.0133,0.3186,0.0124,0
NCFB-002552,0.264,0.1169,0.0662,-0.0241,0.0802,0
NCFB-002553,0.2415,0.0223,0.0433,-0.1396,0.1119,0
NCFB-002554,1.1818,0.0796,0.0554,-0.173,0.4252,0
NCFB-002555,0.6546,0.0982,0.0245,1.3742,0.2795,0
NCFB-002556,0.3182,0.1852,0.1132,-0.0425,0.3041,0
NCFB-002557,0.4622,0.0882,0.236,1.2407,0.4985,0
NCFB-002558,0.6693,0.142,0.0938,-0.3984,0.0437,0
NCFB-002559,0.0926,0.1615,0.0993,-0.5901,0.1675,0
NCFB-002560,0.9278,0.1095,0.0619,1.3635,0.1376,0
NCFB-002561,0.2542,0.1975,0.0618,-0.4322,0.0097,0
NCFB-002562,0.1052,0.2188,0.0132,0.5861,0.0099,0
NCFB-002563,0.0613,0.1824,0.112,0.6434,0.1346,0
NCFB-002564,0.2093,0.219,0.1706,-0.104,0.1105,0
NCFB-002565,0.0808,0.0576,0.3816,-0.0487,0.1984,0
NCFB-002566,0.6174,0.0676,0.0859,0.0569,0.2854,0
NCFB-002567,0.0872,0.3503,0.1333,0.2644,0.2621,0
NCFB-002568,0.4292,0.1047,0.1623,0.1861,0.0338,0
NCFB-002569,1.1094,0.0388,0.0743,1.098,0.1312,0
NCFB-002570,0.074,0.3541,0.12,0.9818,0.0845,0
NCFB-002571,0.0405,0.1564,0.0764,-0.0785,0.0425,0
NCFB-002572,0.1229,0.078,0.0468,0.4713,0.0994,0
NCFB-002573,0.3596,0.0803,0.0095,0.0764,0.0034,0
NCFB-002574,0.1105,0.0277,0.0157,0.3994,0.1851,0
NCFB-002575,1.4164,0.1506,0.0091,0.3532,0.0898,0
NCFB-002576,0.933,0.0452,0.3392,-0.5268,0.3421,0
NCFB-002577,0.1652,0.2395,0.0882,0.3407,0.0999,0
NCFB-002578,1.1586,0.0676,0.0381,0.9566,0.1865,0
NCFB-002579,0.1159,0.1433,0.1506,0.6683,0.1251,0
NCFB-002580,0.2445,0.1081,0.3029,0.0732,0.156,0
NCFB-002581,0.1689,0.1082,0.0778,0.7046,0.3891,0
NCFB-002582,0.3013,0.0422,0.0308,0.3593,0.1532,0
NCFB-002583,1.1517,0.4336,0.0083,1.034,0.0909,0
NCFB-002584,0.5332,0.201,0.0445,-0.1362,0.3146,0
NCFB-002585,0.0158,0.0904,0.0504,0.8411,0.0307,0
NCFB-002586,0.5246,0.2778,0.0187,0.0074,0.2737,0
NCFB-002587,0.5654,0.1405,0.0056,0.6573,0.0369,0
NCFB-002588,0.0307,0.0396,0.2216,-0.9598,0.1395,0
NCFB-002589,0.0931,0.0325,0.3325,1.4167,0.0697,0
NCFB-002590,0.1117,0.1224,0.0874,0.1764,0.0298,0
NCFB-002591,1.3907,0.1615,0.0575,0.3736,0.127,0
NCFB-002592,0.1574,0.1923,0.0763,-0.1793,0.4038,0
NCFB-002593,0.5547,0.3645,0.0658,0.2716,0.06,0
NCFB-002594,0.2448,0.135,0.3043,-1.7028,0.0453,0
NCFB-002595,0.0039,0.0566,0.0564,0.756,0.0385,0
NCFB-002596,0.1177,0.0227,0.169,0.0101,0.0369,0
NCFB-002597,0.557,0.043,0.0634,0.4866,0.0485,0
NCFB-002598,0.1799,0.0693,0.1411,-0.4526,0.0414,0
NCFB-002599,0.7735,0.3895,0.0124,0.8157,0.1137,0
NCFB-002600,1.5292,0.1652,0.1637,-1.1077,0.0327,0
NCFB-002601,3.4588,0.8902,1.47,3.3644,1.4553,1
NCFB-002602,0.2786,0.29,0.0017,-0.9435,0.2047,0
NCFB-002603,0.7626,0.477,0.0332,0.0818,0.1818,0
NCFB-002604,0.2268,0.1017,0.0468,1.6172,0.0083,0
NCFB-002605,0.0872,0.1847,0.1854,0.8566,0.0674,0
NCFB-002606,0.4467,0.0369,0.0223,0.5229,0.5164,0
NCFB-002607,0.7629,0.0969,0.0042,-0.3926,0.1872,0
NCFB-002608,0.506,0.2076,0.1543,0.8999,0.0035,0
NCFB-002609,0.0995,0.1225,0.079,-0.726,0.4686,0
NCFB-002610,0.6537,0.165,0.0783,0.7597,0.2901,0
NCFB-002611,0.5186,0.2247,0.137,-0.8782,0.133,0
NCFB-002612,0.275,0.0872,0.3039,-0.7323,0.1035,0
NCFB-002613,1.1538,0.4049,0.2051,0.7039,0.0441,0
NCFB-002614,0.1506,0.0939,0.1636,0.8838,0.0242,0
NCFB-002615,0.113,0.1377,0.0052,1.0685,0.0418,0
NCFB-002616,0.9887,0.0534,0.0242,0.8265,0.2495,0
NCFB-002617,0.6733,0.1488,0.0715,-0.2564,0.0231,0
NCFB-002618,1.9082,0.7126,-2.1252,1.7792,1.0974,1
NCFB-002619,0.9446,0.1073,0.3627,1.1158,0.0399,0
NCFB-002620,0.4371,0.0925,0.0238,-0.2718,0.0352,0
NCFB-002621,0.0653,0.0065,0.0226,-0.1188,0.0698,0
NCFB-002622,0.2428,0.0996,0.1012,-0.8339,0.0027,0
NCFB-002623,0.0521,0.2979,0.3262,0.5536,0.0936,0
NCFB-002624,0.0566,0.1509,0.1954,-2.785,0.188,0
NCFB-002625,0.4618,0.0941,0.0041,0.822,0.6255,0
NCFB-002626,0.1111,0.2346,0.0312,-0.4726,0.1726,0
NCFB-002627,0.1739,0.1152,0.3257,1.2782,0.0028,0
NCFB-002628,0.9248,0.3305,0.1019,-0.2299,0.1593,0
NCFB-002629,0.2958,0.0808,0.1564,0.7013,0.0671,0
NCFB-002630,0.0909,0.0263,0.0471,-1.1347,0.073,0
NCFB-002631,0.7638,0.3731,0.241,0.4125,0.0743,0
NCFB-002632,0.0941,0.0619,0.0447,-1.63,0.2106,0
NCFB-002633,0.244,0.0863,0.0064,0.5242,0.0414,0
NCFB-002634,0.1005,0.0334,0.0424,0.6944,0.0319,0
NCFB-002635,0.0694,0.0194,0.156,0.0428,0.0767,0
NCFB-002636,2.3546,0.8796,0.7747,5.3913,1.5902,1
NCFB-002637,0.2162,0.0914,0.4446,-0.4969,0.0404,0
NCFB-002638,0.0198,0.1877,0.2089,0.3392,0.0492,0
NCFB-002639,0.1945,0.3032,0.0228,-0.2518,0.0477,0
NCFB-002640,0.0225,0.1537,0.0075,0.3814,0.4768,0
NCFB-002641,0.2143,0.5059,0.0685,0.0326,0.0782,0
NCFB-002642,0.1535,0.276,0.2819,0.8341,0.0193,0
NCFB-002643,0.1501,0.2562,0.17,-0.1337,0.1822,0
NCFB-002644,0.017,0.2052,0.0709,0.4635,0.1508,0
NCFB-002645,3.6793,0.8851,0.9376,5.1492,1.8653,1
NCFB-002646,0.1121,0.0348,0.0085,1.3852,0.3232,0
NCFB-002647,0.3142,0.4229,0.0611,0.7046,0.0418,0
NCFB-002648,0.3844,0.2125,0.025,0.3719,0.0716,0
NCFB-002649,0.1195,0.2966,0.1827,-1.1109,0.2333,0
NCFB-002650,0.1973,0.0515,0.0777,0.1052,0.1982,0
NCFB-002651,0.617,0.0394,0.3116,0.7515,0.0026,0
NCFB-002652,0.4317,0.051,0.1156,-0.8239,0.2546,0
NCFB-002653,2.746,0.9847,1.2069,3.7489,1.9677,1
NCFB-002654,0.3296,0.1376,0.1025,0.7322,0.0193,0
NCFB-002655,0.0503,0.0411,0.2327,-0.4265,0.2377,0
NCFB-002656,0.3672,0.1629,0.0647,-0.5104,0.0442,0
NCFB-002657,0.0501,0.0895,0.0255,-0.4248,0.1586,0
NCFB-002658,1.4156,0.1645,0.2922,0.0492,0.0214,0
NCFB-002659,0.2514,0.0894,0.0748,-0.3691,0.0371,0
NCFB-002660,0.1907,0.0199,0.0758,-0.2838,0.531,0
NCFB-002661,1.1903,0.0953,0.0051,-0.842,0.0752,0
NCFB-002662,0.1709,0.0825,0.0778,0.5366,0.0363,0
NCFB-002663,0.0439,0.3452,0.124,-1.1718,0.1866,0
NCFB-002664,3.2807,0.8706,1.339,4.5546,2.1185,1
NCFB-002665,0.1373,0.056,0.0044,1.1872,0.0877,0
NCFB-002666,0.0312,0.0955,0.1232,0.8683,0.4784,0
NCFB-002667,0.5412,0.0524,0.0804,-0.787,0.005,0
NCFB-002668,0.1012,0.0246,0.0454,0.5804,0.149,0
NCFB-002669,0.0858,0.219,0.0451,0.454,0.0667,0
NCFB-002670,3.2168,0.7756,1.9599,5.0788,1.9291,1
NCFB-002671,0.2658,0.0991,0.1348,-0.0532,0.3213,0
NCFB-002672,0.16,0.0581,0.2093,-0.6451,0.2595,0
NCFB-002673,0.3509,0.1723,0.3312,0.532,0.226,0
NCFB-002674,0.4364,0.2176,0.0305,-0.1476,0.1274,0
NCFB-002675,0.0336,0.1513,0.0486,2.2693,0.3764,0
NCFB-002676,0.054,0.1023,0.1145,1.1611,0.3436,0
NCFB-002677,0.2688,0.0591,0.0196,0.136,0.1133,0
NCFB-002678,0.0297,0.0949,0.0753,0.3708,0.0168,0
NCFB-002679,0.1528,0.1362,0.1857,0.365,0.0726,0
NCFB-002680,0.5781,0.0517,0.0977,-0.7778,0.0574,0
NCFB-002681,0.1704,0.0262,0.0917,0.2313,0.4113,0
NCFB-002682,0.0428,0.2401,0.2455,-0.229,0.0087,0
NCFB-002683,0.1093,0.1629,0.1001,0.6726,0.0126,0
NCFB-002684,0.0928,0.1014,0.2234,-1.2716,0.031,0
NCFB-002685,0.4537,0.3549,0.0129,0.3226,0.2816,0
NCFB-002686,0.1193,0.0788,0.0745,0.6096,0.1498,0
NCFB-002687,0.0893,0.1663,0.0666,0.0254,0.2141,0
NCFB-002688,0.3379,0.1406,0.0334,0.8764,0.0091,0
NCFB-002689,0.3771,0.0492,0.1211,-0.01,0.1387,0
NCFB-002690,0.6648,0.1755,0.2009,-0.8094,0.0651,0
NCFB-002691,0.2403,0.153,0.234,-1.1249,0.1679,0
NCFB-002692,0.9265,0.1833,0.1226,0.8285,0.0104,0
NCFB-002693,0.0395,0.2127,0.1204,-0.2927,0.0047,0
NCFB-002694,0.4198,0.4513,0.1379,0.6193,0.0294,0
NCFB-002695,0.606,0.2012,0.1528,-0.2568,0.0345,0
NCFB-002696,0.3939,0.182,0.049,0.4955,0.1836,0
NCFB-002697,1.1811,0.0307,0.0882,0.3292,0.0999,0
NCFB-002698,3.3252,0.8903,1.0238,3.6912,1.9698,1
NCFB-002699,0.4649,0.0989,0.2317,1.1978,0.4214,0
NCFB-002700,0.2848,0.1555,0.1897,-0.6932,0.2459,0
NCFB-002701,0.5292,0.0473,0.115,0.1897,0.2004,0
NCFB-002702,0.3762,0.0417,0.0587,0.2852,0.0245,0
NCFB-002703,0.8556,0.209,0.0189,-0.6235,0.0382,0
NCFB-002704,0.6176,0.0475,0.1897,-0.4364,0.0363,0
NCFB-002705,2.5934,0.6646,0.666,5.2969,1.7075,1
NCFB-002706,0.0162,0.2845,0.0842,-0.0419,0.0385,0
NCFB-002707,0.0372,0.1273,0.0907,0.7085,0.118,0
NCFB-002708,0.0197,0.0888,0.3516,0.6937,0.4477,0
NCFB-002709,0.2037,0.1688,0.0963,0.266,0.1096,0
NCFB-002710,0.3794,0.1374,0.0184,-0.27,0.2529,0
NCFB-002711,0.4169,0.3452,0.049,0.9552,0.2346,0
NCFB-002712,0.1318,0.1098,0.3881,-1.2992,0.0883,0
NCFB-002713,0.5905,0.1892,0.0893,0.4699,0.0005,0
NCFB-002714,0.2873,0.0877,0.026,0.0942,0.2866,0
NCFB-002715,0.2731,0.0796,0.0101,-1.1182,0.5348,0
NCFB-002716,0.4952,0.2716,0.053,1.4841,0.1543,0
NCFB-002717,1.1078,0.0119,0.197,0.125,0.0828,0
NCFB-002718,0.3322,0.1427,0.193,1.613,0.4584,0
NCFB-002719,0.4031,0.0623,0.0465,0.593,0.0051,0
NCFB-002720,0.0679,0.145,0.0694,-0.8344,0.3269,0
NCFB-002721,0.6054,0.1507,0.0737,-0.2536,0.3352,0
NCFB-002722,0.0964,0.1268,0.292,0.3432,0.1553,0
NCFB-002723,0.0435,0.0467,0.1937,0.2533,0.0049,0
NCFB-002724,0.1766,0.0844,0.0718,-1.8819,0.3174,0
NCFB-002725,0.0288,0.0526,0.0191,-1.2979,0.091,0
NCFB-002726,0.2449,0.0583,0.0699,-0.0425,0.1916,0
NCFB-002727,0.1018,0.2118,0.1471,0.4329,0.0799,0
NCFB-002728,0.2401,0.2887,0.1049,0.6092,0.4526,0
NCFB-002729,0.2762,0.1292,0.0168,-1.0429,0.2483,0
NCFB-002730,0.5331,0.2425,0.0308,0.2818,0.2149,0
NCFB-002731,0.4016,0.0493,0.3144,-1.0867,0.1692,0
NCFB-002732,0.1486,0.0651,0.0254,0.476,0.2998,0
NCFB-002733,1.7284,0.0906,0.1591,-1.5828,0.2219,0
NCFB-002734,0.7493,0.0635,0.211,0.6136,0.0347,0
NCFB-002735,0.0587,0.0477,0.0088,-0.1648,0.0461,0
NCFB-002736,0.1803,0.2996,0.0766,0.2458,0.5595,0
NCFB-002737,3.4773,0.7161,1.0002,4.1998,1.7137,1
NCFB-002738,0.0829,0.0148,0.0335,-0.4462,0.0185,0
NCFB-002739,1.5605,0.1264,0.0358,0.4455,0.2404,0
NCFB-002740,1.1837,0.0942,0.1766,0.16,0.4225,0
NCFB-002741,0.1932,0.1741,0.0551,0.5026,0.2922,0
NCFB-002742,0.0491,0.1284,0.0996,-0.8634,0.0253,0
NCFB-002743,0.8884,0.368,0.1861,0.4248,0.1993,0
NCFB-002744,0.0141,0.1848,0.0745,-0.6438,0.0676,0
NCFB-002745,0.2956,0.069,0.0967,1.0385,0.0655,0
NCFB-002746,0.2139,0.085,0.1081,-0.6809,0.1711,0
NCFB-002747,0.2339,0.0566,0.0058,0.3391,0.0734,0
NCFB-002748,0.3346,0.1362,0.0944,-0.7739,0.1779,0
NCFB-002749,0.0826,0.4477,0.0538,0.4257,0.0065,0
NCFB-002750,0.7606,0.098,0.0482,-0.0627,0.0214,0
NCFB-002751,0.1346,0.0828,0.0176,-1.1473,0.0819,0
NCFB-002752,0.0533,0.0764,0.1003,-0.3007,0.0418,0
NCFB-002753,0.5532,0.0028,0.2234,-1.0622,0.0911,0
NCFB-002754,0.0225,0.0363,0.1443,-0.5917,0.0239,0
NCFB-002755,0.407,0.2312,0.0243,-0.1841,0.2099,0
NCFB-002756,0.0056,0.1605,0.0413,0.0306,0.0414,0
NCFB-002757,0.0162,0.332,0.1029,0.9642,0.1129,0
NCFB-002758,0.0919,0.0894,0.3995,0.6995,0.099,0
NCFB-002759,0.06,0.161,0.0244,0.8175,0.1142,0
NCFB-002760,0.7298,0.133,0.0382,-0.2059,0.002,0
NCFB-002761,0.2626,0.0316,0.5227,-0.04,0.0979,0
NCFB-002762,0.063,0.11,0.1709,-1.4645,0.0225,0
NCFB-002763,0.2986,0.3904,0.0108,0.7143,0.0118,0
NCFB-002764,0.0096,0.0927,0.0292,-0.4061,0.2004,0
NCFB-002765,0.3048,0.0661,0.1019,-1.3214,0.0556,0
NCFB-002766,0.4842,0.2031,0.1896,0.1785,0.0916,0
NCFB-002767,1.0378,0.2705,0.2249,1.3649,0.0577,0
NCFB-002768,0.0763,0.0941,0.096,-0.7938,0.5366,0
NCFB-002769,0.5331,0.118,0.0145,-1.2967,0.0044,0
NCFB-002770,0.301,0.1441,0.0019,0.7708,0.1206,0
NCFB-002771,0.2182,0.1812,0.1599,-1.0148,0.1338,0
NCFB-002772,0.4425,0.1208,0.0971,-0.2371,0.0479,0
NCFB-002773,0.8715,0.2204,0.1413,0.3812,0.01,0
NCFB-002774,0.0599,0.1926,0.1334,-1.3229,0.0363,0
NCFB-002775,0.2374,0.0904,0.0055,0.261,0.167,0
NCFB-002776,0.0865,0.1907,0.0917,0.7053,0.1196,0
NCFB-002777,0.0838,0.0494,0.1693,1.0613,0.1367,0
NCFB-002778,0.1047,0.0269,0.0924,-1.2306,0.1896,0
NCFB-002779,0.6812,0.4909,0.1163,0.715,0.1905,0
NCFB-002780,0.2216,0.4376,0.1311,-1.5463,0.9946,0
NCFB-002781,0.2583,0.3239,0.5162,1.0549,0.289,0
NCFB-002782,0.201,0.1162,0.0603,0.2538,0.1607,0
NCFB-002783,0.2011,0.4658,0.0316,-0.7949,0.0075,0
NCFB-002784,0.0094,0.1027,0.2525,0.2188,0.0015,0
NCFB-002785,0.2487,0.3609,0.1036,0.1301,0.2729,0
NCFB-002786,0.7224,0.1836,0.0057,0.7618,0.0774,0
NCFB-002787,0.0203,0.2221,0.1234,0.0982,0.3427,0
NCFB-002788,0.0086,0.081,0.161,0.5968,0.0642,0
NCFB-002789,0.6153,0.0975,0.1674,-0.9905,0.0254,0
NCFB-002790,0.1875,0.0401,0.345,-0.833,0.0317,0
NCFB-002791,0.0593,0.1964,0.0195,-1.9954,0.0187,0
NCFB-002792,0.1825,0.1913,0.2352,0.749,0.1156,0
NCFB-002793,0.1658,0.1015,0.0288,-0.2347,0.0293,0
NCFB-002794,0.3085,0.3483,0.0908,-0.4909,0.2965,0
NCFB-002795,0.3489,0.3174,0.0228,0.0102,0.0383,0
NCFB-002796,0.2173,0.0614,0.1593,0.8981,0.1233,0
NCFB-002797,0.4852,0.0188,0.116,0.3502,0.0958,0
NCFB-002798,0.0247,0.2469,0.0885,0.1754,0.2389,0
NCFB-002799,0.2245,0.1697,0.021,-0.0369,0.0763,0
NCFB-002800,0.1296,0.1472,0.036,0.2221,0.1782,0
NCFB-002801,0.1442,0.3019,0.1794,-1.0949,0.0636,0
NCFB-002802,0.245,0.119,0.1701,0.6941,0.0241,0
NCFB-002803,0.0011,0.0269,0.0208,-0.4413,0.0419,0
NCFB-002804,0.2616,0.0709,0.0545,-0.2123,0.2685,0
NCFB-002805,0.1621,0.0406,0.0457,1.4618,0.1531,0
NCFB-002806,0.6207,0.4201,0.1321,-0.5719,0.1541,0
NCFB-002807,0.0796,0.1385,0.3084,0.2202,0.0451,0
NCFB-002808,0.4546,0.0141,0.1624,0.6441,0.0095,0
NCFB-002809,0.3923,0.1148,0.0882,-0.2244,0.1077,0
NCFB-002810,0.8399,0.119,0.0751,-0.4733,0.1748,0
NCFB-002811,0.1799,0.1556,0.0395,1.2345,0.0083,0
NCFB-002812,0.0089,0.1003,0.2165,0.2406,0.0468,0
NCFB-002813,3.0211,0.6169,1.047,5.4937,1.882,1
NCFB-002814,0.6653,0.0604,0.1026,-0.0366,0.2755,0
NCFB-002815,0.0934,0.0365,0.3338,-1.3162,0.0721,0
NCFB-002816,0.3093,0.2865,0.184,-0.5676,0.1194,0
NCFB-002817,0.8406,0.1043,0.3589,-0.1187,0.2568,0
NCFB-002818,0.1736,0.215,0.2519,-0.4796,0.0236,0
NCFB-002819,0.0644,0.2086,0.0598,0.5168,0.056,0
NCFB-002820,0.8292,0.1349,0.4263,-0.1361,0.0607,0
NCFB-002821,0.1125,0.1415,0.094,-1.3492,0.0327,0
NCFB-002822,0.2198,0.0205,0.0419,1.057,0.1373,0
NCFB-002823,0.3061,0.0466,0.1162,0.3441,0.005,0
NCFB-002824,0.0691,0.1285,0.0991,-0.3027,0.2543,0
NCFB-002825,0.0413,0.0983,0.0775,-0.0843,0.1497,0
NCFB-002826,1.3064,0.1178,0.0001,-1.0227,0.0551,0
NCFB-002827,0.292,0.0507,0.1303,-1.0747,0.0155,0
NCFB-002828,2.83,0.8996,1.3367,4.5366,1.7028,1
NCFB-002829,0.5778,0.0252,0.0191,1.0267,0.2412,0
NCFB-002830,0.0525,0.2163,0.2016,0.8572,0.2746,0
NCFB-002831,0.1192,0.0143,0.0428,0.4382,0.0093,0
NCFB-002832,0.0444,0.0571,0.1945,0.7327,0.0022,0
NCFB-002833,0.0647,0.2808,0.0315,-0.4634,0.0918,0
NCFB-002834,3.3805,0.8635,1.1031,3.6954,1.7921,1
NCFB-002835,0.342,0.1617,0.0198,-0.3412,0.0646,0
NCFB-002836,0.0104,0.0892,0.1865,0.9309,0.0086,0
NCFB-002837,1.5172,0.4113,0.1779,1.3361,0.1245,0
NCFB-002838,0.2816,0.0853,0.127,0.9167,0.1298,0
NCFB-002839,0.247,0.1808,0.3093,0.3424,0.0275,0
NCFB-002840,0.7381,0.0174,0.0658,-0.1589,0.151,0
NCFB-002841,0.4161,0.035,0.1014,-0.5133,0.0444,0
NCFB-002842,0.2383,0.0476,0.1395,-1.0948,0.0246,0
NCFB-002843,0.0702,0.1452,0.08,-1.0079,0.228,0
NCFB-002844,2.2301,2.3006,2.2069,3.0283,2.8765,0
NCFB-002845,3.4488,0.9107,1.1598,5.2056,1.5313,1
NCFB-002846,0.597,0.2649,0.2827,0.5528,0.2601,0
NCFB-002847,0.5826,0.2099,0.1363,1.5599,0.0395,0
NCFB-002848,0.1454,0.4916,0.2287,1.2094,0.2138,0
NCFB-002849,0.7028,0.0993,0.1547,-0.1728,0.1359,0
NCFB-002850,0.0489,0.1897,0.3124,-0.5049,0.2075,0
NCFB-002851,0.0849,0.0706,0.2885,0.0751,0.0695,0
NCFB-002852,0.5499,0.0236,0.1284,0.2304,0.1209,0
NCFB-002853,3.5264,0.9681,1.227,4.6416,1.8267,1
NCFB-002854,0.6484,0.2263,0.0861,0.3516,0.1456,0
NCFB-002855,0.6726,0.1728,0.0396,0.8256,0.239,0
NCFB-002856,0.0033,0.005,0.3049,-0.5927,0.1044,0
NCFB-002857,1.6883,0.0987,0.0474,-0.1999,0.1657,0
NCFB-002858,0.617,0.0577,0.0233,1.0958,0.1097,0
NCFB-002859,0.2285,0.0955,0.0796,0.4197,0.092,0
NCFB-002860,0.475,0.1839,0.1628,-0.1489,0.0108,0
NCFB-002861,0.0783,0.0274,0.1317,0.2529,0.2721,0
NCFB-002862,0.0637,0.3792,0.0341,0.9231,0.0799,0
NCFB-002863,1.1604,0.4071,0.1058,0.0466,0.2488,0
NCFB-002864,0.0276,0.0816,0.4333,-0.0302,0.0209,0
NCFB-002865,0.2208,0.0484,0.0837,1.2805,0.3181,0
NCFB-002866,0.0442,0.241,0.0848,1.2799,0.425,0
NCFB-002867,0.5043,0.1547,0.0457,-1.9389,0.526,0
NCFB-002868,0.0447,0.0088,0.4536,0.4194,0.0308,0
NCFB-002869,3.2697,0.7965,1.1128,3.893,1.5844,1
NCFB-002870,1.1105,0.1158,0.0791,-0.8014,0.2944,0
NCFB-002871,0.2032,0.247,0.0496,0.0667,0.1097,0
NCFB-002872,0.1702,0.0576,0.0484,0.2024,0.2739,0
NCFB-002873,0.4658,0.0303,0.0564,0.9472,0.0694,0
NCFB-002874,0.2588,0.15,0.0546,-0.2112,0.5903,0
NCFB-002875,0.477,0.1169,0.0472,-0.8857,1.5955,0
NCFB-002876,0.5867,0.0566,0.0525,1.3099,0.1642,0
NCFB-002877,0.4546,0.0629,0.0243,-1.1936,0.0651,0
NCFB-002878,0.2759,0.0223,0.2444,-0.181,0.557,0
NCFB-002879,0.3026,0.2622,0.0165,-0.5407,0.056,0
NCFB-002880,0.3872,0.2944,0.229,0.4898,0.0061,0
NCFB-002881,0.0692,0.4489,0.3352,-0.2121,0.2595,0
NCFB-002882,2.4782,0.8104,1.532,3.6914,1.3215,1
NCFB-002883,0.327,0.041,0.0125,-0.0498,0.0698,0
NCFB-002884,0.0629,0.0574,0.1291,1.1103,0.0951,0
NCFB-002885,0.3795,0.5413,0.1369,-0.1406,0.0614,0
NCFB-002886,0.275,0.1995,0.1003,-1.0394,0.3905,0
NCFB-002887,0.1097,0.1715,0.0455,-0.2727,0.0146,0
NCFB-002888,0.2161,0.0214,0.0797,0.5219,0.0926,0
NCFB-002889,0.5597,0.2038,0.4942,0.0141,0.1314,0
NCFB-002890,0.3721,0.1249,0.022,2.1682,0.0086,0
NCFB-002891,0.0101,0.1408,0.0936,1.411,0.0447,0
NCFB-002892,0.1308,0.1764,0.0768,0.2595,0.1566,0
NCFB-002893,0.0996,0.0506,0.118,1.4544,0.1897,0
NCFB-002894,0.2095,0.2532,0.0793,-0.2625,0.2229,0
NCFB-002895,0.4002,0.0762,0.0583,0.6251,0.2103,0
NCFB-002896,3.3964,0.9796,1.4255,4.7792,1.9491,1
NCFB-002897,0.0186,0.1154,0.0086,0.2799,0.9836,0
NCFB-002898,0.6082,0.169,0.0367,0.2877,0.3237,0
NCFB-002899,0.3413,0.1483,0.0367,-0.5515,0.0637,0
NCFB-002900,0.154,0.2,0.1353,-0.8437,0.3269,0
NCFB-002901,0.036,0.2258,0.0324,-0.4795,0.2023,0
NCFB-002902,0.0475,0.1173,0.0595,-0.6114,0.0076,0
NCFB-002903,0.577,0.1291,0.1866,0.0794,0.0343,0
NCFB-002904,0.9348,0.0505,0.2705,-0.1003,0.1419,0
NCFB-002905,0.5101,0.0851,0.1257,-0.4035,0.0305,0
NCFB-002906,0.1265,0.3684,0.1696,-0.5904,0.0426,0
NCFB-002907,0.4695,0.3953,0.2324,0.6863,0.3786,0
NCFB-002908,0.4168,0.4014,0.0226,-0.7174,0.2781,0
NCFB-002909,0.3818,0.3079,0.0519,-0.24,0.1067,0
NCFB-002910,0.0035,0.1707,0.0628,1.2066,0.1353,0
NCFB-002911,0.1324,0.1451,0.0792,-0.3112,0.0935,0
NCFB-002912,0.1143,0.2481,0.059,0.1009,0.1235,0
NCFB-002913,0.11,0.0083,0.1236,-0.3901,0.0123,0
NCFB-002914,1.9819,0.3233,0.0456,-0.6782,0.2481,0
NCFB-002915,0.4488,0.0082,0.0085,-0.1853,0.5031,0
NCFB-002916,0.1105,0.2152,0.0435,0.5486,0.0919,0
NCFB-002917,0.5363,0.3011,0.0618,-0.6035,0.2641,0
NCFB-002918,0.0263,0.263,0.3247,-0.6771,0.0487,0
NCFB-002919,0.9773,0.0677,0.0194,0.0223,0.1573,0
NCFB-002920,0.2838,0.129,0.027,0.1363,0.2673,0
NCFB-002921,0.647,0.1782,0.0686,0.423,0.306,0
NCFB-002922,0.3871,0.0719,0.0934,-0.648,0.0948,0
NCFB-002923,0.2082,0.0091,0.0202,-0.2176,0.2657,0
NCFB-002924,3.0822,0.9143,0.9349,5.2959,1.7809,1
NCFB-002925,0.1109,0.0641,0.0559,-0.3966,0.1352,0
NCFB-002926,0.5818,0.3496,0.1557,-0.9658,0.0576,0
NCFB-002927,0.1392,0.183,0.1307,0.0345,0.329,0
NCFB-002928,0.08,0.0219,0.2759,-0.0241,0.109,0
NCFB-002929,3.0745,0.9401,1.6105,5.2235,1.3621,1
NCFB-002930,0.1159,0.4985,0.0883,0.0221,0.0861,0
NCFB-002931,0.2129,0.0765,0.1304,0.8751,0.1423,0
NCFB-002932,0.0938,0.1642,0.1759,-1.2674,0.0826,0
NCFB-002933,0.0822,0.0415,0.0074,-0.6761,0.2574,0
NCFB-002934,0.2506,0.0347,0.3725,0.7173,0.1389,0
NCFB-002935,0.1119,0.134,0.0711,-0.6073,0.4048,0
NCFB-002936,0.0811,0.0659,0.0164,-0.4888,0.1807,0
NCFB-002937,0.2391,0.1575,0.2047,-0.0567,0.1896,0
NCFB-002938,0.2822,0.0892,0.0595,0.7503,0.0231,0
NCFB-002939,3.52,0.8985,1.4812,4.5776,2.4884,1
NCFB-002940,0.1881,0.0807,0.1094,-0.0572,0.0883,0
NCFB-002941,0.4017,0.084,0.0415,0.4058,0.0659,0
NCFB-002942,0.2419,0.2215,0.1864,-1.0547,0.0225,0
NCFB-002943,0.1642,0.1468,0.1113,-1.0332,0.1776,0
NCFB-002944,0.0834,0.3689,0.0661,-1.0464,0.1521,0
NCFB-002945,0.1018,0.2558,0.0876,0.5434,0.0469,0
NCFB-002946,0.2151,0.0522,0.0465,-0.1084,0.1184,0
NCFB-002947,0.0588,0.0847,0.0821,0.0234,0.4943,0
NCFB-002948,0.2468,0.084,0.0592,0.9535,0.1622,0
NCFB-002949,0.709,0.0604,0.0441,1.515,0.3458,0
NCFB-002950,0.4816,0.2967,0.0467,0.1886,0.0056,0
NCFB-002951,0.1157,0.0629,0.232,0.5947,0.3001,0
NCFB-002952,3.1368,0.9727,1.6157,4.6536,1.5728,1
NCFB-002953,0.0184,0.2162,0.2607,-0.7417,0.0716,0
NCFB-002954,0.3613,0.2253,0.0712,0.3452,0.5656,0
NCFB-002955,0.0141,0.2946,0.3171,-2.3235,0.1147,0
NCFB-002956,0.187,0.1871,0.015,-0.1937,0.2806,0
NCFB-002957,0.3627,0.3424,0.0253,1.1008,0.2223,0
NCFB-002958,0.9122,0.1054,0.308,-0.0442,0.3156,0
NCFB-002959,0.9406,0.0067,0.1826,0.8598,0.2237,0
NCFB-002960,0.0356,0.0591,0.1148,0.3233,0.0656,0
NCFB-002961,0.2154,0.0917,0.0327,-0.0535,0.0436,0
NCFB-002962,0.1778,0.1097,0.0733,0.4276,0.0904,0
NCFB-002963,0.2825,0.4563,0.1117,-1.2291,0.1738,0
NCFB-002964,0.1627,0.1203,0.116,1.461,0.6194,0
NCFB-002965,0.4578,0.1264,0.1667,-0.5056,0.194,0
NCFB-002966,0.4623,0.3016,0.2298,0.309,0.0327,0
NCFB-002967,0.0376,0.1008,0.076,-0.6899,0.0923,0
NCFB-002968,0.1459,0.1097,0.0205,0.4707,0.0734,0
NCFB-002969,0.234,0.0922,0.0486,0.0859,0.0971,0
NCFB-002970,0.2816,0.3126,0.1425,-0.7432,0.1523,0
NCFB-002971,0.0575,0.3906,0.0197,0.1839,0.0188,0
NCFB-002972,0.0714,0.0469,0.0742,0.0487,0.1491,0
NCFB-002973,0.0563,0.1175,0.1818,0.4318,0.2622,0
NCFB-002974,0.3898,0.0995,0.0463,-0.028,0.0548,0
NCFB-002975,0.341,0.4308,0.0589,0.5459,0.2015,0
NCFB-002976,0.0221,0.1137,0.1152,0.7586,1.1706,0
NCFB-002977,0.1476,0.2074,0.2302,0.9645,0.1992,0
NCFB-002978,0.1011,0.0445,0.0416,0.7345,0.0435,0
NCFB-002979,0.6111,0.0584,0.0372,0.1294,0.1476,0
NCFB-002980,0.8806,0.095,0.1362,-0.3861,0.5686,0
NCFB-002981,0.2314,0.2783,0.1368,0.491,0.0633,0
NCFB-002982,0.1066,0.1965,0.014,-0.7412,0.001,0
NCFB-002983,0.5026,0.1436,0.0631,-0.0748,0.023,0
NCFB-002984,0.341,0.2587,0.1754,-0.0201,0.0151,0
NCFB-002985,0.372,0.028,0.0322,-0.0302,0.1202,0
NCFB-002986,1.241,0.1923,0.2316,-0.1568,0.1196,0
NCFB-002987,0.4838,0.2321,0.1173,0.9382,0.0006,0
NCFB-002988,0.1398,0.0117,0.1027,0.5149,0.068,0
NCFB-002989,0.2121,0.1182,0.0528,-0.4394,0.0999,0
NCFB-002990,0.0498,0.2736,0.0464,-0.8208,0.1786,0
NCFB-002991,0.119,0.1979,0.0542,-0.8099,0.0033,0
NCFB-002992,3.6674,0.8971,1.4563,4.382,1.5604,1
NCFB-002993,0.1648,0.0792,0.3143,-0.0126,0.0395,0
NCFB-002994,0.2969,0.0862,0.065,1.1198,0.0052,0
NCFB-002995,0.2526,0.1599,0.0749,0.4798,0.0219,0
NCFB-002996,0.5733,0.1435,0.0607,1.0898,0.1161,0
NCFB-002997,0.05,0.4434,0.0964,0.2484,0.0808,0
NCFB-002998,0.0035,0.0126,0.2643,-0.0073,0.0492,0
NCFB-002999,0.4357,0.205,0.0069,-0.0453,0.1066,0
NCFB-003000,0.7746,0.1011,0.0505,0.0401,0.0571,0
NCFB-003001,1.5516,0.162,0.1377,0.2903,0.2074,0
NCFB-003002,1.1795,0.1899,0.1456,-0.0294,0.1587,0
NCFB-003003,0.03,0.3837,0.0704,0.1982,0.149,0
NCFB-003004,0.1632,0.2297,0.0115,-0.2134,0.0787,0
NCFB-003005,1.0522,0.4084,0.0765,-1.1758,0.3511,0
NCFB-003006,0.1508,0.3411,0.091,-0.9125,0.0825,0
NCFB-003007,0.3516,0.4177,0.4184,-0.9495,0.5101,0
NCFB-003008,0.3374,0.055,0.0416,-0.4838,0.1821,0
NCFB-003009,0.6865,0.0979,0.069,0.6411,0.057,0
NCFB-003010,0.0539,0.1373,0.1747,0.3596,0.0244,0
NCFB-003011,0.9416,0.0596,0.0839,0.9892,0.5953,0
NCFB-003012,0.0619,0.0964,0.1627,-0.9862,0.1579,0
NCFB-003013,0.0666,0.2658,0.0458,0.268,0.0254,0
NCFB-003014,0.144,0.0311,0.0829,0.1823,0.1208,0
NCFB-003015,0.1345,0.0564,0.0625,-0.0376,0.0229,0
NCFB-003016,0.0258,0.0828,0.0451,0.6633,0.1797,0
NCFB-003017,0.0381,0.1096,0.171,-0.7113,0.049,0
NCFB-003018,0.2245,0.0617,0.0459,0.9851,0.0254,0
NCFB-003019,0.5812,0.0124,0.007,-0.3998,0.0756,0
NCFB-003020,1.1479,0.1948,0.1534,-0.8219,0.0087,0
NCFB-003021,0.024,0.1771,0.0847,-1.1307,0.1264,0
NCFB-003022,0.4612,0.1579,0.208,-2.0684,0.0611,0
NCFB-003023,0.1071,0.0754,0.1152,0.6689,0.1018,0
NCFB-003024,0.0976,0.0425,0.0451,-0.8236,0.2382,0
NCFB-003025,0.2386,0.1555,0.1382,-0.2532,0.0004,0
NCFB-003026,0.1639,0.149,0.1757,0.1927,0.2955,0
NCFB-003027,0.018,0.0768,0.0366,0.5319,0.0044,0
NCFB-003028,0.091,0.2407,0.0583,1.1009,0.0502,0
NCFB-003029,3.3755,0.9032,1.3177,5.6078,1.9741,1
NCFB-003030,0.4687,0.2493,0.236,-0.412,0.0594,0
NCFB-003031,0.1818,0.142,0.1175,0.5681,0.1236,0
NCFB-003032,0.9301,0.1871,0.0357,-0.1073,0.0153,0
NCFB-003033,0.5883,0.0506,0.019,0.0395,0.2491,0
NCFB-003034,0.2625,0.2631,0.1437,-0.2925,0.4423,0
NCFB-003035,0.1385,0.1617,0.0805,-0.4246,0.1176,0
NCFB-003036,0.0041,0.0246,0.0277,-0.7592,0.0674,0
NCFB-003037,0.0794,0.1807,0.0689,1.2618,0.214,0
NCFB-003038,0.2218,0.0773,0.0632,-1.1059,0.29,0
NCFB-003039,0.4612,0.0024,0.0551,0.721,0.1191,0
NCFB-003040,0.5484,0.0956,0.025,0.3156,0.0921,0
NCFB-003041,0.4094,0.0421,0.4039,-0.7629,0.0577,0
NCFB-003042,0.4156,0.1235,0.1389,-0.2942,0.2218,0
NCFB-003043,0.5529,0.0958,0.1059,-0.2612,0.0816,0
NCFB-003044,0.1671,0.125,0.0895,-0.1982,0.1124,0
NCFB-003045,0.5757,0.2781,0.0555,-1.1073,0.2717,0
NCFB-003046,0.2684,0.0512,0.1436,-0.4959,0.0913,0
NCFB-003047,0.5338,0.1164,0.0834,0.8618,0.0224,0
NCFB-003048,0.272,0.1981,0.3369,0.6582,0.1511,0
NCFB-003049,0.0376,0.2804,0.0394,0.0575,0.321,0
NCFB-003050,0.1702,0.079,0.0671,-0.8401,0.0255,0
NCFB-003051,0.0057,0.1947,0.1095,0.2113,0.3212,0
NCFB-003052,1.89,0.1498,0.0424,-2.0498,0.0361,0
NCFB-003053,2.0621,0.182,0.151,-0.3595,0.2241,0
NCFB-003054,0.2886,0.104,0.0901,-0.017,0.1233,0
NCFB-003055,0.0676,0.2266,0.0376,0.0408,0.089,0
NCFB-003056,0.4602,0.0905,0.1493,-1.0297,0.2646,0
NCFB-003057,0.0946,0.103,0.577,0.1211,0.2935,0
NCFB-003058,0.0639,0.0648,0.1328,0.3187,0.2886,0
NCFB-003059,0.3736,0.1192,0.1966,0.8945,0.7608,0
NCFB-003060,0.1148,0.4267,0.0567,0.116,0.0218,0
NCFB-003061,0.3891,0.2678,0.179,0.1779,0.2012,0
NCFB-003062,0.0894,0.317,0.0393,0.6974,0.067,0
NCFB-003063,0.0775,0.2434,0.0036,0.0773,0.0407,0
NCFB-003064,0.0188,0.2054,0.0867,0.5676,0.0364,0
NCFB-003065,0.5135,0.1222,0.1741,-1.3276,0.151,0
NCFB-003066,0.825,0.1074,0.0993,0.138,0.0861,0
NCFB-003067,0.1996,0.1429,0.0043,-0.5779,0.0367,0
NCFB-003068,0.0968,0.0653,0.1833,-0.8996,0.4638,0
NCFB-003069,0.3603,0.0738,0.1353,0.2492,0.1478,0
NCFB-003070,0.0432,0.0832,0.2194,-0.1584,0.0566,0
NCFB-003071,1.1745,0.0573,0.0695,0.2031,0.2035,0
NCFB-003072,0.1641,0.1121,0.265,-0.6934,0.1202,0
NCFB-003073,0.292,0.1199,0.0967,-0.0533,0.2172,0
NCFB-003074,0.0623,0.3192,0.1861,-0.8007,0.1337,0
NCFB-003075,0.2633,0.097,0.0621,-0.0499,0.0323,0
NCFB-003076,0.0427,0.1656,0.0144,0.0596,0.0048,0
NCFB-003077,0.4119,0.1783,0.0606,-0.0372,0.0169,0
NCFB-003078,2.7928,0.9353,0.8796,5.6728,1.682,1
NCFB-003079,0.1389,0.2564,0.0134,0.025,0.0241,0
NCFB-003080,0.2481,0.127,0.3483,-1.016,0.3387,0
NCFB-003081,0.0873,0.2183,0.161,-0.6533,0.3299,0
NCFB-003082,0.5464,0.0186,0.1723,-0.3866,0.1764,0
NCFB-003083,1.2252,0.0265,0.4264,-0.9432,0.0312,0
NCFB-003084,0.7198,0.055,0.0113,0.2916,0.0682,0
NCFB-003085,0.2005,0.064,0.0106,0.2681,0.0933,0
NCFB-003086,0.3513,0.0035,0.2364,-0.3905,0.2002,0
NCFB-003087,0.0972,0.0627,0.1788,0.6275,0.0373,0
NCFB-003088,0.3395,0.1039,0.1044,-0.3973,0.1164,0
NCFB-003089,0.0821,0.0752,0.1005,0.6745,0.012,0
NCFB-003090,0.1038,0.0509,0.0338,-1.0341,0.0085,0
NCFB-003091,0.1111,0.1097,0.1095,-0.3115,0.3205,0
NCFB-003092,0.1513,0.4249,0.0097,0.2273,0.228,0
NCFB-003093,0.0171,0.3399,0.0624,-1.3969,0.0397,0
NCFB-003094,0.74,0.0146,0.0692,-0.2488,0.1495,0
NCFB-003095,0.2091,0.1902,0.0604,0.2143,0.1135,0
NCFB-003096,0.8426,0.0221,0.0927,0.9382,0.1939,0
NCFB-003097,0.3843,0.0676,0.1696,0.5207,0.1347,0
NCFB-003098,0.0796,0.0321,0.0339,-0.3298,0.0786,0
NCFB-003099,0.0865,0.0414,0.0847,0.5942,0.0584,0
NCFB-003100,0.154,0.1587,0.017,1.5222,0.1242,0
NCFB-003101,0.2303,0.2941,0.0842,1.2966,0.2056,0
NCFB-003102,0.1446,0.1045,0.0105,-0.7966,0.015,0
NCFB-003103,0.2731,0.0078,0.5319,-0.2171,0.0768,0
NCFB-003104,0.099,0.279,0.0431,1.1733,0.2182,0
NCFB-003105,0.007,0.2544,0.0334,-1.4968,0.0301,0
NCFB-003106,0.1358,0.0386,0.1812,-0.8214,0.0316,0
NCFB-003107,0.5863,0.0878,0.1276,0.2746,0.0513,0
NCFB-003108,0.2451,0.0049,0.4441,-1.0551,0.1285,0
NCFB-003109,0.6458,0.0428,0.1213,0.4229,0.384,0
NCFB-003110,0.3166,0.0276,0.1044,0.7426,0.093,0
NCFB-003111,0.1226,0.0472,0.014,-0.0096,0.0552,0
NCFB-003112,0.2848,0.0777,0.0058,-1.4957,0.1889,0
NCFB-003113,1.0781,0.0717,0.0952,-0.9973,0.5374,0
NCFB-003114,0.0483,0.2493,0.3718,0.9124,0.0549,0
NCFB-003115,0.2892,0.0883,0.117,-0.3714,0.1012,0
NCFB-003116,0.3917,0.1296,0.0438,0.6793,0.1912,0
NCFB-003117,0.0615,0.1238,0.2225,0.3131,0.0156,0
NCFB-003118,3.1686,0.6044,0.6303,4.4045,1.7035,1
NCFB-003119,0.1439,0.1823,0.2036,-0.1145,0.1448,0
NCFB-003120,0.6852,0.0028,0.1681,-0.6148,0.0711,0
NCFB-003121,1.1576,0.1771,0.0027,1.9143,0.0303,0
NCFB-003122,3.3316,0.9626,1.5737,3.3861,1.7301,1
NCFB-003123,0.0395,0.2363,0.0486,0.5473,0.022,0
NCFB-003124,0.2561,0.2701,0.0364,-0.3106,0.1369,0
NCFB-003125,0.0526,0.0665,0.0276,-1.477,0.3977,0
NCFB-003126,0.2114,0.3784,0.1977,-0.1468,0.008,0
NCFB-003127,0.1834,0.0577,0.0783,-1.0972,0.0165,0
NCFB-003128,0.0774,0.1504,0.1909,0.649,0.1063,0
NCFB-003129,0.0504,0.164,0.0591,0.5495,0.043,0
NCFB-003130,0.1044,0.1262,0.1472,-0.5331,0.0296,0
NCFB-003131,0.7855,0.223,0.0862,0.4615,0.004,0
NCFB-003132,0.2837,0.0812,0.0355,-0.8436,0.0166,0
NCFB-003133,0.2667,0.2535,0.0569,-0.1588,0.4374,0
NCFB-003134,0.1403,0.0493,0.1197,-0.3102,0.5582,0
NCFB-003135,1.0048,0.056,0.0141,-0.7939,0.1594,0
NCFB-003136,0.1899,0.0334,0.1526,1.8864,0.0209,0
NCFB-003137,0.01,0.271,0.2537,0.7938,0.0201,0
NCFB-003138,0.734,0.1201,0.1453,-0.4474,0.0309,0
NCFB-003139,0.3293,0.1077,0.1674,-0.7774,0.2705,0
NCFB-003140,0.2497,0.0161,0.0508,0.9841,0.1757,0
NCFB-003141,0.2444,0.0932,0.1168,-0.2763,0.2009,0
NCFB-003142,1.0292,0.2761,0.1426,0.1277,0.3854,0
NCFB-003143,0.0287,0.116,0.2326,-0.8571,0.0197,0
NCFB-003144,0.3655,0.0234,0.1292,-0.4338,0.2638,0
NCFB-003145,0.6038,0.2528,0.1563,0.1302,0.0137,0
NCFB-003146,0.0032,0.1348,0.0383,-0.3371,0.0795,0
NCFB-003147,0.0313,0.0163,0.0226,0.607,0.2797,0
NCFB-003148,1.3126,0.2454,0.0381,-0.2044,0.0143,0
NCFB-003149,0.7469,0.1883,0.1816,-0.3468,0.2515,0
NCFB-003150,0.9349,0.1757,0.0636,0.8251,0.8632,0
NCFB-003151,0.2137,0.2492,0.0128,-0.3505,0.0236,0
NCFB-003152,0.0669,0.332,0.612,-0.9779,0.0373,0
NCFB-003153,1.3121,0.1547,0.0818,0.427,0.0203,0
NCFB-003154,0.1195,0.1413,0.2747,-1.1011,0.1109,0
NCFB-003155,0.2531,0.071,0.0318,1.0755,0.0709,0
NCFB-003156,0.9905,0.2191,0.0626,0.5332,0.1959,0
NCFB-003157,0.1625,0.1235,0.0249,0.8225,0.0048,0
NCFB-003158,1.0586,0.2534,0.0478,-1.5428,0.0014,0
NCFB-003159,0.3994,0.2157,0.0304,-0.9674,0.0349,0
NCFB-003160,0.7854,0.0182,0.1161,0.1581,0.1428,0
NCFB-003161,0.0223,0.1427,0.1048,-1.4366,0.4604,0
NCFB-003162,0.4381,0.1178,0.131,0.4908,0.0569,0
NCFB-003163,0.0908,0.2616,0.1193,0.328,0.2254,0
NCFB-003164,0.0204,0.0383,0.1263,0.1434,0.5378,0
NCFB-003165,0.439,0.1345,0.0461,0.4619,0.1197,0
NCFB-003166,0.1639,0.1704,0.0319,0.1288,0.05,0
NCFB-003167,0.1684,0.2399,0.0287,-0.0247,0.2844,0
NCFB-003168,0.3167,0.1783,0.0559,0.7234,0.2751,0
NCFB-003169,0.2227,0.2868,0.196,0.8227,0.3138,0
NCFB-003170,0.0323,0.0572,0.1591,-0.5313,0.8623,0
NCFB-003171,0.0653,0.1606,0.1657,0.2326,0.1285,0
NCFB-003172,0.1511,0.0516,0.1063,0.4637,0.2152,0
NCFB-003173,0.0448,0.4673,0.1219,0.0523,0.2981,0
NCFB-003174,0.0113,0.0448,0.162,-0.2821,0.0023,0
NCFB-003175,0.0391,0.1793,0.2343,0.8841,0.0956,0
NCFB-003176,0.2339,0.3797,0.0353,-0.8057,0.0923,0
NCFB-003177,0.7117,0.0667,0.0712,-0.161,0.1235,0
NCFB-003178,0.045,0.0482,0.2494,-1.0953,0.1757,0
NCFB-003179,0.2884,0.0551,0.051,0.1111,0.3061,0
NCFB-003180,0.1534,0.1787,0.064,0.2906,0.1079,0
NCFB-003181,0.0416,0.4283,0.1691,-0.5056,0.1051,0
NCFB-003182,0.4581,0.1735,0.2313,-0.07,0.0175,0
NCFB-003183,0.3566,0.1571,0.0307,-0.8671,0.0018,0
NCFB-003184,0.4474,0.2905,0.0364,-0.2573,0.4736,0
NCFB-003185,0.4484,0.0427,0.1103,0.2864,0.0492,0
NCFB-003186,0.2462,0.1935,0.0438,-0.4456,0.9329,0
NCFB-003187,0.1805,0.1031,0.2673,0.6902,0.1261,0
NCFB-003188,0.4094,0.1315,0.1502,-0.9237,0.4079,0
NCFB-003189,0.0777,0.2952,0.0979,0.1818,0.1561,0
NCFB-003190,0.5007,0.0029,0.0629,0.8293,0.3281,0
NCFB-003191,0.1544,0.029,0.0385,0.0091,0.0732,0
NCFB-003192,0.0342,0.088,0.4534,1.2861,0.1255,0
NCFB-003193,0.2653,0.0102,0.1862,1.5302,0.0492,0
NCFB-003194,1.2093,0.0608,0.0309,-0.3146,0.4608,0
NCFB-003195,0.1599,0.2161,0.0761,0.6271,0.3685,0
NCFB-003196,0.417,0.2918,0.0329,-0.9404,0.0288,0
NCFB-003197,0.4602,0.2068,0.1903,-1.5576,0.0903,0
NCFB-003198,0.395,0.1749,0.0822,-0.258,0.4475,0
NCFB-003199,0.2107,0.0017,0.0776,0.8702,0.0588,0
NCFB-003200,0.3064,0.192,0.1533,-0.4288,0.2751,0
NCFB-003201,0.4618,0.0226,0.1636,-1.0804,0.3059,0
NCFB-003202,0.3276,0.0907,0.2212,-0.6409,0.1018,0
NCFB-003203,0.047,0.4509,0.0664,-1.0808,0.1355,0
NCFB-003204,0.512,0.0837,0.04,-0.7888,0.1645,0
NCFB-003205,0.6048,0.0823,0.2011,0.5038,0.3182,0
NCFB-003206,0.0914,0.0641,0.1694,1.092,0.2636,0
NCFB-003207,0.5658,0.1414,0.017,1.1626,0.1949,0
NCFB-003208,0.0305,0.0281,0.0231,0.048,0.0064,0
NCFB-003209,0.5345,0.3501,0.0097,0.4439,0.1432,0
NCFB-003210,0.9471,0.2609,0.2255,1.4394,0.0804,0
NCFB-003211,0.087,0.1623,0.0298,0.3989,0.0549,0
NCFB-003212,0.0334,0.1123,0.1766,-0.598,0.4536,0
NCFB-003213,0.1784,0.1966,0.0127,-0.9481,0.0399,0
NCFB-003214,0.5823,0.3668,0.0924,-0.1025,0.0418,0
NCFB-003215,1.0998,0.04,0.2238,0.7835,0.0833,0
NCFB-003216,0.0882,0.1089,0.1435,-0.6454,0.0399,0
NCFB-003217,0.1852,0.1508,0.1825,0.0562,0.7516,0
NCFB-003218,0.1491,0.0958,0.1283,0.8513,0.0864,0
NCFB-003219,0.2698,0.0363,0.0362,-1.06,0.2897,0
NCFB-003220,0.4163,0.1819,0.2169,0.7642,0.1747,0
NCFB-003221,1.2208,0.1352,0.1506,-0.5837,0.3141,0
NCFB-003222,0.0931,0.1553,0.1974,-1.5043,0.3001,0
NCFB-003223,0.0248,0.1823,0.0346,1.2971,0.3311,0
NCFB-003224,0.04,0.0827,0.0201,-0.3973,0.5044,0
NCFB-003225,1.2487,0.3305,0.1031,0.1875,0.0985,0
NCFB-003226,0.2233,0.1246,0.1337,0.2759,0.2259,0
NCFB-003227,1.4491,0.3474,0.071,0.0255,0.1579,0
NCFB-003228,0.1314,0.2244,0.1858,0.2699,0.0309,0
NCFB-003229,0.595,0.2624,0.0167,-0.3149,0.0198,0
NCFB-003230,0.0505,0.4167,0.0322,1.3399,0.1034,0
NCFB-003231,0.7391,0.1585,0.4324,1.0006,0.4679,0
NCFB-003232,0.1813,0.0198,0.0592,-0.0736,0.0633,0
NCFB-003233,0.4029,0.1486,0.3524,0.9057,0.1872,0
NCFB-003234,2.8944,0.7871,0.8449,4.5982,2.3812,1
NCFB-003235,0.3872,0.2112,0.2608,1.1985,0.07,0
NCFB-003236,0.9557,0.0893,0.0446,0.8467,0.0242,0
NCFB-003237,0.019,0.1849,0.0257,1.2972,0.1124,0
NCFB-003238,0.2724,0.0862,0.027,-0.1118,0.5969,0
NCFB-003239,0.4528,0.2363,0.1768,0.175,0.0707,0
NCFB-003240,0.057,0.5077,0.1269,0.6501,0.21,0
NCFB-003241,0.2052,0.3363,0.4783,0.2509,0.0585,0
NCFB-003242,0.9751,0.09,0.0156,0.484,0.1648,0
NCFB-003243,0.016,0.006,0.1027,0.8974,0.2824,0
NCFB-003244,0.1963,0.1072,0.0998,0.2506,0.1637,0
NCFB-003245,0.5107,0.0505,0.1741,0.3553,0.4699,0
NCFB-003246,0.0721,0.0596,0.428,-0.3053,0.0074,0
NCFB-003247,0.5679,0.1249,0.0115,-0.7796,0.1603,0
NCFB-003248,0.4819,0.2307,0.042,0.7511,0.5401,0
NCFB-003249,0.2163,0.1343,0.0933,-0.5734,0.1938,0
NCFB-003250,0.1895,0.1104,0.0592,0.804,0.1171,0
NCFB-003251,0.0597,0.0905,0.0906,-1.5454,0.0248,0
NCFB-003252,0.9893,0.2066,0.0372,0.2651,0.2947,0
NCFB-003253,0.1095,0.4048,0.0307,0.0501,0.6576,0
NCFB-003254,0.9793,0.1549,0.6031,-0.0947,0.106,0
NCFB-003255,0.754,0.308,0.2071,-0.5113,0.0582,0
NCFB-003256,0.3551,0.348,0.2366,-0.3677,0.4918,0
NCFB-003257,0.2072,0.044,0.0623,-0.3492,0.0066,0
NCFB-003258,0.0735,0.1315,0.0284,1.4502,0.1592,0
NCFB-003259,0.9269,0.243,0.1007,-0.2141,0.0514,0
NCFB-003260,0.4022,0.0544,0.1536,0.7507,0.0304,0
NCFB-003261,0.9977,0.1269,0.0401,-0.6392,0.0621,0
NCFB-003262,0.357,0.3584,0.0801,0.5801,0.0724,0
NCFB-003263,0.7825,0.106,0.0977,-0.2458,0.4509,0
NCFB-003264,0.4238,0.1968,0.014,0.3888,0.0745,0
NCFB-003265,0.1268,0.2193,0.2376,-0.0844,0.0818,0
NCFB-003266,1.054,0.2029,0.046,-0.4966,0.0034,0
NCFB-003267,0.5131,0.2774,0.0135,0.6172,0.0089,0
NCFB-003268,0.1647,0.0555,0.0926,-0.2299,0.1131,0
NCFB-003269,0.0538,0.2729,0.0795,-0.3239,0.1278,0
NCFB-003270,2.8819,0.7978,1.2398,3.9202,1.4702,1
NCFB-003271,0.4089,0.181,0.0531,0.2406,0.6754,0
NCFB-003272,0.0962,0.0431,0.03,-0.5807,0.4113,0
NCFB-003273,1.0859,0.0663,0.0631,-1.0818,0.3729,0
NCFB-003274,3.2527,0.8652,1.0715,4.6125,1.9012,1
NCFB-003275,0.2245,0.1123,0.0827,-1.1038,0.0087,0
NCFB-003276,0.3828,0.1277,0.0234,-0.5887,0.2233,0
NCFB-003277,0.1581,0.2117,0.0281,-0.785,0.3462,0
NCFB-003278,0.1843,0.102,0.0713,-0.269,0.0649,0
NCFB-003279,0.4901,0.1794,0.0601,-0.2735,0.0199,0
NCFB-003280,0.4513,0.2411,0.0667,0.4443,0.0271,0
NCFB-003281,0.0437,0.181,0.059,-0.1034,0.5537,0
NCFB-003282,0.3619,0.1234,0.0381,-0.1024,0.3541,0
NCFB-003283,0.016,0.0769,0.0525,-0.2888,0.2028,0
NCFB-003284,0.0775,0.212,0.1304,0.7492,0.2181,0
NCFB-003285,0.199,0.089,0.0194,-0.3373,0.2827,0
NCFB-003286,0.9432,0.1226,0.1553,0.3999,0.0182,0
NCFB-003287,0.102,0.1531,0.026,-0.4456,0.0675,0
NCFB-003288,2.458,0.8687,1.0294,4.7615,1.1857,1
NCFB-003289,0.5276,0.0618,0.0,0.4717,0.0643,0
NCFB-003290,0.0048,0.078,0.1833,-0.4555,0.4196,0
NCFB-003291,1.3497,0.0826,0.104,0.418,0.0879,0
NCFB-003292,0.0256,0.1433,0.1457,1.0774,0.0269,0
NCFB-003293,0.1544,0.2517,0.0408,1.1348,0.0187,0
NCFB-003294,0.1723,0.3221,0.0469,0.166,0.0446,0
NCFB-003295,0.3756,0.4736,0.2248,-0.4446,0.1145,0
NCFB-003296,0.3812,0.0364,0.089,-1.3302,0.008,0
NCFB-003297,0.6061,0.0574,0.063,-0.005,0.1439,0
NCFB-003298,0.4062,0.0935,0.0613,1.1366,0.0407,0
NCFB-003299,0.297,0.2462,0.0502,-0.4657,0.0581,0
NCFB-003300,0.2901,0.1625,0.0759,0.83,0.5717,0
NCFB-003301,0.336,0.0902,0.1316,-0.9525,0.1264,0
NCFB-003302,3.4918,0.8079,1.3039,3.7072,1.5499,1
NCFB-003303,0.5328,0.2548,0.3564,0.8485,0.317,0
NCFB-003304,0.1897,0.0502,0.0546,0.2335,0.1099,0
NCFB-003305,0.3836,0.0923,0.054,-0.9975,0.0675,0
NCFB-003306,0.5036,0.0986,0.0095,0.8406,0.1696,0
NCFB-003307,0.1102,0.0508,0.1599,-0.2727,0.0145,0
NCFB-003308,0.4617,0.2625,0.0841,0.0176,0.5552,0
NCFB-003309,0.4358,0.0973,0.0895,-0.1441,0.126,0
NCFB-003310,0.2271,0.1208,0.0581,0.8807,0.2316,0
NCFB-003311,0.1281,0.0942,0.1103,0.9118,0.1464,0
NCFB-003312,0.0787,0.2073,0.0751,-1.111,0.0376,0
NCFB-003313,1.2212,0.1797,0.0914,-0.8341,0.0835,0
NCFB-003314,0.3148,0.1309,0.152,-1.2259,0.142,0
NCFB-003315,0.2302,0.2907,0.0784,-1.2507,0.2958,0
NCFB-003316,0.2183,0.0816,0.0736,0.5975,0.0956,0
NCFB-003317,0.0975,0.0473,0.0329,0.2797,0.0005,0
NCFB-003318,3.3559,0.7335,1.1983,4.9689,2.1788,1
NCFB-003319,0.3167,0.2768,0.0317,-0.3895,0.1541,0
NCFB-003320,0.0509,0.0918,0.276,-0.2975,0.1698,0
NCFB-003321,0.0374,0.0533,0.0875,-0.0353,0.1032,0
NCFB-003322,0.1899,0.1486,0.0457,-0.043,0.1337,0
NCFB-003323,0.7619,0.2016,0.3088,-0.2244,0.1451,0
NCFB-003324,0.0263,0.147,0.2403,0.8889,0.1453,0
NCFB-003325,1.0223,0.2559,0.1327,0.4525,0.0106,0
NCFB-003326,0.1717,0.0585,0.0432,-0.1434,0.0368,0
NCFB-003327,0.0107,0.0163,0.0157,-1.4747,0.1921,0
NCFB-003328,0.5489,0.2144,0.0013,-0.3285,0.2017,0
NCFB-003329,0.1648,0.1,0.024,-1.1444,0.2197,0
NCFB-003330,0.096,0.0773,0.0158,0.1854,0.224,0
NCFB-003331,0.1245,0.4023,0.1026,-0.7309,0.4003,0
NCFB-003332,0.2332,0.0356,0.0531,-0.4653,0.0212,0
NCFB-003333,0.168,0.2299,0.2216,-0.0735,0.09,0
NCFB-003334,0.5509,0.09,0.0701,-0.2946,0.015,0
NCFB-003335,0.5791,0.0665,0.1642,0.0716,0.0511,0
NCFB-003336,0.0534,0.2477,0.1306,0.4567,0.0525,0
NCFB-003337,0.0525,0.1249,0.2724,-0.5841,0.0467,0
NCFB-003338,0.0365,0.0008,0.2299,1.0406,0.2556,0
NCFB-003339,0.4724,0.1043,0.1323,-0.1375,0.1257,0
NCFB-003340,0.5922,0.1472,0.0541,0.9887,0.1481,0
NCFB-003341,0.382,0.1807,0.0016,0.7957,0.1872,0
NCFB-003342,0.6076,0.102,0.106,0.8092,0.0989,0
NCFB-003343,0.7025,0.4008,0.0285,0.9732,0.0111,0
NCFB-003344,0.7037,0.1598,0.2378,0.0638,0.0609,0
NCFB-003345,0.3101,0.2389,0.0512,-0.1413,0.2442,0
NCFB-003346,0.3598,0.0454,0.2241,-0.6848,0.1119,0
NCFB-003347,0.618,0.0835,0.2491,0.1317,0.0352,0
NCFB-003348,0.0815,0.0301,0.1325,0.2709,0.4588,0
NCFB-003349,0.2005,0.1216,0.1028,0.0632,0.0057,0
NCFB-003350,3.3755,2.3341,2.1425,3.3699,2.2765,0
NCFB-003351,0.0103,0.087,0.3433,0.7338,0.1952,0
NCFB-003352,0.4439,0.2763,0.136,0.338,0.1733,0
NCFB-003353,0.047,0.0596,0.0701,0.8385,0.1871,0
NCFB-003354,0.2168,0.2244,0.0373,-0.0727,0.4525,0
NCFB-003355,1.325,0.0219,0.0043,0.7513,0.0583,0
NCFB-003356,2.6573,0.8855,0.6524,5.1788,1.2294,1
NCFB-003357,0.1015,0.0501,0.0455,-0.379,0.1323,0
NCFB-003358,0.3159,0.0619,0.0421,0.3814,0.0699,0
NCFB-003359,0.1484,0.1361,0.5702,1.0695,0.0134,0
NCFB-003360,0.1914,0.1244,0.0686,0.7215,0.3862,0
NCFB-003361,0.1095,0.1568,0.0119,-0.2417,0.1504,0
NCFB-003362,0.1544,0.0959,0.1132,0.1247,0.0094,0
NCFB-003363,1.559,0.1879,0.0956,0.5502,0.0011,0
NCFB-003364,0.5594,0.1267,0.3906,0.5738,0.1639,0
NCFB-003365,1.5931,0.0928,0.394,0.4942,0.2079,0
NCFB-003366,0.3238,0.0959,0.2704,-0.2339,0.1047,0
NCFB-003367,0.4257,0.2786,0.1888,-0.3218,0.1878,0
NCFB-003368,0.0393,0.1038,0.0223,0.5159,0.2496,0
NCFB-003369,1.0956,0.2015,0.0145,0.8449,0.1283,0
NCFB-003370,0.1975,0.1906,0.0385,0.5231,0.0329,0
NCFB-003371,0.5673,0.1174,0.0103,0.1321,0.0003,0
NCFB-003372,0.0852,0.1446,0.0977,0.0735,0.4403,0
NCFB-003373,0.239,0.0599,0.6488,0.2646,0.2749,0
NCFB-003374,3.1549,0.9364,1.1554,4.6575,1.2856,1
NCFB-003375,3.3942,0.957,1.0964,5.4462,1.9694,1
NCFB-003376,0.1691,0.0335,0.0318,-0.5767,0.0005,0
NCFB-003377,0.4239,0.3452,0.1466,0.3104,0.0583,0
NCFB-003378,0.232,0.178,0.0358,-0.7111,0.082,0
NCFB-003379,0.1739,0.2134,0.0472,-0.0336,0.1506,0
NCFB-003380,0.2704,0.0795,0.0155,0.6997,0.0102,0
NCFB-003381,0.2352,0.6105,0.0143,-1.2309,0.0378,0
NCFB-003382,0.6031,0.481,0.1607,-0.7444,0.0675,0
NCFB-003383,0.2682,0.2723,0.008,-1.5491,0.4093,0
NCFB-003384,1.1703,0.2135,0.1292,-0.7423,0.1919,0
NCFB-003385,0.4432,0.5365,0.4682,0.7097,0.1705,0
NCFB-003386,0.0585,0.3631,0.0263,0.3556,0.2321,0
NCFB-003387,0.0111,0.1402,0.0202,1.6936,0.0358,0
NCFB-003388,0.1595,0.0089,0.0407,0.1445,0.3252,0
NCFB-003389,0.1038,0.5082,0.0479,1.0307,0.0015,0
NCFB-003390,0.0324,0.0741,0.1421,-0.7867,0.0282,0
NCFB-003391,0.0446,0.0652,0.0221,-0.375,0.3537,0
NCFB-003392,0.2107,0.0173,0.4593,-0.3938,0.1181,0
NCFB-003393,0.2814,0.3604,0.0155,0.2908,0.1214,0
NCFB-003394,0.0884,0.2654,0.1666,-0.1263,0.1501,0
NCFB-003395,0.1428,0.1551,0.0248,-0.3173,0.0193,0
NCFB-003396,0.1771,0.2214,0.043,-0.802,0.2612,0
NCFB-003397,0.193,0.0811,0.0792,1.2447,0.0262,0
NCFB-003398,0.327,0.0624,0.0324,0.2763,0.0631,0
NCFB-003399,0.1195,0.1997,0.0772,0.2781,0.0104,0
NCFB-003400,0.6598,0.2447,0.0156,-0.8168,0.1209,0
NCFB-003401,0.1002,0.0601,0.0281,0.1374,0.0406,0
NCFB-003402,0.0284,0.0562,0.1187,-0.0194,0.1901,0
NCFB-003403,0.1039,0.0403,0.0562,-1.2513,0.111,0
NCFB-003404,0.1694,0.2634,0.2155,0.2672,0.0475,0
NCFB-003405,4.0242,0.7727,1.3052,4.1841,1.6457,1
NCFB-003406,0.076,0.1287,0.2649,1.0714,0.2964,0
NCFB-003407,0.095,0.2131,0.0326,-0.311,0.0635,0
NCFB-003408,0.1692,0.0457,0.1575,0.4337,0.0572,0
NCFB-003409,0.117,0.2655,0.0995,-0.0077,0.1829,0
NCFB-003410,0.4908,0.2916,0.1068,1.7874,0.0905,0
NCFB-003411,0.0516,0.0717,0.045,-0.5519,0.6295,0
NCFB-003412,0.7315,0.0161,0.0678,-1.326,0.1879,0
NCFB-003413,3.6148,0.9588,0.8421,3.7787,1.3366,1
NCFB-003414,1.1093,0.1893,0.0452,-0.9503,0.0436,0
NCFB-003415,0.1095,0.0848,0.1765,-0.0348,0.1667,0
NCFB-003416,0.4131,0.0753,0.0256,-0.3661,0.2634,0
NCFB-003417,0.3541,0.1635,0.0279,-0.5462,0.117,0
NCFB-003418,0.2732,0.0767,0.1313,-0.7169,0.1075,0
NCFB-003419,2.5376,0.9146,1.3344,5.9153,2.3588,1
NCFB-003420,0.0351,0.1458,0.4808,-0.3541,0.063,0
NCFB-003421,3.7836,0.9635,1.5131,4.6873,1.644,1
NCFB-003422,0.1146,0.0654,0.0603,1.0034,0.228,0
NCFB-003423,0.183,0.1754,0.0232,-1.0159,0.0913,0
NCFB-003424,2.2341,2.1888,2.41,3.5514,2.1848,0
NCFB-003425,0.3089,0.3275,0.3292,-0.4258,0.0281,0
NCFB-003426,0.4294,0.1219,0.3945,-0.4329,0.1055,0
NCFB-003427,0.2916,0.077,0.2615,0.8173,0.0922,0
NCFB-003428,0.8739,0.4451,0.1509,-0.1286,0.2854,0
NCFB-003429,0.2999,0.0878,0.0177,-0.9132,0.0627,0
NCFB-003430,0.2533,0.0304,0.0367,0.6556,0.4928,0
NCFB-003431,0.4321,0.1927,0.1731,-0.5054,0.5801,0
NCFB-003432,0.2469,0.1577,0.0822,-0.3377,0.0026,0
NCFB-003433,1.5275,0.3115,0.0368,0.4269,0.0049,0
NCFB-003434,0.2826,0.0692,0.3925,-0.3545,0.1631,0
NCFB-003435,0.1255,0.0587,0.2204,-0.4891,0.3028,0
NCFB-003436,0.0939,0.3013,0.0398,-0.2845,0.0362,0
NCFB-003437,3.0952,0.7596,1.5906,3.6124,1.2548,1
NCFB-003438,3.5663,0.8052,1.2374,4.1478,1.8925,1
NCFB-003439,0.2866,0.0615,0.5593,0.5878,0.0478,0
NCFB-003440,0.6026,0.1186,0.1636,-0.5567,0.064,0
NCFB-003441,0.0625,0.1657,0.0079,-1.0014,0.3194,0
NCFB-003442,0.0187,0.1853,0.3278,0.4057,0.2322,0
NCFB-003443,0.264,0.4126,0.0551,0.1265,0.1302,0
NCFB-003444,0.283,0.1227,0.0263,1.493,0.0855,0
NCFB-003445,0.2126,0.4024,0.01,0.8899,0.0304,0
NCFB-003446,0.041,0.1917,0.0815,1.3293,0.0084,0
NCFB-003447,0.8845,0.0718,0.1411,0.1882,0.9885,0
NCFB-003448,0.6796,0.3329,0.2665,-0.099,0.0019,0
NCFB-003449,0.6292,0.0855,0.2683,-1.1103,0.0206,0
NCFB-003450,0.0827,0.117,0.0542,1.8851,0.0797,0
NCFB-003451,0.1266,0.051,0.0927,0.0659,0.4602,0
NCFB-003452,0.1622,0.0661,0.2775,-0.9675,0.1705,0
NCFB-003453,0.1748,0.5986,0.2537,0.7997,0.8989,0
NCFB-003454,0.1101,0.0381,0.0143,1.9599,0.192,0
NCFB-003455,0.4768,0.1278,0.0567,-0.6528,0.1632,0
NCFB-003456,0.0603,0.2951,0.1353,-0.9351,0.2547,0
NCFB-003457,0.018,0.0225,0.0543,-0.0484,0.2585,0
NCFB-003458,0.5849,0.2278,0.1103,-0.5346,0.182,0
NCFB-003459,0.0819,0.1201,0.1402,-0.6611,0.3104,0
NCFB-003460,0.5132,0.1647,0.0461,0.5726,0.0456,0
NCFB-003461,0.0906,0.367,0.1329,0.6366,0.0655,0
NCFB-003462,0.468,0.2365,0.0523,-0.1437,0.1007,0
NCFB-003463,0.7036,0.3244,0.1355,1.1364,0.266,0
NCFB-003464,0.0698,0.0663,0.1353,0.3477,0.0968,0
NCFB-003465,0.3062,0.0448,0.0519,0.2756,0.0589,0
NCFB-003466,0.4278,0.0585,0.1795,-0.6074,0.2948,0
NCFB-003467,3.5213,0.9839,1.3173,4.5013,1.4375,1
NCFB-003468,0.0935,0.1532,0.1526,-0.3539,0.3026,0
NCFB-003469,0.1543,0.0762,0.064,-1.6438,0.0125,0
NCFB-003470,0.1064,0.2743,0.1057,0.8911,0.0313,0
NCFB-003471,0.2034,0.0363,0.0109,-0.2977,0.0258,0
NCFB-003472,0.0325,0.0252,0.0824,0.3299,0.2116,0
NCFB-003473,0.5628,0.1691,0.0946,0.359,0.075,0
NCFB-003474,0.1563,0.0182,0.1503,-0.7372,0.0097,0
NCFB-003475,0.1412,0.1862,0.5167,0.2694,0.1975,0
NCFB-003476,0.4838,0.2674,0.2148,-0.4162,0.1875,0
NCFB-003477,1.2225,0.0521,0.0109,-0.4327,0.0944,0
NCFB-003478,0.0349,0.1479,0.1788,-1.6985,0.4306,0
NCFB-003479,0.1006,0.0417,0.1472,0.3144,0.2367,0
NCFB-003480,0.3202,0.0231,0.0963,-0.1638,0.1598,0
NCFB-003481,0.1824,0.0498,0.0671,-0.0184,0.2247,0
NCFB-003482,0.4498,0.1569,0.0046,-0.8937,0.0485,0
NCFB-003483,0.0421,0.2344,0.0768,1.6741,0.0265,0
NCFB-003484,0.2345,0.3269,0.1484,0.1052,0.0551,0
NCFB-003485,0.1037,0.0618,0.4527,0.9718,0.0542,0
NCFB-003486,0.1219,0.0148,0.0889,-1.0289,0.2031,0
NCFB-003487,0.6856,0.1623,0.1871,-0.0205,0.0128,0
NCFB-003488,0.4055,0.2528,0.0395,1.1055,0.1329,0
NCFB-003489,0.1089,0.1618,0.1704,1.2444,1.1535,0
NCFB-003490,0.41,0.0417,0.0529,-1.2557,0.0718,0
NCFB-003491,0.2101,0.131,0.036,-0.3952,0.0919,0
NCFB-003492,0.8397,0.0162,0.0391,-1.519,1.1096,0
NCFB-003493,0.7001,0.0569,0.1272,0.5486,0.1336,0
NCFB-003494,0.5533,0.228,0.4471,-0.6226,0.0737,0
NCFB-003495,0.0902,0.0255,0.1868,0.5654,0.0195,0
NCFB-003496,0.0181,0.3387,0.0536,0.3748,0.0141,0
NCFB-003497,0.6376,0.1013,0.1868,-0.0594,0.1352,0
NCFB-003498,1.4994,0.0222,0.5319,0.9636,0.0176,0
NCFB-003499,1.7117,0.0877,0.3852,-2.1676,0.0202,0
NCFB-003500,0.195,0.1078,0.0678,1.5712,0.2548,0
NCFB-003501,0.7418,0.0461,0.0877,0.614,0.3273,0
NCFB-003502,0.2133,0.0895,0.0267,-0.2916,0.1211,0
NCFB-003503,0.0345,0.0409,0.0958,0.4933,0.03,0
NCFB-003504,0.543,0.0424,0.0697,-0.4349,0.2346,0
NCFB-003505,0.0019,0.0803,0.2592,-0.5942,0.0193,0
NCFB-003506,0.9442,0.0803,0.0997,-0.6674,0.0404,0
NCFB-003507,3.2784,0.8934,1.1893,4.9892,1.6774,1
NCFB-003508,0.2871,0.11,0.0937,0.1796,0.0934,0
NCFB-003509,0.0777,0.1384,0.1691,0.4377,0.1565,0
NCFB-003510,0.3353,0.2075,0.3549,0.2177,0.1028,0
NCFB-003511,0.1884,0.1437,0.1246,0.8598,0.0415,0
NCFB-003512,0.171,0.0131,0.2198,0.3546,0.0157,0
NCFB-003513,2.529,0.9231,1.153,4.6705,2.5778,1
NCFB-003514,0.1915,0.1646,0.0449,-0.1136,0.0949,0
NCFB-003515,0.1923,0.1333,0.1662,-0.6307,0.2708,0
NCFB-003516,0.0705,0.0957,0.2533,-0.579,0.3038,0
NCFB-003517,0.5197,0.0754,0.0794,-0.5357,0.2805,0
NCFB-003518,0.0594,0.1191,0.1765,-1.3546,0.1487,0
NCFB-003519,0.1098,0.3305,0.0716,0.1435,0.2249,0
NCFB-003520,0.0568,0.0475,0.1009,0.4726,0.1175,0
NCFB-003521,0.6438,0.0944,0.1832,-0.363,0.1745,0
NCFB-003522,0.7895,0.0076,0.194,-0.3175,0.0096,0
NCFB-003523,0.0137,0.0694,0.0865,-0.0522,0.0898,0
NCFB-003524,0.0078,0.0583,0.0725,0.5319,0.2325,0
NCFB-003525,3.0695,0.8657,1.2008,3.8823,1.3276,1
NCFB-003526,0.839,0.1265,0.0926,0.1187,0.0133,0
NCFB-003527,0.2256,0.0338,0.116,0.6961,0.0575,0
NCFB-003528,0.2824,0.3308,0.1638,0.9705,0.0142,0
NCFB-003529,0.0647,0.3639,0.0182,0.0651,0.1875,0
NCFB-003530,0.1606,0.0844,0.0652,-1.6346,0.3079,0
NCFB-003531,0.1582,0.1459,0.086,-0.1554,0.1033,0
NCFB-003532,0.7968,0.4447,0.2966,-0.5542,0.0603,0
NCFB-003533,0.3537,0.0884,0.1733,-0.9056,0.1029,0
NCFB-003534,0.1413,0.0977,0.0068,0.549,0.1262,0
NCFB-003535,0.5189,0.4691,0.1404,-0.5496,0.0917,0
NCFB-003536,0.4524,0.0661,0.1114,0.8656,0.0377,0
NCFB-003537,0.0746,0.2104,0.0247,-0.4981,0.024,0
NCFB-003538,0.4075,0.2217,0.0042,0.9698,0.0137,0
NCFB-003539,0.1775,0.1953,0.2518,-0.0485,0.0372,0
NCFB-003540,3.0372,0.8168,1.1355,4.7244,1.5557,1
NCFB-003541,0.2248,0.0135,0.005,0.2369,0.1981,0
NCFB-003542,0.2413,0.2449,0.0533,0.2704,0.0627,0
NCFB-003543,0.0068,0.0959,0.3348,-0.8366,0.0554,0
NCFB-003544,0.1018,0.0283,0.1631,-0.5764,0.3317,0
NCFB-003545,0.9887,0.2565,0.0989,0.4609,0.0138,0
NCFB-003546,3.3979,0.7597,1.1625,4.126,2.2281,1
NCFB-003547,0.308,0.2501,0.1355,-0.2604,0.008,0
NCFB-003548,0.0609,0.0286,0.0296,-0.6728,0.0197,0
NCFB-003549,0.5293,0.1003,0.0983,0.7478,0.272,0
NCFB-003550,0.4668,0.0907,0.1019,0.7095,0.1259,0
NCFB-003551,0.4326,0.0332,0.005,-0.4028,0.1753,0
NCFB-003552,3.4892,0.9366,1.7414,4.5247,1.8566,1
NCFB-003553,0.1207,0.0028,0.936,-0.2344,0.0003,0
NCFB-003554,0.2051,0.1117,0.138,-0.8199,0.0541,0
NCFB-003555,0.0267,0.0378,0.2497,0.0326,0.1252,0
NCFB-003556,0.2137,0.2093,0.0579,0.3888,0.0875,0
NCFB-003557,0.6073,0.1042,0.1898,0.0167,0.347,0
NCFB-003558,0.063,0.1176,0.1542,-0.186,0.0404,0
NCFB-003559,0.1784,0.2058,0.1071,0.7775,0.0569,0
NCFB-003560,0.051,0.2025,0.0358,0.8157,0.0141,0
NCFB-003561,0.2279,0.1864,0.0102,-0.3966,0.2664,0
NCFB-003562,0.4687,0.1289,0.2289,-0.1154,0.0875,0
NCFB-003563,0.063,0.1674,0.1052,0.9176,0.3426,0
NCFB-003564,0.0528,0.0818,0.2694,-0.1323,0.0376,0
NCFB-003565,0.0014,0.1407,0.1194,-0.3902,0.0941,0
NCFB-003566,0.0646,0.1036,0.214,0.0222,0.0474,0
NCFB-003567,0.1628,0.5156,0.1129,1.4704,0.1132,0
NCFB-003568,0.1982,0.2173,0.1171,-1.035,0.1546,0
NCFB-003569,0.3017,0.0077,0.3438,1.3905,0.2705,0
NCFB-003570,0.2912,0.0885,0.2772,0.6307,0.0054,0
NCFB-003571,0.0996,0.5358,0.1268,-1.2625,0.0464,0
NCFB-003572,1.2923,0.0531,0.0333,0.3578,0.2498,0
NCFB-003573,0.0528,0.0077,0.0731,0.1816,0.0249,0
NCFB-003574,0.9899,0.0148,0.0308,-1.0507,0.095,0
NCFB-003575,0.159,0.1594,0.0533,1.914,0.1382,0
NCFB-003576,0.2512,0.3328,0.0397,1.6795,0.3826,0
NCFB-003577,0.1092,0.0943,0.0508,0.8553,0.0042,0
NCFB-003578,0.4722,0.0985,0.0286,-0.2116,0.1678,0
NCFB-003579,3.329,0.8821,1.1985,4.8528,1.8713,1
NCFB-003580,0.068,0.2406,0.1259,-1.7635,0.012,0
NCFB-003581,0.1846,0.3252,0.0233,0.6239,0.5181,0
NCFB-003582,0.3845,0.1753,0.0959,0.3123,0.0548,0
NCFB-003583,0.5548,0.1485,0.1463,-0.297,0.2296,0
NCFB-003584,3.4957,0.8232,1.0231,3.8707,1.6491,1
NCFB-003585,0.4544,0.0409,0.0994,0.3404,0.0221,0
NCFB-003586,0.1106,0.1599,0.0768,-0.9251,0.1099,0
NCFB-003587,0.0979,0.2331,0.2425,0.4346,0.0287,0
NCFB-003588,0.031,0.0427,0.0698,1.6807,0.6525,0
NCFB-003589,0.9837,0.1219,0.0452,0.0039,0.1225,0
NCFB-003590,0.281,0.2828,0.2112,0.7573,0.0771,0
NCFB-003591,0.0717,0.057,0.0437,0.426,0.0151,0
NCFB-003592,1.095,0.4065,0.0883,-0.4578,0.2114,0
NCFB-003593,0.3624,0.0125,0.0115,0.5799,0.0367,0
NCFB-003594,0.3584,0.2858,0.1445,0.0073,0.2286,0
NCFB-003595,0.3146,0.0743,0.2183,0.0327,0.0522,0
NCFB-003596,0.1195,0.18,0.087,1.0122,0.0037,0
NCFB-003597,3.369,0.7944,1.0878,4.1722,1.9119,1
NCFB-003598,0.7948,0.1357,0.1799,0.2971,0.0409,0
NCFB-003599,0.0087,0.0364,0.0585,-0.2154,0.1289,0
NCFB-003600,0.3893,0.164,0.0023,-0.4144,0.0743,0
NCFB-003601,0.2292,0.0408,0.0795,-0.1199,0.1337,0
NCFB-003602,0.0122,0.4053,0.0615,-0.0378,0.0291,0
NCFB-003603,0.2039,0.1532,0.0008,0.9087,0.0633,0
NCFB-003604,0.3668,0.2291,0.0967,0.4419,0.7116,0
NCFB-003605,0.1486,0.0115,0.0093,-0.3073,0.0524,0
NCFB-003606,0.1106,0.0224,0.035,-1.5661,0.0195,0
NCFB-003607,0.034,0.3106,0.2286,-0.8333,0.1625,0
NCFB-003608,0.0438,0.1955,0.2113,1.1616,0.0073,0
NCFB-003609,0.0258,0.0632,0.0134,0.1662,0.1614,0
NCFB-003610,0.4457,0.1303,0.1108,-1.1342,0.0383,0
NCFB-003611,0.1792,0.3906,0.0228,0.7174,0.1578,0
NCFB-003612,3.0328,0.9146,1.2647,4.8148,1.7173,1
NCFB-003613,0.1498,0.0854,0.1734,-1.8202,0.1364,0
NCFB-003614,1.3698,0.0786,0.0015,0.075,0.0666,0
NCFB-003615,0.0585,0.0396,0.0793,0.4368,0.0509,0
NCFB-003616,0.0826,0.1812,0.0511,0.0101,0.0397,0
NCFB-003617,0.041,0.1378,0.034,1.9236,0.658,0
NCFB-003618,0.2123,0.0753,0.0632,-0.428,0.1009,0
NCFB-003619,0.0538,0.31,0.0743,-0.0128,0.0244,0
NCFB-003620,0.404,0.0555,0.1462,0.0826,0.1048,0
NCFB-003621,0.1751,0.2126,0.1735,0.306,0.0602,0
NCFB-003622,0.1585,0.1667,0.0547,-0.0136,0.0393,0
NCFB-003623,0.3639,0.1718,0.0234,-0.2874,0.0193,0
NCFB-003624,3.4355,0.703,1.174,4.8996,1.7096,1
NCFB-003625,0.1044,0.3035,0.1455,-0.2398,0.3194,0
NCFB-003626,0.7344,0.2386,0.0055,0.6152,0.0925,0
NCFB-003627,0.2914,0.2967,0.0095,-0.0523,0.0689,0
NCFB-003628,1.2692,0.0474,0.1232,-0.6266,0.2329,0
NCFB-003629,0.6434,0.1748,0.2993,-0.5183,0.0082,0
NCFB-003630,0.953,0.1857,0.0336,-1.4184,0.0803,0
NCFB-003631,0.2152,0.1943,0.1916,1.2698,0.1598,0
NCFB-003632,2.9903,0.7173,0.8415,3.6571,1.6032,1
NCFB-003633,0.2098,0.0533,0.1243,0.4301,0.0844,0
NCFB-003634,0.3036,0.0576,0.0216,0.4839,0.3798,0
NCFB-003635,0.3614,0.068,0.0898,0.5405,0.07,0
NCFB-003636,0.1467,0.0657,0.0248,-0.6807,0.0365,0
NCFB-003637,0.3331,0.1023,0.111,0.2008,0.0282,0
NCFB-003638,0.4137,0.0746,0.0426,0.1182,0.1489,0
NCFB-003639,0.0955,0.0182,0.1119,-0.6251,0.0108,0
NCFB-003640,0.1,0.1365,0.2103,-0.5987,0.0877,0
NCFB-003641,0.0118,0.2049,0.0348,0.0327,0.0657,0
NCFB-003642,0.3815,0.0542,0.089,-0.931,0.0202,0
NCFB-003643,0.141,0.2449,0.126,0.8469,0.158,0
NCFB-003644,0.1867,0.1366,0.0395,0.3326,0.0239,0
NCFB-003645,1.1254,0.1342,0.1025,0.4232,0.0173,0
NCFB-003646,0.1453,0.1724,0.0788,0.3451,0.0179,0
NCFB-003647,0.1748,0.4359,0.0984,0.336,0.5048,0
NCFB-003648,0.2256,0.0983,0.0733,0.6551,0.1318,0
NCFB-003649,0.3062,0.2414,0.069,-0.4792,0.013,0
NCFB-003650,1.0926,0.0975,0.1476,0.3069,0.0198,0
NCFB-003651,0.0027,0.1882,0.2582,0.6339,0.0157,0
NCFB-003652,0.2841,0.2943,0.0153,-0.5451,0.0267,0
NCFB-003653,0.1424,0.2029,0.4131,0.597,0.1973,0
NCFB-003654,3.3475,0.9696,0.7639,4.7832,1.5176,1
NCFB-003655,0.3747,0.0177,0.0052,0.5052,0.1694,0
NCFB-003656,0.179,0.0818,0.2049,1.5411,0.0089,0
NCFB-003657,0.1852,0.3666,0.0375,0.3204,0.1656,0
NCFB-003658,0.0638,0.1495,0.1275,1.5169,0.2333,0
NCFB-003659,0.1327,0.3531,0.5148,-0.2978,0.4863,0
NCFB-003660,0.0164,0.1517,0.0379,0.1447,0.0244,0
NCFB-003661,0.2982,0.1944,0.1523,-0.0167,0.0067,0
NCFB-003662,0.3634,0.1041,0.2547,-0.127,0.1976,0
NCFB-003663,0.2159,0.1834,0.1605,-0.4762,0.3349,0
NCFB-003664,0.4606,0.0765,0.1967,0.0792,0.1365,0
NCFB-003665,0.1815,0.0883,0.5355,-0.2136,0.0132,0
NCFB-003666,0.649,0.0496,0.0154,0.9237,0.0955,0
NCFB-003667,0.5894,0.0496,0.0698,0.0399,0.043,0
NCFB-003668,0.1285,0.0435,0.0621,-0.5475,0.7385,0
NCFB-003669,3.1416,0.802,1.1983,4.8883,1.7325,1
NCFB-003670,0.5023,0.1123,0.0211,0.1848,1.0754,0
NCFB-003671,0.3006,0.1268,0.1564,0.0756,0.0,0
NCFB-003672,3.1723,0.9114,1.6256,4.9467,1.2642,1
NCFB-003673,0.2053,0.1541,0.0625,-1.2955,0.0044,0
NCFB-003674,0.4907,0.1124,0.1524,0.5452,0.0136,0
NCFB-003675,0.2982,0.3338,0.085,-0.8773,0.12,0
NCFB-003676,0.1952,0.1,0.1508,-0.3205,0.0045,0
NCFB-003677,0.2309,0.6146,0.2149,-1.336,0.3392,0
NCFB-003678,0.318,0.25,0.0666,0.2673,0.02,0
NCFB-003679,0.1029,0.1813,0.0757,-0.002,0.2426,0
NCFB-003680,0.0558,0.1571,0.1996,0.2039,0.0021,0
NCFB-003681,0.1772,0.0816,0.1152,-0.2781,0.0449,0
NCFB-003682,0.0243,0.0576,0.1895,1.0454,0.1025,0
NCFB-003683,0.1361,0.1502,0.0371,0.6561,0.033,0
NCFB-003684,0.7941,0.1362,0.1541,1.5532,0.0953,0
NCFB-003685,1.7276,0.0605,0.0129,-0.8387,0.297,0
NCFB-003686,0.0471,0.207,0.0561,0.8616,0.0205,0
NCFB-003687,2.9354,0.9662,1.2022,6.0927,1.6829,1
NCFB-003688,0.7397,0.0571,0.1081,1.1057,0.0572,0
NCFB-003689,0.014,0.1843,0.0828,-0.5961,0.1019,0
NCFB-003690,1.1627,0.065,0.4486,-1.1196,0.2692,0
NCFB-003691,0.5603,0.022,0.0754,0.2022,0.0835,0
NCFB-003692,0.2095,0.1212,0.3937,1.2522,0.259,0
NCFB-003693,0.0822,0.0378,0.1029,-0.1373,0.0363,0
NCFB-003694,0.7554,0.0372,0.3188,1.3123,0.2372,0
NCFB-003695,0.3717,0.144,0.0021,0.3485,0.0148,0
NCFB-003696,0.3515,0.3757,0.077,-0.1532,0.16,0
NCFB-003697,0.061,0.2474,0.2597,-0.0779,0.1208,0
NCFB-003698,0.9513,0.0694,0.1913,-1.9939,0.0843,0
NCFB-003699,0.0878,0.1805,0.0652,0.1237,0.0507,0
NCFB-003700,0.1186,0.2879,0.1009,-0.1831,0.1794,0
NCFB-003701,0.1962,0.082,0.2968,1.531,0.048,0
NCFB-003702,0.1328,0.1127,0.1032,0.3503,0.1544,0
NCFB-003703,0.2197,0.0057,0.0561,-0.8834,0.0227,0
NCFB-003704,0.4742,0.2871,0.09,0.7879,0.0033,0
NCFB-003705,0.0045,0.2739,0.0496,-0.3417,0.0659,0
NCFB-003706,0.3953,0.0505,0.0697,0.7819,0.1523,0
NCFB-003707,0.3269,0.1277,0.0042,0.0246,0.2275,0
NCFB-003708,0.0889,0.2775,0.1569,-0.1102,0.062,0
NCFB-003709,0.5667,0.1139,0.5826,-0.076,0.0038,0
NCFB-003710,0.0142,0.1547,0.0637,-1.137,0.0674,0
NCFB-003711,0.2706,0.1112,0.0738,-0.1351,0.2979,0
NCFB-003712,0.1223,0.1232,0.0036,0.4032,0.7498,0
NCFB-003713,0.0612,0.1396,0.4321,1.1669,0.1621,0
NCFB-003714,0.011,0.1843,0.0138,-1.3203,0.0212,0
NCFB-003715,0.2624,0.172,0.1243,0.4959,0.0015,0
NCFB-003716,0.6922,0.4537,0.0883,0.7259,0.0304,0
NCFB-003717,0.0889,0.0865,0.0701,0.6308,0.0051,0
NCFB-003718,0.0624,0.2546,0.308,-0.9618,0.2737,0
NCFB-003719,0.3264,0.0917,0.112,0.6513,0.0847,0
NCFB-003720,0.2262,0.0197,0.0916,0.4877,0.1007,0
NCFB-003721,0.1457,0.1542,0.0019,-0.5023,0.0696,0
NCFB-003722,0.2161,0.2543,0.0779,0.5035,0.0791,0
NCFB-003723,0.1354,0.2609,0.0412,-0.2265,0.1275,0
NCFB-003724,0.1288,0.147,0.0375,-0.9916,0.0401,0
NCFB-003725,0.0057,0.2884,0.0557,0.5596,0.1226,0
NCFB-003726,0.6138,0.0605,0.0891,-1.0537,0.3554,0
NCFB-003727,0.0905,0.2881,0.0941,0.0377,0.0573,0
NCFB-003728,0.6968,0.2515,0.0888,-0.8599,0.0235,0
NCFB-003729,0.4745,0.02,0.4343,0.2873,0.1639,0
NCFB-003730,0.6128,0.2248,0.2542,1.3174,0.0005,0
NCFB-003731,0.0682,0.1833,0.1503,-0.4419,0.4823,0
NCFB-003732,0.9345,0.0749,0.0456,0.6894,0.1082,0
NCFB-003733,3.8712,0.7917,1.1341,4.7772,1.7919,1
NCFB-003734,0.6151,0.3411,0.0125,0.5562,0.0934,0
NCFB-003735,0.0802,0.0481,0.0534,0.3132,0.0822,0
NCFB-003736,0.0827,0.0912,0.3138,-0.004,0.1217,0
NCFB-003737,0.3034,0.1042,0.3756,-0.4114,0.1169,0
NCFB-003738,3.2972,0.9205,1.3252,4.6739,1.8886,1
NCFB-003739,0.1891,0.3573,0.0235,-0.3657,0.07,0
NCFB-003740,0.4491,0.2054,0.197,-0.0701,0.0041,0
NCFB-003741,0.6673,0.0998,0.1196,0.3676,0.3013,0
NCFB-003742,0.1785,0.1368,0.0288,0.9558,0.3427,0
NCFB-003743,0.179,0.2505,0.1302,0.7357,0.3025,0
NCFB-003744,0.0489,0.2954,0.1099,-0.2861,0.2816,0
NCFB-003745,0.0656,0.0848,0.1608,-0.27,0.0511,0
NCFB-003746,0.0423,0.2224,0.0516,-0.9536,0.0466,0
NCFB-003747,0.4647,0.104,0.1551,-0.4738,0.0851,0
NCFB-003748,0.351,0.1863,0.0509,1.2493,0.2552,0
NCFB-003749,0.3356,0.0964,0.2231,0.112,0.2581,0
NCFB-003750,0.118,0.4863,0.1671,-0.049,0.0125,0
NCFB-003751,0.0658,0.0718,0.043,-0.0659,0.3157,0
NCFB-003752,0.3112,0.1257,0.0957,-0.8015,0.3548,0
NCFB-003753,0.0461,0.324,0.0693,-0.609,0.0394,0
NCFB-003754,1.3927,0.3006,0.1732,-0.5424,0.0948,0
NCFB-003755,0.2198,0.3359,0.195,0.2979,0.0033,0
NCFB-003756,0.0111,0.2297,0.0247,-0.7854,0.0677,0
NCFB-003757,0.163,0.0201,0.0447,0.9268,0.1034,0
NCFB-003758,0.0952,0.241,0.1449,-0.1547,0.0237,0
NCFB-003759,0.2118,0.1421,0.524,0.1094,0.1806,0
NCFB-003760,0.4626,0.0566,0.229,-0.0674,0.1153,0
NCFB-003761,0.2557,0.2721,0.0496,0.732,0.0588,0
NCFB-003762,0.2591,0.0641,0.0377,-0.5149,0.0933,0
NCFB-003763,0.1973,0.2,0.2325,0.3564,0.0419,0
NCFB-003764,0.9284,0.3427,0.0042,-0.5346,0.1333,0
NCFB-003765,0.7686,0.0672,0.3659,0.8377,0.0905,0
NCFB-003766,0.1253,0.0345,0.0764,0.442,0.053,0
NCFB-003767,0.2674,0.1162,0.0539,-0.3541,0.0761,0
NCFB-003768,0.4329,0.2313,0.1266,-0.1143,0.1089,0
NCFB-003769,0.2861,0.2357,0.2296,0.142,0.083,0
NCFB-003770,0.3669,0.0184,0.0617,-0.0972,0.0145,0
NCFB-003771,0.155,0.1671,0.0064,1.1697,0.0656,0
NCFB-003772,0.343,0.1437,0.1173,0.6351,0.0278,0
NCFB-003773,0.5995,0.0456,0.0308,0.586,0.1865,0
NCFB-003774,0.0467,0.0455,0.0657,-0.233,0.1284,0
NCFB-003775,0.3044,0.0357,0.0736,0.1597,0.0392,0
NCFB-003776,0.5686,0.124,0.0298,-0.75,0.1965,0
NCFB-003777,0.6631,0.0885,0.0959,0.252,0.2702,0
NCFB-003778,0.3544,0.3587,0.208,0.0629,0.0605,0
NCFB-003779,1.2055,0.1894,0.0102,-1.7006,0.1841,0
NCFB-003780,1.244,0.5866,0.1164,0.3003,0.157,0
NCFB-003781,1.3775,0.0633,0.4702,-0.0774,0.3098,0
NCFB-003782,0.2826,0.129,0.0426,-0.3632,0.0188,0
NCFB-003783,0.0446,0.0518,0.0948,-0.8016,0.0945,0
NCFB-003784,0.4721,0.1151,0.0456,-0.2786,0.2009,0
NCFB-003785,0.2396,0.3584,0.2401,-0.3465,0.2077,0
NCFB-003786,0.8834,0.1461,0.019,0.0973,0.0277,0
NCFB-003787,0.1668,0.2541,0.1102,0.7413,0.0672,0
NCFB-003788,0.0179,0.1075,0.0514,0.2727,0.2124,0
NCFB-003789,0.973,0.2017,0.0568,-0.9829,0.3403,0
NCFB-003790,0.5903,0.1544,0.2288,-0.6766,0.0274,0
NCFB-003791,0.2998,0.1024,0.3549,-1.1904,0.0583,0
NCFB-003792,0.2525,0.1677,0.2915,0.3994,0.0079,0
NCFB-003793,0.6551,0.197,0.0267,-0.1095,0.0849,0
NCFB-003794,0.0611,0.0492,0.0176,-0.0067,0.0135,0
NCFB-003795,0.4144,0.501,0.0975,-0.8364,0.1991,0
NCFB-003796,0.1224,0.0695,0.0311,-1.0373,0.0544,0
NCFB-003797,0.2751,0.0725,0.2061,0.6535,0.1674,0
NCFB-003798,0.7494,0.066,0.2245,1.1116,0.1903,0
NCFB-003799,0.1028,0.3223,0.0817,0.4021,0.0102,0
NCFB-003800,0.0763,0.124,0.3371,-1.0032,0.5499,0
NCFB-003801,0.036,0.1224,0.2776,-0.5793,0.2112,0
NCFB-003802,0.4066,0.0844,0.0874,-0.1016,0.4547,0
NCFB-003803,0.9507,0.2033,0.0938,-0.0371,0.1606,0
NCFB-003804,0.2006,0.0317,0.2275,-0.1039,0.0352,0
NCFB-003805,0.2791,0.13,0.0557,0.1139,0.0161,0
NCFB-003806,0.1631,0.0652,0.0237,-0.9182,0.1603,0
NCFB-003807,4.4202,0.9824,1.3291,4.2224,1.6353,1
NCFB-003808,0.5556,0.2082,0.0071,0.016,0.0138,0
NCFB-003809,0.6109,0.0477,0.0667,-0.5281,0.0031,0
NCFB-003810,0.724,0.1017,0.6801,0.6087,0.3077,0
NCFB-003811,0.0122,0.132,0.0211,0.4776,0.0634,0
NCFB-003812,1.2384,0.1184,0.1294,0.2904,0.0161,0
NCFB-003813,0.0247,0.2338,0.3774,-0.3238,0.36,0
NCFB-003814,0.076,0.165,0.0846,-0.3846,0.1207,0
NCFB-003815,0.0487,0.0782,0.015,0.9897,0.1655,0
NCFB-003816,0.0765,0.0589,0.1708,1.0716,0.2398,0
NCFB-003817,0.2852,0.0125,0.1875,0.7133,0.0965,0
NCFB-003818,0.7138,0.169,0.0476,0.6194,0.4593,0
NCFB-003819,0.9674,0.0876,0.0446,0.5455,0.196,0
NCFB-003820,1.0997,0.2533,0.1193,-0.2178,0.0029,0
NCFB-003821,0.6568,0.1293,0.2792,1.1816,0.1489,0
NCFB-003822,0.2625,0.1842,0.034,0.8954,0.5169,0
NCFB-003823,0.2608,0.2841,0.0226,0.0447,0.0689,0
NCFB-003824,1.3056,0.1867,0.3769,1.1839,0.1323,0
NCFB-003825,0.1828,0.2857,0.2164,0.0007,0.1395,0
NCFB-003826,1.1267,0.0845,0.0133,-0.4112,0.1723,0
NCFB-003827,0.2481,0.1489,0.0744,-0.6897,0.0086,0
NCFB-003828,0.9103,0.0541,0.4509,0.549,0.0512,0
NCFB-003829,0.0451,0.2056,0.1161,-0.3185,0.5237,0
NCFB-003830,0.0862,0.0492,0.2777,-0.0574,0.4339,0
NCFB-003831,1.4682,0.1429,0.1006,-0.3882,0.0539,0
NCFB-003832,0.3048,0.2163,0.0896,0.5729,0.107,0
NCFB-003833,0.0114,0.1453,0.0525,0.0954,0.4029,0
NCFB-003834,0.118,0.2614,0.2006,-0.4554,0.2447,0
NCFB-003835,0.5495,0.0442,0.2375,-0.6834,0.0165,0
NCFB-003836,1.0588,0.0997,0.0494,0.5565,0.1175,0
NCFB-003837,0.1894,0.0826,0.0227,-0.5938,0.0277,0
NCFB-003838,2.0864,0.2188,0.0528,-0.2843,0.0312,0
NCFB-003839,0.0987,0.2021,0.0183,1.0431,0.1248,0
NCFB-003840,0.0632,0.1362,0.0492,-0.4693,0.2458,0
NCFB-003841,0.4851,0.3635,0.2122,-0.3785,0.0098,0
NCFB-003842,1.3443,0.055,0.1507,0.2881,0.0387,0
NCFB-003843,0.2031,0.0303,0.0408,1.4837,0.1426,0
NCFB-003844,0.0521,0.1335,0.003,-1.0171,0.0842,0
NCFB-003845,0.1448,0.1566,0.0954,-1.384,0.2028,0
NCFB-003846,0.3005,0.0735,0.0734,0.1622,0.2725,0
NCFB-003847,0.5118,0.1531,0.2696,-0.5672,0.0053,0
NCFB-003848,0.0303,0.051,0.104,0.5947,0.3597,0
NCFB-003849,0.2019,0.0418,0.0762,0.4466,0.1381,0
NCFB-003850,0.0838,0.0616,0.1161,1.1093,0.2751,0
NCFB-003851,0.1897,0.1675,0.2137,2.1366,0.2676,0
NCFB-003852,0.2377,0.026,0.28,0.0261,0.1681,0
NCFB-003853,0.4924,0.2734,0.0683,-0.32,0.1074,0
NCFB-003854,0.3311,0.1424,0.0241,-0.7825,0.0008,0
NCFB-003855,0.7348,0.2046,0.0325,0.6356,0.3726,0
NCFB-003856,0.1536,0.118,0.0982,-0.1253,0.091,0
NCFB-003857,0.0927,0.2902,0.4843,0.0718,0.1765,0
NCFB-003858,0.3539,0.1213,0.0715,-0.2437,0.0917,0
NCFB-003859,0.0474,0.2539,0.0424,-0.1462,0.1607,0
NCFB-003860,0.328,0.0488,0.19,-0.3839,0.1322,0
NCFB-003861,0.2698,0.3832,0.0571,-0.7142,0.0159,0
NCFB-003862,0.6912,0.239,0.0934,-0.1635,0.0428,0
NCFB-003863,0.2189,0.3191,0.0686,-0.0263,0.1529,0
NCFB-003864,0.5111,0.2919,0.0778,-0.6031,0.0229,0
NCFB-003865,0.4775,0.1318,0.1479,-0.1774,0.0555,0
NCFB-003866,0.0712,0.0722,0.2778,-0.8644,0.133,0
NCFB-003867,2.8604,0.0199,0.5763,-1.1718,0.0522,0
NCFB-003868,0.3127,0.1181,0.0469,0.0799,0.0322,0
NCFB-003869,0.0374,0.3141,0.049,-0.5352,0.0146,0
NCFB-003870,0.7252,0.0694,0.0834,0.5146,0.1052,0
NCFB-003871,0.0328,0.0474,0.0074,-1.2525,0.1111,0
NCFB-003872,0.8459,0.0717,0.0564,-0.4647,0.1506,0
NCFB-003873,0.7348,0.0644,0.0006,-0.4136,0.076,0
NCFB-003874,0.4941,0.1879,0.1448,-1.5258,0.0611,0
NCFB-003875,0.3166,0.1776,0.0213,0.0366,0.0735,0
NCFB-003876,0.4181,0.0744,0.0588,0.5946,0.1362,0
NCFB-003877,0.2917,0.0518,0.1226,1.8662,0.0388,0
NCFB-003878,0.2686,0.1528,0.3721,0.4108,0.089,0
NCFB-003879,0.5792,0.4021,0.1201,-0.6377,0.1271,0
NCFB-003880,0.031,0.064,0.1417,-0.3733,0.1138,0
NCFB-003881,0.0844,0.249,0.0431,0.4232,0.1033,0
NCFB-003882,0.6152,0.3487,0.092,-0.3465,0.0986,0
NCFB-003883,0.212,0.2138,0.2541,-0.2493,0.2061,0
NCFB-003884,0.2495,0.4412,0.2534,-1.4727,0.1029,0
NCFB-003885,0.0904,0.1754,0.5616,-0.8351,0.2543,0
NCFB-003886,0.0907,0.1225,0.1591,-1.2479,0.1349,0
NCFB-003887,0.2319,0.3996,0.0778,-0.6451,0.1132,0
NCFB-003888,2.8529,0.8721,1.0159,4.411,2.172,1
NCFB-003889,0.0035,0.2024,0.0553,0.282,0.0394,0
NCFB-003890,0.8849,0.1349,0.0416,0.2845,0.1886,0
NCFB-003891,0.4863,0.0731,0.0615,0.8648,0.0196,0
NCFB-003892,0.033,0.1048,0.0185,-0.58,0.0163,0
NCFB-003893,0.4817,0.2237,0.4136,-0.1453,0.0449,0
NCFB-003894,0.1091,0.109,0.0378,0.1714,0.6738,0
NCFB-003895,0.2921,0.1617,0.1594,-0.2361,0.0264,0
NCFB-003896,0.0709,0.0424,0.0305,-0.8824,0.0633,0
NCFB-003897,0.1771,0.1982,0.1832,-0.4142,0.2176,0
NCFB-003898,0.0127,0.0655,0.093,-0.3216,0.272,0
NCFB-003899,0.3658,0.1644,0.0979,-0.7163,0.4468,0
NCFB-003900,0.1851,0.1285,0.0092,-2.1759,0.0164,0
NCFB-003901,0.1215,0.2692,0.1575,-0.0675,0.0756,0
NCFB-003902,0.2694,0.3407,0.054,0.1673,0.117,0
NCFB-003903,0.2554,0.2286,0.0203,-0.3993,0.1566,0
NCFB-003904,0.0034,0.0337,0.0776,-1.4876,0.0813,0
NCFB-003905,0.5554,0.0472,0.3842,-0.3459,0.3388,0
NCFB-003906,0.178,0.2225,0.0505,0.8069,0.0828,0
NCFB-003907,0.8396,0.3308,0.1965,-0.4481,0.0123,0
NCFB-003908,0.3961,0.0866,0.3331,-0.0494,0.0424,0
NCFB-003909,1.0551,0.0809,0.0548,-1.2334,0.5939,0
NCFB-003910,0.5324,0.0198,0.0398,-0.628,0.1724,0
NCFB-003911,0.4665,0.0642,0.3508,-0.132,0.1254,0
NCFB-003912,0.2113,0.2577,0.0651,2.2638,0.3827,0
NCFB-003913,0.7933,0.1774,0.0584,-0.6568,0.0242,0
NCFB-003914,0.0139,0.0252,0.0561,-0.026,0.1633,0
NCFB-003915,0.1819,0.0452,0.0269,0.3842,0.3227,0
NCFB-003916,0.8667,0.0119,0.1789,-0.5401,0.0738,0
NCFB-003917,0.1118,0.1416,0.0672,-0.3693,0.153,0
NCFB-003918,0.2475,0.0497,0.0076,-1.1275,0.0827,0
NCFB-003919,0.1322,0.2032,0.5058,-1.9712,0.0425,0
NCFB-003920,0.8842,0.0306,0.0396,0.8732,0.0192,0
NCFB-003921,0.5991,0.2625,0.2547,0.095,0.0339,0
NCFB-003922,0.1881,0.0751,0.0182,0.0311,0.0562,0
NCFB-003923,0.7156,0.0238,0.1767,0.6486,0.122,0
NCFB-003924,0.2111,0.079,0.0049,-0.1025,0.0327,0
NCFB-003925,0.4998,0.0084,0.0703,-0.4649,0.424,0
NCFB-003926,0.1719,0.117,0.0977,-0.5968,0.0664,0
NCFB-003927,0.1435,0.302,0.01,-0.2717,0.2974,0
NCFB-003928,0.0492,0.1861,0.0425,-0.0599,0.1914,0
NCFB-003929,0.2293,0.0121,0.0133,0.1726,0.3113,0
NCFB-003930,0.6051,0.1416,0.0562,0.6772,0.2443,0
NCFB-003931,0.1496,0.1343,0.0378,-1.0211,0.0804,0
NCFB-003932,0.0744,0.0581,0.1093,0.7754,0.2415,0
NCFB-003933,0.2436,0.2185,0.1059,-0.5492,0.1646,0
NCFB-003934,0.0937,0.0179,0.0325,-0.8023,0.0547,0
NCFB-003935,0.3412,0.0115,0.1473,-0.5275,0.1753,0
NCFB-003936,0.2968,0.0673,0.0109,0.0057,0.0552,0
NCFB-003937,0.2373,0.0152,0.1061,-0.9221,0.0702,0
NCFB-003938,1.1065,0.0449,0.0631,-0.3342,0.1498,0
NCFB-003939,0.2458,0.2165,0.1801,-0.4629,0.0145,0
NCFB-003940,1.12,0.1332,0.0472,-0.463,0.1156,0
NCFB-003941,0.8267,0.0871,0.3304,-0.0602,0.2006,0
NCFB-003942,0.4126,0.1174,0.0346,0.0706,0.0421,0
NCFB-003943,0.4694,0.1709,0.0291,0.2081,0.061,0
NCFB-003944,0.3647,0.1243,0.1037,1.2355,0.1204,0
NCFB-003945,0.3715,0.1021,0.0801,0.3758,0.0421,0
NCFB-003946,0.1532,0.0959,0.3221,-0.0314,0.032,0
NCFB-003947,0.6341,0.4634,0.0541,-1.0023,0.4682,0
NCFB-003948,0.5445,0.2464,0.057,-0.1984,0.1424,0
NCFB-003949,0.2017,0.0511,0.0311,-0.9065,0.1622,0
NCFB-003950,0.1657,0.2786,0.3758,-0.1176,0.2494,0
NCFB-003951,0.1367,0.2185,0.1389,-0.4496,0.1109,0
NCFB-003952,0.1007,0.1291,0.2322,0.6069,0.1785,0
NCFB-003953,0.1243,0.2524,0.4574,-0.517,0.0393,0
NCFB-003954,0.5866,0.0362,0.0672,-0.4866,0.0329,0
NCFB-003955,0.0759,0.1699,0.0895,0.7344,0.4263,0
NCFB-003956,0.1967,0.0658,0.004,0.7145,0.3218,0
NCFB-003957,1.2049,0.1252,0.0617,-0.806,0.4303,0
NCFB-003958,0.0672,0.0664,0.0755,-0.3987,0.1627,0
NCFB-003959,0.5143,0.2425,0.271,-0.0601,0.274,0
NCFB-003960,0.054,0.0793,0.0293,0.271,0.0672,0
NCFB-003961,0.3917,0.1353,0.1265,-0.1179,0.0326,0
NCFB-003962,0.1175,0.0753,0.4549,-0.7107,0.0997,0
NCFB-003963,0.1185,0.088,0.0869,1.5562,0.101,0
NCFB-003964,0.3596,0.0761,0.1284,1.645,0.1471,0
NCFB-003965,0.1777,0.1255,0.0335,-0.7687,0.1246,0
NCFB-003966,0.1336,0.281,0.0299,-0.8676,0.2761,0
NCFB-003967,1.2137,0.2766,0.092,-0.6958,0.1533,0
NCFB-003968,0.0476,0.1264,0.0654,-1.7394,0.0446,0
NCFB-003969,0.2207,0.1895,0.0401,-0.1347,0.14,0
NCFB-003970,0.162,0.1732,0.1978,0.6873,0.1104,0
NCFB-003971,0.1969,0.0969,0.0439,1.3907,0.2597,0
NCFB-003972,0.2769,0.215,0.3447,0.1533,0.0153,0
NCFB-003973,0.159,0.095,0.0328,0.0481,0.1735,0
NCFB-003974,0.38,0.0304,0.06,-1.394,0.187,0
NCFB-003975,0.0659,0.1845,0.2854,-1.9395,0.4631,0
NCFB-003976,0.3961,0.2946,0.1833,-0.2393,0.2401,0
NCFB-003977,0.1743,0.164,0.0319,-2.3089,0.1977,0
NCFB-003978,0.7955,0.1537,0.1329,-0.4341,0.0864,0
NCFB-003979,0.523,0.1865,0.2287,-0.2916,0.054,0
NCFB-003980,0.6147,0.1239,0.1413,-0.2546,0.1587,0
NCFB-003981,0.7079,0.0634,0.0736,0.5304,0.1916,0
NCFB-003982,0.0688,0.0994,0.0097,0.0454,0.0566,0
NCFB-003983,0.0579,0.1558,0.07,-0.7762,0.3766,0
NCFB-003984,0.2407,0.0577,0.2536,-1.4389,0.0638,0
NCFB-003985,0.0492,0.1894,0.0777,0.1336,0.1526,0
NCFB-003986,0.5358,0.1434,0.1035,-0.5975,0.0238,0
NCFB-003987,1.3401,0.1092,0.1522,0.6037,0.1739,0
NCFB-003988,1.3898,0.1219,0.0092,0.5373,0.0307,0
NCFB-003989,0.0961,0.1224,0.0362,-1.2183,0.1141,0
NCFB-003990,0.1368,0.0527,0.0169,-0.327,0.0314,0
NCFB-003991,0.4916,0.1277,0.0561,-0.0464,0.0526,0
NCFB-003992,0.501,0.1664,0.1149,0.644,0.1245,0
NCFB-003993,4.0624,0.9334,1.342,4.4228,1.894,1
NCFB-003994,0.1591,0.219,0.0347,-0.3459,0.046,0
NCFB-003995,4.0043,0.9098,1.2665,4.5823,1.7247,1
NCFB-003996,0.5496,0.3793,0.1154,-0.1107,0.0131,0
NCFB-003997,0.3116,0.3835,0.1035,-0.245,0.4599,0
NCFB-003998,0.1253,0.055,0.0895,-0.3958,0.56,0
NCFB-003999,0.1909,0.1825,0.0493,0.8151,0.1365,0
NCFB-004000,0.0645,0.1185,0.0411,0.8473,0.1816,0
NCFB-004001,0.6572,0.0827,0.1768,-0.3991,0.1587,0
NCFB-004002,0.0473,0.2144,0.0642,0.3539,0.1895,0
NCFB-004003,0.3212,0.1001,0.1539,-0.5931,0.5768,0
NCFB-004004,3.3668,0.6966,1.3292,4.0004,1.5065,1
NCFB-004005,0.6972,0.1656,0.1379,-0.7556,0.0258,0
NCFB-004006,0.0204,0.229,0.0855,-0.2653,0.0678,0
NCFB-004007,0.3486,0.3845,0.0887,0.2565,0.0209,0
NCFB-004008,0.4709,0.2845,0.2265,-0.265,0.0038,0
NCFB-004009,0.3609,0.2539,0.3062,0.6293,0.1438,0
NCFB-004010,0.0237,0.082,0.0827,0.8715,0.1037,0
NCFB-004011,0.3128,0.2435,0.2813,0.3696,0.0399,0
NCFB-004012,0.0993,0.2155,0.2317,1.3181,0.1858,0
NCFB-004013,0.1654,0.0648,0.1724,0.3649,0.0285,0
NCFB-004014,0.8003,0.1353,0.1567,0.7315,0.0092,0
NCFB-004015,0.4382,0.2062,0.0425,0.9869,0.4024,0
NCFB-004016,0.3299,0.1633,0.1071,-0.886,0.0449,0
NCFB-004017,0.0133,0.1169,0.2494,0.0473,0.0415,0
NCFB-004018,0.3074,0.105,0.0615,-0.179,0.03,0
NCFB-004019,0.2457,0.0776,0.0412,0.3688,0.0167,0
NCFB-004020,0.0044,0.158,0.0197,-1.8128,0.1263,0
NCFB-004021,0.3973,0.1083,0.0321,-0.7269,0.033,0
NCFB-004022,0.2172,0.1898,0.1912,0.6676,0.3347,0
NCFB-004023,0.2928,0.3089,0.0939,-1.0148,0.0317,0
NCFB-004024,0.1727,0.2289,0.0369,0.4509,0.0063,0
NCFB-004025,0.0773,0.1003,0.0448,-0.5242,0.153,0
NCFB-004026,0.3991,0.1289,0.057,-0.0653,0.0046,0
NCFB-004027,0.294,0.0704,0.0604,-1.8873,0.4094,0
NCFB-004028,0.5297,0.027,0.0118,0.3901,0.0134,0
NCFB-004029,0.003,0.1631,0.0852,-0.1846,0.0494,0
NCFB-004030,0.2104,0.0622,0.0362,0.4409,0.0107,0
NCFB-004031,0.0203,0.1124,0.0337,0.061,0.4718,0
NCFB-004032,2.6178,0.9883,1.3807,5.163,1.9962,1
NCFB-004033,0.576,0.0073,0.0062,1.0077,0.0583,0
NCFB-004034,0.0126,0.2749,0.0329,-0.1454,0.0904,0
NCFB-004035,0.0864,0.0908,0.1266,1.2444,0.0619,0
NCFB-004036,0.0722,0.1258,0.0823,-0.7657,0.3845,0
NCFB-004037,0.3202,0.2511,0.0155,-1.0023,0.1339,0
NCFB-004038,0.1912,0.1775,0.2213,-1.023,0.3131,0
NCFB-004039,0.0494,0.1359,0.1063,-0.8225,0.0193,0
NCFB-004040,0.598,0.365,0.1297,0.6258,0.1127,0
NCFB-004041,0.7183,0.1264,0.2661,0.5661,0.0356,0
NCFB-004042,0.0283,0.1087,0.0831,-1.0392,0.1482,0
NCFB-004043,0.042,0.0235,0.159,0.0856,0.2768,0
NCFB-004044,0.2794,0.0584,0.0595,0.017,0.2546,0
NCFB-004045,0.1129,0.0566,0.0869,0.4659,0.1039,0
NCFB-004046,0.205,0.0362,0.0017,0.0945,0.0185,0
NCFB-004047,0.449,0.051,0.0516,-0.45,0.2123,0
NCFB-004048,0.7807,0.1012,0.4174,-0.2046,0.0271,0
NCFB-004049,0.0323,0.3598,0.0533,-0.4372,0.022,0
NCFB-004050,0.5158,0.1418,0.2781,1.0313,0.0413,0
NCFB-004051,0.5783,0.1131,0.0031,-0.1223,0.188,0
NCFB-004052,0.0309,0.3183,0.3247,0.3158,0.0484,0
NCFB-004053,0.3456,0.1488,0.0199,1.1712,0.1708,0
NCFB-004054,0.515,0.0628,0.0005,0.3133,0.1069,0
NCFB-004055,0.6317,0.2249,0.1612,-0.9272,0.1124,0
NCFB-004056,0.0001,0.0554,0.1144,1.3219,0.3938,0
NCFB-004057,0.1609,0.1361,0.1046,0.4247,0.2328,0
NCFB-004058,0.0055,0.0749,0.308,0.0467,0.0903,0
NCFB-004059,3.3353,0.969,1.0401,4.5256,1.385,1
NCFB-004060,0.0948,0.0636,0.024,-1.055,0.1512,0
NCFB-004061,0.0116,0.1546,0.0568,0.0193,0.0156,0
NCFB-004062,0.3034,0.0277,0.0764,-0.2135,0.0461,0
NCFB-004063,0.1267,0.0223,0.005,-0.0481,0.0732,0
NCFB-004064,0.1386,0.1903,0.0233,0.0803,0.1847,0
NCFB-004065,0.6162,0.1122,0.0643,0.2753,0.0264,0
NCFB-004066,0.1105,0.0939,0.2181,0.0106,0.2101,0
NCFB-004067,0.2808,0.2815,0.0183,-0.1371,0.062,0
NCFB-004068,0.4461,0.2963,0.0024,-0.37,0.4793,0
NCFB-004069,0.8033,0.0894,0.3086,0.9618,0.0798,0
NCFB-004070,0.1572,0.0583,0.0951,0.9818,0.0224,0
NCFB-004071,1.3943,0.0878,0.199,-0.3209,0.1999,0
NCFB-004072,0.1772,0.1883,0.0748,-0.5297,0.1498,0
NCFB-004073,0.3043,0.1349,0.0214,-0.8766,0.0456,0
NCFB-004074,0.0977,0.056,0.0843,-0.817,0.0084,0
NCFB-004075,0.2043,0.1219,0.343,1.4455,0.0516,0
NCFB-004076,0.0875,0.0169,0.2535,-0.5726,0.0355,0
NCFB-004077,0.0266,0.402,0.0712,0.6277,0.2992,0
NCFB-004078,0.3065,0.059,0.1169,-0.2135,0.0966,0
NCFB-004079,0.1122,0.1256,0.1966,0.1224,0.2107,0
NCFB-004080,0.1378,0.057,0.4335,0.1599,0.0544,0
NCFB-004081,0.8842,0.2161,0.2043,-0.0767,0.4241,0
NCFB-004082,0.1741,0.16,0.0788,-0.6709,0.1611,0
NCFB-004083,0.3655,0.1488,0.0984,-0.9961,0.438,0
NCFB-004084,0.6007,0.1313,0.0753,1.4616,0.258,0
NCFB-004085,3.3419,0.4947,0.9856,4.0199,1.7827,1
NCFB-004086,0.0162,0.2496,0.0596,0.6708,0.3837,0
NCFB-004087,0.3324,0.1605,0.1816,1.3114,0.3425,0
NCFB-004088,0.501,0.0299,0.1981,0.4397,0.3413,0
NCFB-004089,0.38,0.0795,0.0934,0.1787,0.0033,0
NCFB-004090,0.612,0.2928,0.3411,-0.6541,0.0549,0
NCFB-004091,0.227,0.3004,0.3795,-0.4694,0.0309,0
NCFB-004092,0.1851,0.0729,0.1683,0.152,0.1462,0
NCFB-004093,0.0325,0.3826,0.0644,-0.2768,0.0876,0
NCFB-004094,0.0068,0.0446,0.0897,0.2846,0.3676,0
NCFB-004095,0.1163,0.2029,0.0556,1.854,0.161,0
NCFB-004096,0.0022,0.165,0.039,0.5177,0.6256,0
NCFB-004097,0.2142,0.1579,0.1704,0.7794,0.3385,0
NCFB-004098,0.2829,0.1284,0.5946,0.5083,0.1643,0
NCFB-004099,0.3767,0.1116,0.0135,0.7708,0.0576,0
NCFB-004100,0.7143,0.2166,0.169,0.1571,0.1366,0
NCFB-004101,0.2571,0.0701,0.1776,0.0464,0.2196,0
NCFB-004102,0.4164,0.0978,0.1772,0.5037,0.0086,0
NCFB-004103,0.7288,0.0327,0.002,-0.2771,0.1733,0
NCFB-004104,1.0327,0.1221,0.446,0.3451,0.5198,0
NCFB-004105,0.2009,0.4416,0.1454,-0.7499,0.0664,0
NCFB-004106,0.265,0.2155,0.0581,-0.9264,0.5762,0
NCFB-004107,0.216,0.2183,0.128,1.8551,0.0532,0
NCFB-004108,0.0991,0.0074,0.1237,-0.3274,0.0434,0
NCFB-004109,0.0338,0.0856,0.0504,0.8006,0.0103,0
NCFB-004110,3.1541,0.8467,1.0925,3.8908,2.1148,1
NCFB-004111,0.2227,0.3686,0.0497,-0.5084,0.0671,0
NCFB-004112,0.3178,0.1281,0.0291,-0.3325,0.2257,0
NCFB-004113,0.2831,0.2416,0.1596,0.4831,0.0026,0
NCFB-004114,0.5411,0.117,0.0882,-0.2745,0.0359,0
NCFB-004115,1.0514,0.1613,0.3123,-0.3993,0.0669,0
NCFB-004116,0.5378,0.2329,0.2301,-0.3233,0.006,0
NCFB-004117,0.773,0.1999,0.0414,-1.3003,0.2609,0
NCFB-004118,0.0723,0.1082,0.1511,0.8912,0.2385,0
NCFB-004119,0.0221,0.2696,0.2208,0.5427,0.0513,0
NCFB-004120,0.3224,0.2492,0.1161,0.6788,0.0449,0
NCFB-004121,0.4572,0.4001,0.0728,0.6773,0.017,0
NCFB-004122,0.6251,0.2209,0.0109,-0.7471,0.0565,0
NCFB-004123,0.1029,0.0294,0.1518,-0.6267,0.0015,0
NCFB-004124,0.6234,0.2275,0.0268,-0.4636,0.3494,0
NCFB-004125,0.0448,0.0764,0.1585,-0.6828,0.1226,0
NCFB-004126,0.3857,0.1114,0.196,-0.4454,0.7695,0
NCFB-004127,0.5187,0.2562,0.2086,0.5292,0.0494,0
NCFB-004128,0.1997,0.0386,0.0782,0.6022,0.0148,0
NCFB-004129,0.0795,0.0602,0.0929,1.2774,0.1082,0
NCFB-004130,0.7892,0.2219,0.1827,0.0882,0.1468,0
NCFB-004131,0.1744,0.2301,0.0445,0.6721,0.2999,0
NCFB-004132,3.8376,0.9537,1.2793,4.3471,1.3694,1
NCFB-004133,0.1193,0.024,0.1081,1.3524,0.1114,0
NCFB-004134,0.1127,0.0331,0.0226,0.5128,0.2054,0
NCFB-004135,0.0143,0.0923,0.0007,-0.2149,0.1391,0
NCFB-004136,0.0946,0.0937,0.3507,-1.1789,0.0645,0
NCFB-004137,2.7942,0.7012,1.1267,4.4716,1.575,1
NCFB-004138,0.4048,0.0237,0.0156,0.5191,0.0592,0
NCFB-004139,0.229,0.0608,0.3214,0.3139,0.1064,0
NCFB-004140,0.0149,0.4736,0.164,0.0944,0.6168,0
NCFB-004141,0.1929,0.4432,0.0398,-0.0918,0.3812,0
NCFB-004142,0.1018,0.1705,0.0111,-0.8659,0.0571,0
NCFB-004143,0.9385,0.0084,0.0699,-0.9285,0.2848,0
NCFB-004144,0.2435,0.2534,0.0796,-0.6721,0.0871,0
NCFB-004145,0.1982,0.334,0.129,-0.2639,0.0537,0
NCFB-004146,0.0314,0.0814,0.0032,-0.3973,0.1841,0
NCFB-004147,0.3611,0.3677,0.0986,-0.8739,0.0043,0
NCFB-004148,0.1321,0.2718,0.1846,0.1026,0.0015,0
NCFB-004149,0.266,0.1948,0.0206,-0.7935,0.257,0
NCFB-004150,0.1387,0.2948,0.0707,0.435,0.0999,0
NCFB-004151,2.4502,0.836,1.1331,4.833,1.7098,1
NCFB-004152,0.7786,0.2045,0.0143,0.3496,0.4766,0
NCFB-004153,0.2465,0.3549,0.0306,-0.2838,0.1483,0
NCFB-004154,0.6639,0.0254,0.0186,-0.0375,0.0915,0
NCFB-004155,0.5722,0.0456,0.0684,0.6781,0.0783,0
NCFB-004156,0.6228,0.005,0.0839,-1.4837,0.1539,0
NCFB-004157,0.3198,0.0164,0.049,0.7277,0.1792,0
NCFB-004158,0.1464,0.38,0.1091,0.2853,0.1602,0
NCFB-004159,0.4484,0.0546,0.0674,0.3881,0.2502,0
NCFB-004160,1.1123,0.026,0.09,0.0937,0.1067,0
NCFB-004161,0.1368,0.6037,0.0667,0.4313,0.1869,0
NCFB-004162,0.0594,0.1867,0.1357,-0.0757,0.0854,0
NCFB-004163,0.1095,0.2063,0.1849,-0.5375,0.0139,0
NCFB-004164,2.899,0.8914,1.1021,4.7749,1.8013,1
NCFB-004165,0.0175,0.1361,0.0321,-0.3498,0.3934,0
NCFB-004166,0.0262,0.2919,0.0447,-0.7198,0.2276,0
NCFB-004167,1.0688,0.0366,0.0286,0.2683,0.0343,0
NCFB-004168,0.4218,0.0537,0.0432,0.7376,0.2022,0
NCFB-004169,0.0238,0.4322,0.0768,-1.09,0.0729,0
NCFB-004170,0.0566,0.2479,0.0575,1.2878,0.0739,0
NCFB-004171,0.0704,0.2414,0.0984,1.0415,0.2391,0
NCFB-004172,1.0489,0.0016,0.1117,0.0052,0.0185,0
NCFB-004173,0.1121,0.0424,0.1706,-1.2647,0.1357,0
NCFB-004174,0.0264,0.0392,0.0438,-0.6481,0.09,0
NCFB-004175,0.7159,0.2676,0.0595,1.1715,0.088,0
NCFB-004176,0.2573,0.0334,0.1722,1.0642,0.3636,0
NCFB-004177,0.1078,0.0228,0.0679,0.3379,0.0965,0
NCFB-004178,0.0235,0.0819,0.0006,-1.0207,0.2912,0
NCFB-004179,0.1834,0.5334,0.0654,-0.207,0.0046,0
NCFB-004180,0.2549,0.2073,0.3008,-0.1877,0.4368,0
NCFB-004181,0.8632,0.235,0.0316,1.1041,0.0269,0
NCFB-004182,0.6179,0.1857,0.0056,0.8031,0.0501,0
NCFB-004183,0.1984,0.006,0.1112,1.1792,0.0505,0
NCFB-004184,0.0199,0.1482,0.1719,-0.2876,0.0251,0
NCFB-004185,0.3858,0.1406,0.0842,-0.1392,0.1722,0
NCFB-004186,0.2501,0.0264,0.0042,0.404,0.2057,0
NCFB-004187,0.3014,0.0377,0.3598,-0.8896,0.0669,0
NCFB-004188,2.9604,0.8806,1.2133,4.5367,1.868,1
NCFB-004189,0.7175,0.0323,0.2409,-0.0221,0.2638,0
NCFB-004190,1.0527,0.2575,0.073,0.7796,0.015,0
NCFB-004191,0.3,0.0549,0.0197,0.6015,0.0156,0
NCFB-004192,0.2183,0.0781,0.0163,1.5662,0.1744,0
NCFB-004193,0.3409,0.1773,0.1393,0.3137,0.1425,0
NCFB-004194,0.3085,0.0386,0.0744,1.1368,0.1913,0
NCFB-004195,0.408,0.3196,0.0317,0.1646,0.0625,0
NCFB-004196,0.1507,0.2819,0.0045,1.5563,0.1346,0
NCFB-004197,0.1561,0.1588,0.014,0.7812,0.1443,0
NCFB-004198,1.6738,0.1566,0.045,0.2332,0.0411,0
NCFB-004199,0.0022,0.0052,0.1915,-0.0178,0.0543,0
NCFB-004200,0.5734,0.1836,0.1975,-0.6624,0.1673,0
NCFB-004201,0.0395,0.0799,0.0203,0.837,0.037,0
NCFB-004202,0.2312,0.2974,0.0833,-0.242,0.1818,0
NCFB-004203,0.1902,0.1033,0.2437,-0.0472,0.1096,0
NCFB-004204,0.5858,0.1774,0.0307,-1.0996,0.0451,0
NCFB-004205,0.0993,0.0907,0.1472,0.6415,0.0713,0
NCFB-004206,0.8687,0.3366,0.0421,-0.3689,0.0319,0
NCFB-004207,0.13,0.0155,0.1865,1.234,0.0198,0
NCFB-004208,0.184,0.0641,0.0508,0.4023,0.3086,0
NCFB-004209,0.0329,0.3133,0.1335,-0.3475,0.0724,0
NCFB-004210,0.1069,0.0644,0.1221,-0.1164,0.4574,0
NCFB-004211,0.2738,0.3308,0.1819,0.3884,0.6728,0
NCFB-004212,0.006,0.4202,0.2245,0.5025,0.1987,0
NCFB-004213,0.1291,0.1084,0.0318,-0.4208,0.1169,0
NCFB-004214,0.2554,0.1035,0.0474,-0.5903,0.0353,0
NCFB-004215,0.5899,0.0593,0.0629,0.1799,0.3451,0
NCFB-004216,0.0395,0.2208,0.0307,-0.0187,0.0138,0
NCFB-004217,0.2507,0.1488,0.1203,0.6564,0.0937,0
NCFB-004218,0.0921,0.2341,0.0087,-0.2335,0.2601,0
NCFB-004219,0.2653,0.0391,0.0119,0.0157,0.0885,0
NCFB-004220,0.4486,0.121,0.2442,-0.3072,0.4595,0
NCFB-004221,3.564,0.8747,1.2946,3.8621,2.1564,1
NCFB-004222,3.3566,0.758,1.5662,3.5659,2.2352,1
NCFB-004223,3.859,0.8768,1.2524,4.2416,2.0046,1
NCFB-004224,0.0618,0.3893,0.4491,0.4884,0.0299,0
NCFB-004225,0.3659,0.1492,0.0045,-0.645,0.1116,0
NCFB-004226,0.179,0.0967,0.2351,-0.1678,0.0258,0
NCFB-004227,0.4118,0.0935,0.3751,-0.599,0.2127,0
NCFB-004228,0.0237,0.0934,0.198,0.2617,0.0462,0
NCFB-004229,0.2477,0.0472,0.1121,0.9156,0.0833,0
NCFB-004230,0.0556,0.2425,0.0928,-0.0595,0.3266,0
NCFB-004231,0.8521,0.0938,0.0509,1.1083,0.243,0
NCFB-004232,0.1052,0.1145,0.3755,0.5122,0.0256,0
NCFB-004233,1.0535,0.161,0.1483,-0.2572,0.2229,0
NCFB-004234,0.2756,0.3486,0.0168,0.4345,0.1916,0
NCFB-004235,0.3556,0.2536,0.0154,-0.5001,0.0192,0
NCFB-004236,3.8977,0.8247,1.2023,5.1328,2.1132,1
NCFB-004237,0.903,0.18,0.0796,0.3937,0.0521,0
NCFB-004238,0.0243,0.4697,0.2364,-0.3043,0.0676,0
NCFB-004239,0.0186,0.2067,0.3856,0.4002,0.3154,0
NCFB-004240,0.5263,0.1053,0.3622,-0.4142,0.1366,0
NCFB-004241,0.5248,0.1445,0.0335,0.821,0.0605,0
NCFB-004242,0.1643,0.1545,0.0242,0.4045,0.047,0
NCFB-004243,0.2264,0.3234,0.1802,-1.688,0.0921,0
NCFB-004244,0.0584,0.1985,0.0102,0.0647,0.1291,0
NCFB-004245,0.1001,0.1005,0.1061,-0.0481,0.2385,0
NCFB-004246,3.1163,0.937,1.1117,4.5181,1.9006,1
NCFB-004247,3.6525,0.9258,1.7149,4.9552,1.7836,1
NCFB-004248,2.9729,0.9454,1.4819,3.9295,1.8335,1
NCFB-004249,0.0613,0.1882,0.1041,-0.0358,0.0323,0
NCFB-004250,3.3111,0.858,1.4767,4.7449,1.731,1
NCFB-004251,0.0286,0.1308,0.0979,-0.6862,0.1616,0
NCFB-004252,0.106,0.0457,0.0196,1.0402,0.0477,0
NCFB-004253,0.0435,0.0506,0.0451,-0.6162,0.0527,0
NCFB-004254,2.535,0.895,0.9838,3.9227,1.8254,1
NCFB-004255,0.4425,0.215,0.2475,1.0427,0.1009,0
NCFB-004256,0.192,0.2943,0.1388,-0.1749,0.0351,0
NCFB-004257,0.1534,0.2193,0.1007,0.3577,0.1612,0
NCFB-004258,0.1845,0.1379,0.1677,-0.0803,0.1998,0
NCFB-004259,0.2703,0.3313,0.3339,0.2166,0.5577,0
NCFB-004260,0.5002,0.0138,0.3095,0.7712,0.0031,0
NCFB-004261,0.2338,0.0577,0.3654,1.7959,0.2241,0
NCFB-004262,0.0111,0.2851,0.0369,1.0739,0.0775,0
NCFB-004263,0.2027,0.2164,0.2481,0.6477,0.1693,0
NCFB-004264,0.2809,0.0717,0.0618,-0.0008,0.0843,0
NCFB-004265,3.108,0.7965,1.3139,4.76,1.5476,1
NCFB-004266,0.1748,0.082,0.0468,0.7506,0.0429,0
NCFB-004267,0.8621,0.0713,0.1782,-0.8397,0.0157,0
NCFB-004268,0.0151,0.1068,0.1796,0.2006,0.0251,0
NCFB-004269,3.0141,0.5128,0.8106,5.162,1.7785,1
NCFB-004270,0.0485,0.1873,0.3174,-0.2992,0.0223,0
NCFB-004271,0.0985,0.0661,0.0196,0.4768,0.4986,0
NCFB-004272,0.0657,0.0316,0.2133,1.0444,0.057,0
NCFB-004273,0.9178,0.0262,0.0238,-0.4137,0.0246,0
NCFB-004274,0.2168,0.0711,0.0437,-0.449,0.3469,0
NCFB-004275,0.0914,0.0913,0.0248,0.4622,0.0484,0
NCFB-004276,0.3962,0.0125,0.0136,-0.5388,0.0636,0
NCFB-004277,0.8772,0.0965,0.2868,0.2973,0.7104,0
NCFB-004278,0.028,0.1298,0.097,0.6889,0.2619,0
NCFB-004279,0.2895,0.1656,0.4278,-0.1178,0.1431,0
NCFB-004280,1.0502,0.3435,0.0963,-0.1203,0.2946,0
NCFB-004281,3.2903,0.8479,1.0342,3.8825,2.1057,1
NCFB-004282,0.1788,0.0573,0.0556,0.0907,0.1396,0
NCFB-004283,0.8084,0.1372,0.0775,-0.8731,0.0247,0
NCFB-004284,0.2712,0.089,0.0913,-0.557,0.0881,0
NCFB-004285,0.3187,0.0855,0.0552,-1.5471,0.5981,0
NCFB-004286,0.2181,0.1449,0.1319,0.0249,0.2549,0
NCFB-004287,0.4813,0.2845,0.0331,0.9093,0.0684,0
NCFB-004288,0.2731,0.0644,0.1299,0.5302,0.2057,0
NCFB-004289,1.234,0.4278,0.0781,1.1415,0.0513,0
NCFB-004290,0.1984,0.2607,0.0029,1.4608,0.1594,0
NCFB-004291,0.8203,0.3515,0.0462,-0.8238,0.1679,0
NCFB-004292,0.4819,0.6129,0.0461,0.6218,0.0091,0
NCFB-004293,2.3351,0.9387,0.9546,3.9478,1.6508,1
NCFB-004294,0.2133,0.3978,0.0802,-0.8974,0.1085,0
NCFB-004295,0.7646,0.1577,0.1458,0.965,0.1097,0
NCFB-004296,0.1689,0.3056,0.0597,0.7721,0.0389,0
NCFB-004297,0.1272,0.0464,0.1039,0.3502,0.062,0
NCFB-004298,0.4273,0.0863,0.2521,-1.6243,0.129,0
NCFB-004299,0.0108,0.208,0.0722,-0.3954,0.5815,0
NCFB-004300,1.1532,0.2009,0.0193,0.8931,0.2119,0
NCFB-004301,0.511,0.1208,0.1141,-1.3406,0.4275,0
NCFB-004302,0.3124,0.0596,0.0403,0.5893,0.3049,0
NCFB-004303,0.1094,0.0387,0.0131,0.9011,0.1014,0
NCFB-004304,0.6053,0.2978,0.1094,-1.1592,0.1915,0
NCFB-004305,0.4745,0.1111,0.0477,-0.5272,0.1902,0
NCFB-004306,0.5506,0.0438,0.0355,-0.8086,0.351,0
NCFB-004307,0.8201,0.1786,0.0708,-0.0311,0.1415,0
NCFB-004308,0.0652,0.0602,0.2466,-0.5687,0.3779,0
NCFB-004309,0.0322,0.1345,0.0611,-0.5721,0.3877,0
NCFB-004310,0.0985,0.0665,0.2367,-1.6039,0.0336,0
NCFB-004311,0.0325,0.2613,0.0784,-0.5599,0.0304,0
NCFB-004312,0.1413,0.0867,0.0331,-1.5468,0.0643,0
NCFB-004313,0.4497,0.035,0.0642,0.6739,0.1466,0
NCFB-004314,0.6175,0.0789,0.2087,0.3742,0.0304,0
NCFB-004315,0.3653,0.2589,0.0678,0.4363,0.0061,0
NCFB-004316,0.0636,0.1457,0.1019,-1.3516,0.1113,0
NCFB-004317,0.0367,0.0865,0.016,-0.5715,0.1842,0
NCFB-004318,0.1779,0.1556,0.1863,0.4367,0.1321,0
NCFB-004319,0.4963,0.1373,0.2618,-0.5541,0.381,0
NCFB-004320,1.1244,0.0677,0.0869,0.2647,0.0974,0
NCFB-004321,0.4698,0.057,0.0117,-0.5644,0.3965,0
NCFB-004322,0.1148,0.0769,0.1842,0.0592,0.2097,0
NCFB-004323,0.1693,0.2678,0.081,0.7019,0.0463,0
NCFB-004324,0.8878,0.1704,0.0654,0.4054,0.3165,0
NCFB-004325,1.4386,0.0196,0.1596,-0.5085,0.0245,0
NCFB-004326,0.6566,0.2126,0.0442,0.7794,0.016,0
NCFB-004327,0.6337,0.3481,0.3129,0.5719,0.0443,0
NCFB-004328,0.1576,0.3827,0.0637,-0.3532,0.0844,0
NCFB-004329,0.7568,0.0322,0.0184,-0.2502,0.0387,0
NCFB-004330,0.295,0.1588,0.0679,-0.4554,0.3624,0
NCFB-004331,1.0064,0.1766,0.1222,-0.6823,0.1496,0
NCFB-004332,0.5285,0.3525,0.0245,-1.3142,0.0691,0
NCFB-004333,0.0617,0.1855,0.023,0.7825,0.0827,0
NCFB-004334,0.0639,0.0881,0.1512,0.9845,0.0329,0
NCFB-004335,0.0032,0.1159,0.1596,0.1765,0.0364,0
NCFB-004336,0.1326,0.1788,0.0194,-0.392,0.1557,0
NCFB-004337,2.7471,0.8289,1.4122,4.4474,1.9843,1
NCFB-004338,0.2582,0.3305,0.1033,-0.6765,0.2659,0
NCFB-004339,0.4445,0.298,0.0108,0.6095,0.203,0
NCFB-004340,0.0104,0.0357,0.0816,-1.2256,0.026,0
NCFB-004341,0.0032,0.1041,0.1239,0.49,0.0224,0
NCFB-004342,0.2125,0.3749,0.0215,-0.6022,0.1566,0
NCFB-004343,1.1764,0.0277,0.0766,0.7172,0.1304,0
NCFB-004344,0.3617,0.0321,0.0007,0.4972,0.0461,0
NCFB-004345,0.0196,0.3393,0.1791,0.6388,0.1088,0
NCFB-004346,3.2975,0.9379,1.0147,4.154,1.6653,1
NCFB-004347,1.0192,0.0773,0.119,0.0829,0.1287,0
NCFB-004348,0.0003,0.1183,0.2334,-0.1819,0.3745,0
NCFB-004349,0.1186,0.2288,0.0713,-1.0659,0.0134,0
NCFB-004350,0.7425,0.3165,0.1769,0.4353,0.1046,0
NCFB-004351,0.2185,0.1274,0.1173,0.3989,0.3151,0
NCFB-004352,0.1125,0.1649,0.2158,0.0468,0.1755,0
NCFB-004353,0.7974,0.0437,0.0876,-0.1369,0.0282,0
NCFB-004354,0.556,0.2425,0.0172,0.0264,0.3342,0
NCFB-004355,0.6676,0.0691,0.0929,0.6613,0.0164,0
NCFB-004356,0.2107,0.025,0.5575,0.2428,0.0653,0
NCFB-004357,0.574,0.1064,0.4023,-1.0795,0.7091,0
NCFB-004358,0.451,0.1311,0.0496,-0.7617,0.1667,0
NCFB-004359,0.273,0.0563,0.2975,-0.2527,0.3886,0
NCFB-004360,1.3905,0.2078,0.0409,0.5053,0.0956,0
NCFB-004361,0.2008,0.2015,0.1347,-0.5726,0.0339,0
NCFB-004362,0.2873,0.5101,0.0711,-0.1988,0.1139,0
NCFB-004363,0.8313,0.0515,0.1822,0.2808,0.0975,0
NCFB-004364,0.0497,0.4737,0.0252,0.2373,0.0292,0
NCFB-004365,0.0766,0.1222,0.0616,-0.7349,0.0445,0
NCFB-004366,0.3587,0.0174,0.1811,-0.4443,0.1085,0
NCFB-004367,0.0949,0.0904,0.03,-0.4492,0.108,0
NCFB-004368,0.2629,0.0607,0.2121,0.9626,0.1233,0
NCFB-004369,0.2698,0.4418,0.1492,-0.259,0.0453,0
NCFB-004370,0.1424,0.2058,0.0652,0.7862,0.1815,0
NCFB-004371,0.4245,0.0746,0.0804,0.7047,0.3317,0
NCFB-004372,0.0926,0.2092,0.067,-0.6648,0.3685,0
NCFB-004373,0.0437,0.1297,0.3018,0.256,0.2532,0
NCFB-004374,0.4702,0.1474,0.0497,-0.4416,0.212,0
NCFB-004375,0.1235,0.1988,0.137,0.683,0.4506,0
NCFB-004376,0.0423,0.0798,0.0256,0.2335,0.0,0
NCFB-004377,0.0373,0.2298,0.0488,0.8968,0.3711,0
NCFB-004378,0.4696,0.1134,0.0612,-0.677,0.0587,0
NCFB-004379,0.292,0.1632,0.4706,0.6904,0.3678,0
NCFB-004380,0.2934,0.102,0.1769,0.4829,0.2328,0
NCFB-004381,0.2094,0.1324,0.0386,0.0268,0.0009,0
NCFB-004382,0.1759,0.1748,0.0827,0.3027,0.0123,0
NCFB-004383,2.9347,0.6505,1.5208,4.4314,1.5158,1
NCFB-004384,0.0999,0.287,0.11,0.4816,0.0019,0
NCFB-004385,0.1253,0.3965,0.0376,0.1589,0.0722,0
NCFB-004386,0.2279,0.0516,0.0357,0.9903,0.171,0
NCFB-004387,3.0697,0.927,1.3374,4.2282,2.1706,1
NCFB-004388,0.318,0.0401,0.0401,-0.507,0.2546,0
NCFB-004389,1.3032,0.0432,0.0575,0.0717,0.0986,0
NCFB-004390,0.1684,0.1776,0.2752,1.0535,0.2727,0
NCFB-004391,0.1406,0.1667,0.019,0.3007,0.0933,0
NCFB-004392,1.0471,0.0845,0.1636,0.9886,0.1248,0
NCFB-004393,0.1742,0.1631,0.0213,-1.3698,0.1131,0
NCFB-004394,0.8701,0.1769,0.156,-1.2092,0.0251,0
NCFB-004395,0.3512,0.1288,0.0473,0.3642,0.322,0
NCFB-004396,0.0509,0.0623,0.1356,-1.1071,0.0287,0
NCFB-004397,0.2661,0.3026,0.2982,0.1076,0.1304,0
NCFB-004398,1.9932,0.167,0.1016,1.3604,0.1321,0
NCFB-004399,0.1803,0.3018,0.0066,-0.7414,0.2444,0
NCFB-004400,0.0688,0.0902,0.1892,0.6073,0.0823,0
NCFB-004401,0.0503,0.1151,0.0055,-0.2412,0.0642,0
NCFB-004402,0.055,0.0931,0.1758,-0.3085,0.1926,0
NCFB-004403,0.2669,0.0752,0.1346,0.0571,0.2031,0
NCFB-004404,0.8723,0.0269,0.0902,-1.0353,0.0627,0
NCFB-004405,3.1571,0.9401,0.9139,4.4296,1.3448,1
NCFB-004406,0.1954,0.1666,0.1593,-1.6685,0.2122,0
NCFB-004407,0.0206,0.0293,0.0925,-0.9384,0.0241,0
NCFB-004408,0.6414,0.034,0.0648,0.3748,0.1254,0
NCFB-004409,0.8101,0.3055,0.0248,-0.9325,0.0598,0
NCFB-004410,0.3865,0.0759,0.0309,-0.0332,0.5252,0
NCFB-004411,0.2213,0.1413,0.0979,0.6008,0.0632,0
NCFB-004412,0.0315,0.0334,0.2516,0.1481,0.1781,0
NCFB-004413,0.2859,0.2875,0.139,1.4208,0.1196,0
NCFB-004414,0.4124,0.1024,0.02,0.9625,0.0206,0
NCFB-004415,0.1932,0.1708,0.0165,0.5357,0.1329,0
NCFB-004416,1.7132,0.2587,0.2382,0.1015,0.2006,0
NCFB-004417,0.004,0.0841,0.1769,-0.097,0.009,0
NCFB-004418,0.1295,0.1039,0.0202,0.0239,0.0413,0
NCFB-004419,0.2055,0.2104,0.0496,1.7785,0.0899,0
NCFB-004420,0.0385,0.0937,0.1231,-0.3718,0.0229,0
NCFB-004421,0.0489,0.07,0.235,-0.7841,0.1759,0
NCFB-004422,0.3393,0.2618,0.0173,0.636,0.2246,0
NCFB-004423,0.2883,0.0109,0.0157,-0.1887,0.119,0
NCFB-004424,0.806,0.2186,0.061,0.6911,0.0287,0
NCFB-004425,0.3609,0.2371,0.1601,0.2006,0.2055,0
NCFB-004426,0.0211,0.2652,0.0381,0.3837,0.0135,0
NCFB-004427,0.456,0.0339,0.2069,-0.0078,0.4748,0
NCFB-004428,0.0064,0.2137,0.3491,-1.1439,0.0389,0
NCFB-004429,0.3082,0.2254,0.0152,0.3536,0.0634,0
NCFB-004430,0.1424,0.2724,0.1068,-0.3511,0.2744,0
NCFB-004431,0.041,0.0877,0.0278,0.5365,0.241,0
NCFB-004432,0.8009,0.2456,0.4901,0.8178,0.0626,0
NCFB-004433,0.0963,0.0942,0.3093,0.5176,0.3392,0
NCFB-004434,0.5422,0.0748,0.1419,-0.4246,0.26,0
NCFB-004435,0.5125,0.0666,0.082,0.0055,0.0707,0
NCFB-004436,0.0656,0.1571,0.0888,-1.5134,0.0099,0
NCFB-004437,0.1675,0.3264,0.0557,-0.5044,0.2682,0
NCFB-004438,0.2439,0.3129,0.0562,-0.3643,0.1956,0
NCFB-004439,0.1804,0.1097,0.021,-0.1595,0.1576,0
NCFB-004440,1.2878,0.1908,0.0479,-0.7243,0.1458,0
NCFB-004441,0.0859,0.1028,0.0598,-0.2016,0.4085,0
NCFB-004442,2.3039,2.1449,2.1764,2.0887,2.2129,0
NCFB-004443,0.9218,0.0569,0.1073,-0.0879,0.0068,0
NCFB-004444,0.7791,0.0859,0.0188,0.0914,0.1909,0
NCFB-004445,0.1111,0.3677,0.0261,0.5207,0.1704,0
NCFB-004446,0.1537,0.0518,0.2134,0.5484,0.1166,0
NCFB-004447,0.1662,0.1975,0.1791,-1.1157,0.0437,0
NCFB-004448,0.6795,0.089,0.2016,0.2867,0.0339,0
NCFB-004449,0.054,0.0934,0.0365,-1.9439,0.3019,0
NCFB-004450,0.1051,0.1159,0.0524,-0.8916,0.1523,0
NCFB-004451,0.5297,0.156,0.1118,-0.2296,0.133,0
NCFB-004452,0.0385,0.0841,0.123,-0.4334,0.1147,0
NCFB-004453,0.2448,0.018,0.2773,-0.689,0.2319,0
NCFB-004454,0.2384,0.136,0.2001,1.297,0.0657,0
NCFB-004455,0.4456,0.1053,0.004,-0.498,0.1213,0
NCFB-004456,0.1195,0.1949,0.1948,-1.0408,0.2486,0
NCFB-004457,0.3345,0.2357,0.0334,-1.0455,0.0146,0
NCFB-004458,0.5984,0.0295,0.2497,-0.8909,0.3892,0
NCFB-004459,0.3381,0.2965,0.0627,0.4067,0.0646,0
NCFB-004460,0.5254,0.0567,0.0485,-0.2363,0.1055,0
NCFB-004461,0.0298,0.3277,0.0237,-1.3901,0.0097,0
NCFB-004462,0.243,0.1312,0.2052,-1.1826,0.0946,0
NCFB-004463,1.1361,0.2116,0.1736,0.4335,0.0223,0
NCFB-004464,0.853,0.1775,0.0854,0.3965,0.1274,0
NCFB-004465,0.5595,0.1083,0.0173,0.5777,0.1527,0
NCFB-004466,2.6935,0.7171,0.5602,4.8309,1.8571,1
NCFB-004467,2.9138,0.855,1.1919,3.0642,1.4897,1
NCFB-004468,0.2578,0.047,0.1164,-0.6365,0.1659,0
NCFB-004469,0.7237,0.1918,0.0042,-0.7449,0.1211,0
NCFB-004470,0.0688,0.2164,0.1142,-0.388,0.2271,0
NCFB-004471,0.0272,0.1689,0.2078,0.6329,0.0308,0
NCFB-004472,0.3763,0.0917,0.1709,0.6731,0.4491,0
NCFB-004473,0.0324,0.0899,0.0547,-0.5293,0.0586,0
NCFB-004474,0.7182,0.1434,0.1625,1.4229,0.034,0
NCFB-004475,0.5948,0.2283,0.2522,0.2418,0.2204,0
NCFB-004476,0.4369,0.0457,0.2907,-0.0838,0.3259,0
NCFB-004477,0.1937,0.0886,0.021,0.4396,0.1286,0
NCFB-004478,0.0247,0.0245,0.0354,-0.0365,0.0541,0
NCFB-004479,0.3128,0.1313,0.046,-1.0102,0.0765,0
NCFB-004480,0.2309,0.0477,0.0483,0.421,0.1921,0
NCFB-004481,0.2376,0.4087,0.0554,1.3095,0.1347,0
NCFB-004482,0.2641,0.1836,0.2843,0.6561,0.1118,0
NCFB-004483,0.7478,0.0496,0.0307,0.0969,0.1271,0
NCFB-004484,0.67,0.0837,0.1914,1.0286,0.4318,0
NCFB-004485,0.225,0.3007,0.0332,0.1301,0.4299,0
NCFB-004486,0.1979,0.3,0.0507,0.3131,0.1909,0
NCFB-004487,0.5962,0.3449,0.0828,-0.2611,0.4133,0
NCFB-004488,1.1107,0.1713,0.0276,1.3529,0.0521,0
NCFB-004489,0.535,0.1662,0.1077,-0.9203,0.106,0
NCFB-004490,0.3541,0.0988,0.0605,0.255,0.0067,0
NCFB-004491,0.2505,0.038,0.0172,-0.3065,0.4135,0
NCFB-004492,0.0466,0.0727,0.1753,0.0276,0.0703,0
NCFB-004493,0.2606,0.0875,0.081,-0.8338,0.1021,0
NCFB-004494,0.3936,0.0467,0.0259,-1.1217,0.1485,0
NCFB-004495,0.0778,0.2566,0.02,0.4488,0.0389,0
NCFB-004496,0.015,0.0227,0.3408,-1.0705,0.1296,0
NCFB-004497,0.185,0.1352,0.0531,1.1906,0.0663,0
NCFB-004498,0.31,0.0308,0.0274,-0.422,0.2365,0
NCFB-004499,1.4468,0.1033,0.0463,0.3501,0.163,0
NCFB-004500,0.051,0.1035,0.233,-0.0825,0.0193,0
NCFB-004501,0.0292,0.0831,0.3192,-0.2414,0.368,0
NCFB-004502,0.3229,0.1422,0.093,0.965,0.0049,0
NCFB-004503,0.0335,0.0659,0.1104,0.4735,0.1069,0
NCFB-004504,0.1125,0.2825,0.0479,1.3321,0.0962,0
NCFB-004505,0.9308,0.2005,0.0386,-0.2787,0.2887,0
NCFB-004506,0.4925,0.0872,0.1676,0.4785,0.0384,0
NCFB-004507,0.1898,0.0591,0.0765,-0.8865,0.1035,0
NCFB-004508,0.0344,0.2346,0.2345,-0.9264,0.0606,0
NCFB-004509,0.8046,0.085,0.079,-0.5465,0.2748,0
NCFB-004510,0.5439,0.1624,0.3897,-0.8174,0.3775,0
NCFB-004511,0.359,0.1814,0.0308,0.4839,0.1226,0
NCFB-004512,0.2999,0.1425,0.2577,-0.6184,0.0362,0
NCFB-004513,0.9668,0.0788,0.0614,0.328,0.065,0
NCFB-004514,0.0053,0.2932,0.304,-1.6361,0.047,0
NCFB-004515,0.1372,0.1599,0.1302,-0.4174,0.0446,0
NCFB-004516,0.0412,0.0542,0.1049,-1.1019,0.1239,0
NCFB-004517,0.2156,0.1282,0.0971,1.1118,0.0256,0
NCFB-004518,0.123,0.0748,0.0499,-0.2657,0.0053,0
NCFB-004519,0.0339,0.1011,0.1019,0.0634,0.1718,0
NCFB-004520,0.5889,0.0347,0.1211,-1.0642,0.3916,0
NCFB-004521,0.0186,0.0756,0.2008,0.4953,0.0365,0
NCFB-004522,3.6304,0.9594,0.8201,4.4729,1.9187,1
NCFB-004523,0.0455,0.1454,0.0238,0.4661,0.2705,0
NCFB-004524,0.0817,0.0966,0.0764,0.2337,0.0203,0
NCFB-004525,0.3946,0.0629,0.0287,-0.5727,0.0152,0
NCFB-004526,0.0802,0.0038,0.1031,0.6856,0.0006,0
NCFB-004527,0.2055,0.0963,0.0854,-0.0036,0.0873,0
NCFB-004528,0.6251,0.1012,0.0347,1.0345,0.0819,0
NCFB-004529,0.391,0.0354,0.04,-0.2434,0.3344,0
NCFB-004530,0.1643,0.3458,0.0392,-0.7427,0.2113,0
NCFB-004531,0.8621,0.1556,0.0263,0.1565,0.0617,0
NCFB-004532,0.1809,0.049,0.1269,-0.2552,0.1415,0
NCFB-004533,0.2182,0.2418,0.2009,0.1311,0.3073,0
NCFB-004534,1.0482,0.0999,0.0548,-0.4285,0.0175,0
NCFB-004535,0.198,0.2246,0.0179,-1.207,0.0281,0
NCFB-004536,0.0203,0.1974,0.2248,0.9119,0.1123,0
NCFB-004537,0.575,0.1784,0.1398,-0.6056,0.0008,0
NCFB-004538,0.1017,0.2071,0.0405,0.2846,0.2623,0
NCFB-004539,0.0008,0.0092,0.2231,0.7417,0.3214,0
NCFB-004540,3.1663,0.9771,1.0449,4.4215,1.9656,1
NCFB-004541,0.3085,0.1315,0.1054,-0.0932,0.3903,0
NCFB-004542,0.3074,0.1072,0.2986,0.2646,0.0865,0
NCFB-004543,0.3366,0.1501,0.1018,-0.3223,0.1826,0
NCFB-004544,0.3312,0.1684,0.2721,1.0657,0.0197,0
NCFB-004545,0.6336,0.0178,0.074,-0.0641,0.0127,0
NCFB-004546,0.4136,0.1001,0.1035,0.0459,0.4112,0
NCFB-004547,0.1555,0.1568,0.0576,0.5661,0.1977,0
NCFB-004548,0.5984,0.0444,0.0604,-0.267,0.0848,0
NCFB-004549,0.0664,0.1135,0.0157,-1.387,0.0588,0
NCFB-004550,0.1093,0.1681,0.1124,-1.6124,0.0035,0
NCFB-004551,0.0621,0.2238,0.1071,-0.9985,0.0046,0
NCFB-004552,0.6329,0.1986,0.1229,-0.2632,0.0204,0
NCFB-004553,0.3722,0.1,0.0175,0.8793,0.2135,0
NCFB-004554,0.0335,0.1707,0.0168,0.1018,0.1213,0
NCFB-004555,0.2545,0.0044,0.1188,0.8487,0.0008,0
NCFB-004556,0.8289,0.0716,0.038,1.4355,0.1239,0
NCFB-004557,0.1904,0.0384,0.1102,-0.3368,0.1474,0
NCFB-004558,0.1636,0.1575,0.1463,0.6035,0.1759,0
NCFB-004559,0.0112,0.1057,0.3804,-0.7734,0.3281,0
NCFB-004560,0.0544,0.0569,0.403,-0.01,0.0572,0
NCFB-004561,0.0252,0.1338,0.169,-1.3844,0.0283,0
NCFB-004562,0.2117,0.0547,0.2216,1.0043,0.2056,0
NCFB-004563,0.0329,0.0359,0.0483,-0.5288,0.1403,0
NCFB-004564,0.4436,0.3682,0.1097,-1.0224,0.0188,0
NCFB-004565,0.0867,0.1246,0.2316,-0.9923,0.2099,0
NCFB-004566,0.1316,0.108,0.1684,0.2203,0.209,0
NCFB-004567,0.5898,0.2978,0.0813,0.4685,0.0405,0
NCFB-004568,2.7032,0.061,0.0822,-0.0231,0.1118,0
NCFB-004569,0.0201,0.0133,0.0538,-0.2819,0.1637,0
NCFB-004570,0.1984,0.0511,0.1138,-0.6326,0.0277,0
NCFB-004571,0.3925,0.2607,0.0605,1.0315,0.2449,0
NCFB-004572,0.0507,0.1125,0.0457,-0.3663,0.0179,0
NCFB-004573,0.0742,0.2649,0.1246,0.0059,0.0826,0
NCFB-004574,0.679,0.1606,0.0991,0.4787,0.0922,0
NCFB-004575,0.0082,0.1657,0.0042,-1.146,0.2156,0
NCFB-004576,0.6841,0.079,0.0472,-0.1548,0.4642,0
NCFB-004577,0.0526,0.1513,0.0382,0.2552,0.4416,0
NCFB-004578,0.4599,0.1216,0.0308,0.0635,0.0655,0
NCFB-004579,0.0344,0.2509,0.2316,-0.1008,0.1843,0
NCFB-004580,0.0505,0.1048,0.2986,0.6067,0.0306,0
NCFB-004581,0.0363,0.1826,0.0395,-0.0668,0.1801,0
NCFB-004582,0.0982,0.252,0.1513,0.3607,0.0566,0
NCFB-004583,0.1079,0.2489,0.0807,-0.6503,0.0711,0
NCFB-004584,0.0807,0.3845,0.0536,-0.7209,0.2298,0
NCFB-004585,0.2058,0.014,0.0384,1.2972,0.2181,0
NCFB-004586,0.1053,0.1658,0.0507,0.2678,0.3044,0
NCFB-004587,0.414,0.0924,0.2156,0.2665,0.0293,0
NCFB-004588,1.1817,0.2036,0.0311,-0.2082,0.4094,0
NCFB-004589,0.4655,0.4213,0.0608,-0.4821,0.0042,0
NCFB-004590,0.6206,0.117,0.1132,-0.8586,0.0845,0
NCFB-004591,0.3786,0.058,0.1615,0.5489,0.0031,0
NCFB-004592,1.3646,0.1311,0.0136,0.4156,0.0303,0
NCFB-004593,0.6049,0.349,0.1246,-0.2535,0.0781,0
NCFB-004594,0.8056,0.0292,0.5717,0.4862,0.2424,0
NCFB-004595,0.0274,0.0874,0.2019,0.138,0.1812,0
NCFB-004596,3.4584,0.9832,1.14,4.3024,2.0017,1
NCFB-004597,3.0047,0.7952,1.3203,4.7257,2.1062,1
NCFB-004598,0.0206,0.1342,0.0932,0.2011,0.3942,0
NCFB-004599,0.6021,0.2711,0.4402,-0.5884,0.0224,0
NCFB-004600,0.1805,0.0625,0.2396,-0.6649,0.3836,0
NCFB-004601,0.0257,0.1244,0.0932,0.1694,0.0315,0
NCFB-004602,0.0513,0.1256,0.0622,-1.181,0.3556,0
NCFB-004603,0.1986,0.0823,0.0393,-0.4258,0.3418,0
NCFB-004604,0.0771,0.12,0.0233,-0.631,0.0245,0
NCFB-004605,0.0278,0.3813,0.1471,-0.1575,0.2499,0
NCFB-004606,0.424,0.0607,0.1086,0.8614,0.0315,0
NCFB-004607,0.2623,0.0566,0.3547,-0.0721,0.2126,0
NCFB-004608,0.0697,0.2844,0.0051,-0.5725,0.049,0
NCFB-004609,0.5224,0.2918,0.0737,0.4196,0.3292,0
NCFB-004610,0.4687,0.1037,0.242,0.4026,0.0686,0
NCFB-004611,0.6748,0.0104,0.0687,-1.4715,0.1857,0
NCFB-004612,0.9493,0.1516,0.0951,-0.2613,0.0501,0
NCFB-004613,0.3362,0.2761,0.1574,1.288,0.0323,0
NCFB-004614,0.2728,0.0577,0.0919,-0.6091,0.3042,0
NCFB-004615,0.0062,0.0734,0.0781,0.2589,0.0136,0
NCFB-004616,3.8532,0.9049,1.6203,4.9897,1.9555,1
NCFB-004617,0.3201,0.0832,0.1418,-0.4209,0.57,0
NCFB-004618,0.1911,0.0369,0.3012,0.4281,0.0504,0
NCFB-004619,0.1603,0.0789,0.0741,0.32,0.067,0
NCFB-004620,0.1248,0.4438,0.2878,-0.514,0.5537,0
NCFB-004621,0.1093,0.0971,0.1073,-0.5633,0.0686,0
NCFB-004622,0.3874,0.035,0.1239,0.6094,0.0767,0
NCFB-004623,0.087,0.1479,0.0411,0.0397,0.2986,0
NCFB-004624,0.6175,0.1425,0.1217,0.3381,0.449,0
NCFB-004625,1.2055,0.0309,0.2839,0.4008,0.4639,0
NCFB-004626,0.0573,0.0985,0.0301,-0.1688,0.0395,0
NCFB-004627,0.0435,0.0524,0.0658,-0.394,0.1577,0
NCFB-004628,3.6405,0.8499,1.7741,4.0915,1.7924,1
NCFB-004629,0.8793,0.0634,0.0147,0.7181,0.6483,0
NCFB-004630,0.1871,0.1473,0.2173,-0.6412,0.1214,0
NCFB-004631,0.531,0.0539,0.3535,-0.558,0.0416,0
NCFB-004632,0.1092,0.3139,0.2041,-0.1342,0.6171,0
NCFB-004633,0.4827,0.0487,0.1824,-0.7562,0.1964,0
NCFB-004634,1.0031,0.0728,0.0231,-0.467,0.0703,0
NCFB-004635,0.0349,0.1074,0.0681,0.242,0.1154,0
NCFB-004636,0.1162,0.1346,0.1744,0.2073,0.0828,0
NCFB-004637,3.556,0.7568,0.8175,4.6721,2.0436,1
NCFB-004638,1.4842,0.1523,0.0946,1.2518,0.0809,0
NCFB-004639,0.7459,0.0702,0.052,0.9917,0.003,0
NCFB-004640,0.08,0.2665,0.0874,0.137,0.4047,0
NCFB-004641,0.1985,0.0505,0.0942,-1.4473,0.0086,0
NCFB-004642,0.0333,0.0819,0.1647,0.8516,0.3579,0
NCFB-004643,0.0453,0.221,0.1132,0.8134,0.2974,0
NCFB-004644,0.1203,0.0974,0.1569,0.5881,0.0908,0
NCFB-004645,0.1655,0.0188,0.0756,0.2211,0.0199,0
NCFB-004646,0.5608,0.0103,0.0207,-1.32,0.3075,0
NCFB-004647,0.0218,0.0692,0.0646,-0.4373,0.2592,0
NCFB-004648,0.2296,0.1678,0.0835,-0.9195,0.0699,0
NCFB-004649,2.8447,0.9785,1.2494,3.4391,1.4553,1
NCFB-004650,0.5712,0.2661,0.0637,0.239,0.0446,0
NCFB-004651,0.09,0.262,0.102,-0.0811,0.2995,0
NCFB-004652,0.1074,0.0103,0.0495,0.5448,0.0501,0
NCFB-004653,0.3424,0.1768,0.0872,0.41,0.0968,0
NCFB-004654,0.0361,0.0546,0.4134,-2.0633,0.1573,0
NCFB-004655,0.3623,0.0013,0.0643,-0.4,0.1904,0
NCFB-004656,0.2799,0.065,0.0013,0.2822,0.2705,0
NCFB-004657,0.0241,0.0925,0.1437,0.9094,0.0571,0
NCFB-004658,0.0,0.1811,0.0819,-0.2528,0.1427,0
NCFB-004659,0.3194,0.0801,0.0303,-0.649,0.0795,0
NCFB-004660,0.361,0.0636,0.126,1.2976,0.3455,0
NCFB-004661,0.3158,0.1851,0.701,-0.5959,0.4588,0
NCFB-004662,1.5734,0.2056,0.1512,-0.2129,0.0664,0
NCFB-004663,0.6262,0.3978,0.2787,-0.4843,0.0069,0
NCFB-004664,0.6667,0.0722,0.0899,-1.6291,0.1878,0
NCFB-004665,0.1043,0.0849,0.2,0.7225,0.1574,0
NCFB-004666,0.3293,0.072,0.0235,0.0704,0.2374,0
NCFB-004667,0.8468,0.1003,0.0151,-0.6484,0.067,0
NCFB-004668,0.0376,0.1829,0.0028,-1.3003,0.1796,0
NCFB-004669,1.184,0.0139,0.4462,1.6954,0.136,0
NCFB-004670,1.1404,0.0817,0.0333,1.9802,0.0666,0
NCFB-004671,0.1766,0.083,0.084,0.3008,0.0983,0
NCFB-004672,0.2256,0.1086,0.0492,-1.2316,0.1248,0
NCFB-004673,0.5708,0.0834,0.2703,0.1338,0.1784,0
NCFB-004674,0.7606,0.2371,0.1044,-0.3592,0.0504,0
NCFB-004675,0.2827,0.1723,0.1395,-0.259,0.0836,0
NCFB-004676,0.1005,0.0685,0.0235,-0.0829,0.2876,0
NCFB-004677,0.7366,0.3031,0.1057,0.4212,0.1146,0
NCFB-004678,0.4448,0.4149,0.0085,-0.14,0.0333,0
NCFB-004679,0.3365,0.0623,0.262,0.5477,0.0613,0
NCFB-004680,0.0139,0.132,0.0627,-1.0057,0.4052,0
NCFB-004681,0.1699,0.5513,0.3541,-1.2228,0.0108,0
NCFB-004682,0.3657,0.3434,0.1387,-0.0706,0.215,0
NCFB-004683,0.0604,0.5789,0.0736,1.064,0.0575,0
NCFB-004684,1.0028,0.0979,0.0063,-0.8052,0.0949,0
NCFB-004685,0.1635,0.1541,0.2054,0.1183,0.006,0
NCFB-004686,0.1484,0.0547,0.0976,0.2457,0.1397,0
NCFB-004687,0.0834,0.1196,0.3155,1.161,0.2015,0
NCFB-004688,0.2949,0.0432,0.0638,-0.1214,0.0471,0
NCFB-004689,0.1353,0.2555,0.0544,-0.452,0.0427,0
NCFB-004690,0.267,0.0753,0.0549,-0.0563,0.0278,0
NCFB-004691,0.3141,0.0726,0.0273,-0.3218,0.0366,0
NCFB-004692,0.1862,0.0999,0.0437,0.325,0.0922,0
NCFB-004693,0.2489,0.2143,0.0804,-0.4469,0.0171,0
NCFB-004694,0.3913,0.1701,0.0243,-0.3512,0.0624,0
NCFB-004695,0.3909,0.3852,0.4155,-0.066,0.1189,0
NCFB-004696,0.599,0.2188,0.0513,-0.5346,0.1225,0
NCFB-004697,0.6201,0.1252,0.4357,0.1729,0.2281,0
NCFB-004698,0.3582,0.0037,0.0915,0.4824,0.1469,0
NCFB-004699,0.3088,0.2513,0.0426,-0.7037,0.012,0
NCFB-004700,0.9661,0.0896,0.2671,-0.0053,0.0162,0
NCFB-004701,0.5393,0.1461,0.1939,-1.0725,0.0342,0
NCFB-004702,0.1616,0.0856,0.0584,0.1799,0.0747,0
NCFB-004703,0.0186,0.1314,0.0237,-0.8984,0.3066,0
NCFB-004704,0.4725,0.3292,0.0302,0.4082,0.0829,0
NCFB-004705,0.515,0.106,0.0492,-0.4962,0.0335,0
NCFB-004706,0.039,0.0295,0.5384,-0.3325,0.2733,0
NCFB-004707,0.2309,0.0383,0.0396,0.4734,0.0081,0
NCFB-004708,0.1859,0.2407,0.0013,-0.2806,0.351,0
NCFB-004709,0.0609,0.0464,0.232,0.4204,0.0636,0
NCFB-004710,0.0177,0.3831,0.1431,0.2095,0.2229,0
NCFB-004711,0.0689,0.1063,0.123,1.1893,0.0445,0
NCFB-004712,0.2339,0.0143,0.1176,-1.4105,0.2183,0
NCFB-004713,0.3333,0.1999,0.0705,1.0581,0.0527,0
NCFB-004714,0.2727,0.3189,0.1228,0.0031,0.0646,0
NCFB-004715,0.1318,0.1771,0.1195,0.0341,0.0235,0
NCFB-004716,3.5679,0.655,0.4998,5.2448,1.7294,1
NCFB-004717,0.4318,0.1447,0.1056,0.2506,0.1728,0
NCFB-004718,0.3906,0.3139,0.005,0.0119,0.0123,0
NCFB-004719,2.1897,0.783,1.1099,4.751,2.3933,1
NCFB-004720,0.7179,0.0198,0.0255,-0.8632,0.2145,0
NCFB-004721,0.4193,0.1309,0.0196,0.7072,0.0638,0
NCFB-004722,0.345,0.2576,0.1354,1.082,0.0509,0
NCFB-004723,1.5854,0.2812,0.0265,-1.108,0.0436,0
NCFB-004724,0.9467,0.0628,0.1192,0.8162,0.1078,0
NCFB-004725,1.54,0.1536,0.0378,-0.6699,0.6467,0
NCFB-004726,0.5926,0.7201,0.4525,-0.9904,0.0537,0
NCFB-004727,0.1612,0.3049,0.0901,-0.2293,0.4201,0
NCFB-004728,1.0905,0.3113,0.0646,1.1876,0.0515,0
NCFB-004729,0.4747,0.1484,0.0042,-1.7624,0.0193,0
NCFB-004730,0.4406,0.0638,0.0479,-0.5513,0.0996,0
NCFB-004731,0.1812,0.2143,0.105,0.1835,0.0907,0
NCFB-004732,0.0813,0.077,0.0131,-0.8458,0.3983,0
NCFB-004733,0.7208,0.2895,0.0571,0.2022,0.8355,0
NCFB-004734,0.0476,0.4829,0.0436,0.7021,0.1076,0
NCFB-004735,0.1929,0.265,0.0063,-0.4626,0.1835,0
NCFB-004736,0.19,0.1216,0.0465,-0.2754,0.0856,0
NCFB-004737,0.2467,0.1418,0.0542,-0.8009,0.3809,0
NCFB-004738,0.2198,0.2003,0.05,-0.4739,0.1623,0
NCFB-004739,0.3276,0.0855,0.1391,-0.204,0.0237,0
NCFB-004740,1.041,0.0001,0.0953,0.2773,0.1487,0
NCFB-004741,0.1287,0.1046,0.0191,0.7917,0.1047,0
NCFB-004742,0.2047,0.3541,0.0166,-0.6879,0.3,0
NCFB-004743,0.0778,0.3294,0.1053,-0.4501,0.0692,0
NCFB-004744,0.0049,0.184,0.1424,0.4856,0.2493,0
NCFB-004745,0.2513,0.2369,0.0204,1.5569,0.165,0
NCFB-004746,0.0363,0.267,0.3048,0.7589,0.0982,0
NCFB-004747,2.8104,0.9061,1.0826,4.2802,1.7735,1
NCFB-004748,0.8634,0.176,0.2563,0.2286,0.5452,0
NCFB-004749,0.0243,0.311,0.0113,0.2457,0.154,0
NCFB-004750,0.5043,0.0205,0.1595,0.2463,0.0008,0
NCFB-004751,0.0918,0.0464,0.0306,0.9438,0.0703,0
NCFB-004752,0.3852,0.0984,0.1104,0.2862,0.0785,0
NCFB-004753,0.2769,0.159,0.1933,-0.4081,0.2425,0
NCFB-004754,0.1032,0.1037,0.2849,-0.196,0.1704,0
NCFB-004755,0.1015,0.0389,0.0171,0.7198,0.0245,0
NCFB-004756,0.1194,0.1085,0.0634,0.7872,0.0023,0
NCFB-004757,0.1747,0.0873,0.1474,-0.6312,0.1154,0
NCFB-004758,0.5882,0.3491,0.0272,0.7947,0.0235,0
NCFB-004759,0.4532,0.0948,0.1868,0.1247,0.0375,0
NCFB-004760,0.0695,0.2119,0.1034,0.7065,0.0473,0
NCFB-004761,1.0127,0.3483,0.0864,0.923,0.0372,0
NCFB-004762,0.3201,0.0634,0.0982,0.2195,0.0063,0
NCFB-004763,0.4662,0.2031,0.4202,-0.4355,0.2289,0
NCFB-004764,0.093,0.1348,0.0303,-1.1036,0.4867,0
NCFB-004765,0.2333,0.0314,0.0808,-0.9575,0.0999,0
NCFB-004766,0.1695,0.4494,0.5506,0.56,0.0139,0
NCFB-004767,0.1919,0.1377,0.2302,-0.2389,0.197,0
NCFB-004768,3.0043,0.634,1.0453,3.8894,2.0282,1
NCFB-004769,0.9947,0.0555,0.0725,0.1411,0.0272,0
NCFB-004770,0.0606,0.2019,0.1737,0.1388,0.0546,0
NCFB-004771,0.2609,0.1186,0.3939,0.1086,0.1696,0
NCFB-004772,0.1323,0.2225,0.2013,0.1498,0.1305,0
NCFB-004773,0.4193,0.0298,0.1137,-0.8382,0.1536,0
NCFB-004774,2.9038,0.8967,1.2041,5.0355,2.122,1
NCFB-004775,0.2718,0.1248,0.07,0.8096,0.0519,0
NCFB-004776,0.7022,0.1785,0.0496,-1.7778,0.0283,0
NCFB-004777,0.8215,0.1743,0.3815,-0.9492,0.1339,0
NCFB-004778,0.6533,0.1401,0.0598,0.7293,0.0831,0
NCFB-004779,0.4958,0.1761,0.0034,-0.1034,0.0443,0
NCFB-004780,0.0594,0.073,0.061,-0.2358,0.2471,0
NCFB-004781,0.0801,0.0739,0.1338,1.5392,0.0274,0
NCFB-004782,0.0789,0.1259,0.1397,0.1145,0.2395,0
NCFB-004783,0.7161,0.1035,0.1258,0.4523,0.1129,0
NCFB-004784,0.79,0.1529,0.2973,0.1891,0.0115,0
NCFB-004785,0.0226,0.1158,0.3438,0.2259,0.122,0
NCFB-004786,0.4709,0.1227,0.1255,0.0232,0.0857,0
NCFB-004787,3.262,0.8797,1.1356,4.5668,1.9351,1
NCFB-004788,0.6744,0.0324,0.2428,-0.1146,0.1243,0
NCFB-004789,0.4732,0.1613,0.0913,0.2529,0.0215,0
NCFB-004790,0.0617,0.1324,0.0448,0.8515,0.0202,0
NCFB-004791,3.3379,0.717,1.3612,5.1003,1.7848,1
NCFB-004792,0.0422,0.2056,0.1674,0.2073,0.2688,0
NCFB-004793,0.6289,0.0644,0.1506,0.3351,0.4324,0
NCFB-004794,0.5657,0.1566,0.0979,0.4389,0.0673,0
NCFB-004795,1.561,0.9435,2.4987,3.0041,1.0881,1
NCFB-004796,1.1638,0.0772,0.0858,0.9138,0.2144,0
NCFB-004797,0.0896,0.0788,0.1643,-0.2517,0.0015,0
NCFB-004798,0.1073,0.1521,0.0834,-0.6099,0.0013,0
NCFB-004799,0.3252,0.3847,0.1492,-1.4763,0.1334,0
NCFB-004800,1.0133,0.0918,0.0386,0.2438,0.0205,0
NCFB-004801,0.3437,0.0136,0.0863,-1.1893,0.2279,0
NCFB-004802,1.1392,0.0071,0.0128,0.3917,0.2429,0
NCFB-004803,0.4901,0.0281,0.0743,-0.446,0.0081,0
NCFB-004804,0.5779,0.2667,0.1323,0.2139,0.0692,0
NCFB-004805,0.295,0.162,0.1004,-0.4536,0.0468,0
NCFB-004806,0.0379,0.0414,0.0753,-0.6327,0.055,0
NCFB-004807,0.1995,0.0697,0.0563,-0.3732,0.2218,0
NCFB-004808,0.0968,0.1298,0.0856,0.4592,0.3301,0
NCFB-004809,1.3137,0.2417,0.0524,0.2976,0.036,0
NCFB-004810,0.2677,0.1053,0.0119,0.3938,0.1604,0
NCFB-004811,2.9828,0.8868,1.5352,3.8594,1.8169,1
NCFB-004812,0.8009,0.095,0.1491,0.7389,0.2528,0
NCFB-004813,0.2864,0.0022,0.0052,-0.1554,0.0567,0
NCFB-004814,0.2835,0.1067,0.0213,-0.5553,0.2852,0
NCFB-004815,0.1927,0.0561,0.0429,-0.149,0.241,0
NCFB-004816,0.2445,0.0967,0.0052,-0.8431,0.4432,0
NCFB-004817,0.1775,0.0917,0.0811,-0.7311,0.079,0
NCFB-004818,0.5136,0.2986,0.0552,-0.3415,0.0262,0
NCFB-004819,0.6306,0.0409,0.1166,0.4168,0.2749,0
NCFB-004820,0.3291,0.0608,0.0747,-0.5261,0.1398,0
NCFB-004821,0.0322,0.0948,0.0823,0.1258,0.1582,0
NCFB-004822,0.147,0.1244,0.0677,0.5232,0.2673,0
NCFB-004823,0.1017,0.2078,0.1758,-1.7401,0.0261,0
NCFB-004824,0.2087,0.1824,0.2006,0.4687,0.0088,0
NCFB-004825,0.683,0.1024,0.0182,-1.2288,0.0415,0
NCFB-004826,1.2661,0.1505,0.0159,1.7573,0.2689,0
NCFB-004827,0.5128,0.0909,0.0722,0.7076,0.4883,0
NCFB-004828,0.2411,0.1611,0.0285,-1.4951,0.2848,0
NCFB-004829,0.2509,0.1249,0.2295,-0.0909,0.0286,0
NCFB-004830,0.2146,0.095,0.0037,0.0057,0.0714,0
NCFB-004831,0.7104,0.5523,0.0441,-0.5549,0.0917,0
NCFB-004832,0.3012,0.0927,0.246,-0.9883,0.0576,0
NCFB-004833,0.5689,0.2002,0.38,0.1766,0.1967,0
NCFB-004834,0.3697,0.0936,0.132,-1.092,0.0101,0
NCFB-004835,0.4261,0.1455,0.2633,0.5184,0.0027,0
NCFB-004836,0.9396,0.2262,0.1543,0.5469,0.0338,0
NCFB-004837,0.7358,0.1385,0.3331,0.5203,0.0957,0
NCFB-004838,0.6951,0.0514,0.1988,-0.0958,0.0949,0
NCFB-004839,0.0701,0.0467,0.0538,0.2445,0.1,0
NCFB-004840,0.0714,0.1795,0.0073,-0.2803,0.0666,0
NCFB-004841,0.0043,0.1804,0.0628,-0.606,0.0858,0
NCFB-004842,0.4055,0.0062,0.0221,0.0569,0.0161,0
NCFB-004843,0.2064,0.3776,0.023,-0.3078,0.0761,0
NCFB-004844,0.2783,0.294,0.0227,-1.063,0.0645,0
NCFB-004845,0.0041,0.1631,0.0472,1.3339,0.1457,0
NCFB-004846,0.5556,0.2047,0.0396,0.958,0.5953,0
NCFB-004847,0.2713,0.2705,0.1749,1.271,0.283,0
NCFB-004848,0.5055,0.1363,0.0734,-0.1877,0.408,0
NCFB-004849,0.04,0.1576,0.0481,0.031,0.2126,0
NCFB-004850,0.0581,0.2581,0.2724,0.1577,0.0852,0
NCFB-004851,0.177,0.2485,0.1625,0.1794,0.3438,0
NCFB-004852,0.0206,0.1367,0.0762,-0.0489,0.1279,0
NCFB-004853,0.3899,0.1204,0.1151,0.834,0.0855,0
NCFB-004854,0.6697,0.1612,0.0704,0.926,0.0029,0
NCFB-004855,0.4505,0.3792,0.1909,0.3106,0.1979,0
NCFB-004856,0.4641,0.0943,0.0464,-0.4832,0.0123,0
NCFB-004857,0.583,0.1405,0.2591,0.3441,0.041,0
NCFB-004858,0.95,0.0396,0.1166,-1.3129,0.0692,0
NCFB-004859,0.1874,0.0957,0.0827,0.0846,0.163,0
NCFB-004860,0.0459,0.1658,0.0538,0.2917,0.0474,0
NCFB-004861,0.4279,0.2283,0.0525,-1.4985,0.5074,0
NCFB-004862,0.2805,0.0389,0.1046,1.1191,0.198,0
NCFB-004863,0.2788,0.017,0.0986,-0.3683,0.2862,0
NCFB-004864,0.8904,0.0127,0.1243,0.0712,0.0991,0
NCFB-004865,0.0134,0.1725,0.2116,-0.575,0.0549,0
NCFB-004866,0.0841,0.1245,0.0111,0.8502,0.0916,0
NCFB-004867,0.0967,0.0121,0.1526,-0.8225,0.1289,0
NCFB-004868,0.4829,0.2349,0.1,-0.2875,0.0121,0
NCFB-004869,0.0096,0.1337,0.0656,-0.3699,0.2114,0
NCFB-004870,0.7603,0.0448,0.1054,-0.2277,0.0417,0
NCFB-004871,1.3757,0.0582,0.0489,1.0493,0.124,0
NCFB-004872,0.0074,0.1845,0.0844,1.0303,0.0891,0
NCFB-004873,1.0046,0.2275,0.0329,-0.5611,0.2159,0
NCFB-004874,0.0131,0.0435,0.1682,-0.74,0.0248,0
NCFB-004875,0.028,0.3819,0.0923,-0.328,0.2044,0
NCFB-004876,0.2908,0.0394,0.1068,-1.0283,0.0531,0
NCFB-004877,1.9016,0.0817,0.1446,0.6906,0.0977,0
NCFB-004878,0.0988,0.1573,0.1477,-0.4949,0.082,0
NCFB-004879,1.2833,0.1748,0.1171,0.4861,0.0018,0
NCFB-004880,0.041,0.2297,0.4022,-0.4463,0.1121,0
NCFB-004881,0.0299,0.0543,0.4546,-0.942,0.1101,0
NCFB-004882,0.1843,0.1431,0.0498,1.1006,0.0483,0
NCFB-004883,0.4551,0.0797,0.2327,0.2336,0.1188,0
NCFB-004884,3.1374,0.952,0.9497,3.8976,2.5194,1
NCFB-004885,0.2983,0.0694,0.0405,-0.9185,0.0328,0
NCFB-004886,0.0423,0.3024,0.0121,-0.7196,0.071,0
NCFB-004887,3.3428,0.697,0.9109,3.8011,1.839,1
NCFB-004888,0.7969,0.2397,0.082,0.2623,0.0063,0
NCFB-004889,0.3102,0.0972,0.0808,-0.2468,0.0249,0
NCFB-004890,0.0675,0.3824,0.328,-0.5638,0.1279,0
NCFB-004891,0.2192,0.2276,0.1979,1.3062,0.007,0
NCFB-004892,0.0329,0.0458,0.3112,0.6064,0.106,0
NCFB-004893,0.2375,0.228,0.3156,0.0269,0.0159,0
NCFB-004894,0.0596,0.1795,0.1525,0.0059,0.0004,0
NCFB-004895,0.4071,0.3795,0.0726,-0.2505,0.9312,0
NCFB-004896,0.1725,0.126,0.046,-0.4189,0.1931,0
NCFB-004897,0.0387,0.0505,0.1165,-0.2539,0.2519,0
NCFB-004898,0.3791,0.1554,0.126,0.999,0.1309,0
NCFB-004899,0.1216,0.5008,0.2745,-1.0767,0.1847,0
NCFB-004900,0.9536,0.4221,0.0585,-0.4582,0.2184,0
NCFB-004901,0.0734,0.1534,0.0981,-1.3413,0.2371,0
NCFB-004902,0.1681,0.1387,0.0268,0.3864,0.2481,0
NCFB-004903,2.8538,0.7978,1.4442,4.2085,1.8117,1
NCFB-004904,0.3665,0.103,0.0126,-0.6256,0.2024,0
NCFB-004905,0.1431,0.3051,0.0612,0.6306,0.1124,0
NCFB-004906,0.1489,0.1803,0.0363,-0.4893,0.1752,0
NCFB-004907,0.1023,0.1551,0.1125,1.2683,0.0432,0
NCFB-004908,0.2092,0.1492,0.1367,1.0555,0.23,0
NCFB-004909,0.132,0.0423,0.1,-0.6601,0.0212,0
NCFB-004910,0.7303,0.0367,0.0794,-1.351,0.0268,0
NCFB-004911,0.0758,0.1474,0.0099,-0.9699,0.3864,0
NCFB-004912,0.4069,0.0214,0.0303,-0.6368,0.0561,0
NCFB-004913,0.3223,0.1874,0.027,1.0957,0.2293,0
NCFB-004914,0.3328,0.2531,0.3545,-0.3046,0.1805,0
NCFB-004915,0.1348,0.4637,0.0504,-0.303,0.1019,0
NCFB-004916,0.1588,0.3445,0.0177,0.0232,0.1188,0
NCFB-004917,0.3657,0.0286,0.0773,-0.9001,0.4014,0
NCFB-004918,0.9131,0.0357,0.42,-1.1712,0.0003,0
NCFB-004919,0.1399,0.079,0.1448,-0.2626,0.3471,0
NCFB-004920,1.53,0.1488,0.027,-0.6396,0.15,0
NCFB-004921,0.4267,0.1821,0.2193,0.0857,0.6531,0
NCFB-004922,0.4262,0.3199,0.1761,0.8429,0.1413,0
NCFB-004923,0.3042,0.2797,0.2511,0.4686,0.1186,0
NCFB-004924,0.0262,0.0157,0.024,0.4162,0.1145,0
NCFB-004925,0.0048,0.1084,0.0097,-0.7533,0.0147,0
NCFB-004926,0.358,0.1596,0.0311,0.9185,0.0813,0
NCFB-004927,0.3518,0.1421,0.0473,0.2443,0.451,0
NCFB-004928,0.8274,0.0129,0.126,-1.4016,0.0597,0
NCFB-004929,0.0528,0.1999,0.0876,-0.0938,0.0749,0
NCFB-004930,0.1382,0.2917,0.4333,-0.1903,0.1616,0
NCFB-004931,0.1485,0.234,0.0671,0.4832,0.0078,0
NCFB-004932,0.1678,0.1632,0.0513,-1.0721,0.0848,0
NCFB-004933,0.9874,0.0437,0.0608,-0.4404,0.0193,0
NCFB-004934,0.2548,0.0848,0.2256,-0.7302,0.0511,0
NCFB-004935,0.1182,0.0652,0.1473,-0.2697,0.2613,0
NCFB-004936,0.0651,0.048,0.0246,-1.6764,0.1038,0
NCFB-004937,4.4124,0.9762,1.4354,3.9406,1.3675,1
NCFB-004938,0.2495,0.094,0.0987,0.0157,0.1204,0
NCFB-004939,0.2611,0.1151,0.1478,0.9051,0.0026,0
NCFB-004940,0.1834,0.1964,0.0484,-0.3376,0.4182,0
NCFB-004941,0.2154,0.1276,0.2752,-0.0393,0.0708,0
NCFB-004942,1.8852,0.0482,0.2666,1.7061,0.0601,0
NCFB-004943,0.3923,0.2359,0.0452,-1.4907,0.1297,0
NCFB-004944,0.3274,0.1391,0.2628,0.8444,0.3978,0
NCFB-004945,0.3639,0.1038,0.1127,-1.0906,0.0165,0
NCFB-004946,1.2101,0.2606,0.0904,0.2464,0.0579,0
NCFB-004947,0.6185,0.194,0.0272,-0.7149,0.2755,0
NCFB-004948,0.025,0.2059,0.0706,0.4721,0.1274,0
NCFB-004949,0.4594,0.075,0.0787,-0.4813,0.0665,0
NCFB-004950,0.0786,0.198,0.1451,-0.3282,0.3245,0
NCFB-004951,0.1554,0.0635,0.278,0.5648,0.1484,0
NCFB-004952,0.9386,0.1013,0.0249,-0.4812,0.0482,0
NCFB-004953,2.5877,0.895,1.3747,4.9976,2.0626,1
NCFB-004954,0.4948,0.2792,0.2489,0.722,0.3427,0
NCFB-004955,0.0622,0.2932,0.0505,0.2464,0.0117,0
NCFB-004956,0.6748,0.2125,0.2018,0.6936,0.1938,0
NCFB-004957,0.0917,0.0803,0.022,-0.2972,0.1318,0
NCFB-004958,3.4724,0.8709,1.0239,4.7029,1.9898,1
NCFB-004959,0.1955,0.0775,0.1489,0.1747,0.0423,0
NCFB-004960,0.2016,0.0529,0.049,0.7252,0.1197,0
NCFB-004961,0.3984,0.1214,0.2416,0.5146,0.0752,0
NCFB-004962,0.497,0.0525,0.3891,-0.3296,0.0313,0
NCFB-004963,0.1866,0.1131,0.1548,-0.7584,0.0675,0
NCFB-004964,0.1953,0.077,0.0463,-0.114,0.3406,0
NCFB-004965,0.126,0.121,0.0445,-0.0239,0.2543,0
NCFB-004966,0.1208,0.0462,0.0092,0.3766,0.0095,0
NCFB-004967,2.9911,0.8923,1.5838,3.3919,1.8959,1
NCFB-004968,3.4082,0.8363,1.4101,3.9204,1.8181,1
NCFB-004969,0.1562,0.0297,0.1072,0.4564,0.4509,0
NCFB-004970,0.4407,0.2444,0.2483,1.0022,0.0062,0
NCFB-004971,0.0474,0.071,0.0395,-0.9311,0.0203,0
NCFB-004972,0.4303,0.0373,0.1064,-0.489,0.1243,0
NCFB-004973,0.5688,0.1236,0.1647,-0.11,0.0338,0
NCFB-004974,0.0349,0.2793,0.0924,-0.1342,0.0942,0
NCFB-004975,0.0266,0.0085,0.0703,0.6753,0.0548,0
NCFB-004976,0.0361,0.0718,0.128,-0.4249,0.1872,0
NCFB-004977,0.0139,0.1656,0.2884,-0.6198,0.1714,0
NCFB-004978,0.6087,0.0054,0.1379,1.0469,0.1946,0
NCFB-004979,0.0879,0.2844,0.0978,0.5389,0.0651,0
NCFB-004980,0.1402,0.3964,0.1255,-0.696,0.1142,0
NCFB-004981,0.1241,0.1604,0.0725,-0.8783,0.3175,0
NCFB-004982,0.1512,0.1796,0.2001,-0.7459,0.0528,0
NCFB-004983,0.3445,0.186,0.1611,-0.4418,0.053,0
NCFB-004984,0.3008,0.1338,0.144,-0.0907,0.2623,0
NCFB-004985,0.1113,0.1222,0.2253,0.0257,0.1357,0
NCFB-004986,0.5308,0.1152,0.0266,-0.8978,0.0444,0
NCFB-004987,0.123,0.0731,0.317,-0.5404,0.0597,0
NCFB-004988,0.0991,0.1638,0.0277,0.7777,0.0931,0
NCFB-004989,0.1696,0.2281,0.006,0.6687,0.0114,0
NCFB-004990,0.0501,0.0325,0.1343,1.0596,0.0055,0
NCFB-004991,0.1777,0.3099,0.0489,-0.1872,0.4884,0
NCFB-004992,0.4173,0.2464,0.3402,1.0197,0.0383,0
NCFB-004993,0.3875,0.0882,0.128,-1.1744,0.0296,0
NCFB-004994,0.1472,0.0201,0.1427,0.1641,0.0694,0
NCFB-004995,3.4282,0.7971,1.2475,4.6285,1.8514,1
NCFB-004996,0.5205,0.1343,0.0581,0.9485,0.0607,0
NCFB-004997,0.0261,0.1576,0.2302,-0.0692,0.0513,0
NCFB-004998,0.4106,0.2184,0.3409,-0.0943,0.0256,0
NCFB-004999,0.1353,0.1509,0.3417,-0.0567,0.0302,0
NCFB-005000,0.0536,0.0595,0.096,1.0742,0.0715,0
NCFB-005001,0.5017,0.3347,0.0593,-1.4906,0.0805,0
NCFB-005002,0.392,0.214,0.005,2.1322,0.3231,0
NCFB-005003,0.3894,0.2707,0.0878,-0.2907,0.103,0
NCFB-005004,0.2986,0.1688,0.0353,0.1639,0.172,0
NCFB-005005,1.1463,0.0631,0.043,0.0108,0.0258,0
NCFB-005006,1.033,0.3434,0.0414,-0.1585,0.3417,0
NCFB-005007,0.0661,0.0615,0.1767,-1.0743,0.0852,0
NCFB-005008,0.078,0.0693,0.3084,0.4732,0.1054,0
NCFB-005009,0.8144,0.2125,0.2408,-1.0688,0.1668,0
NCFB-005010,0.0785,0.1284,0.1808,0.5763,0.0381,0
NCFB-005011,0.2982,0.1876,0.0623,0.9385,0.0168,0
NCFB-005012,0.012,0.1321,0.0677,0.8003,0.3846,0
NCFB-005013,0.2152,0.1814,0.0016,0.335,0.2528,0
NCFB-005014,0.275,0.129,0.0763,-0.6096,0.0345,0
NCFB-005015,0.0232,0.044,0.1363,0.3845,0.07,0
NCFB-005016,0.194,0.2397,0.2601,0.2861,0.2521,0
NCFB-005017,0.3757,0.3127,0.1029,0.3945,0.2607,0
NCFB-005018,0.4385,0.1582,0.049,-1.9673,0.0213,0
NCFB-005019,0.2683,0.0241,0.0927,1.355,0.1215,0
NCFB-005020,0.6603,0.1409,0.319,0.0588,0.1864,0
NCFB-005021,0.1581,0.2466,0.0645,0.4589,0.1545,0
NCFB-005022,0.3604,0.0391,0.0725,0.2813,0.0809,0
NCFB-005023,2.6017,0.9633,1.2007,5.0644,1.487,1
NCFB-005024,1.3527,0.0962,0.0489,-1.6609,0.1898,0
NCFB-005025,0.0827,0.3565,0.0065,0.726,0.0045,0
NCFB-005026,0.2485,0.0428,0.0971,0.8455,0.6457,0
NCFB-005027,0.0264,0.0789,0.1515,-0.4391,0.1121,0
NCFB-005028,0.0352,0.0464,0.1503,-0.0275,0.256,0
NCFB-005029,0.5863,0.0275,0.0777,-1.2709,0.1498,0
NCFB-005030,0.1053,0.0638,0.056,-0.3917,0.029,0
NCFB-005031,0.45,0.1026,0.1977,0.1845,0.0301,0
NCFB-005032,0.5367,0.0401,0.0234,-0.3,0.0373,0
NCFB-005033,0.3291,0.0569,0.1664,0.6313,0.178,0
NCFB-005034,0.3923,0.0686,0.0909,-0.2046,0.4433,0
NCFB-005035,1.1809,0.3488,0.0699,0.6544,0.1951,0
NCFB-005036,0.152,0.0325,0.2942,-0.1491,0.5655,0
NCFB-005037,0.0667,0.2246,0.0781,1.1618,0.0177,0
NCFB-005038,0.0396,0.1636,0.0632,1.1519,0.1015,0
NCFB-005039,0.71,0.1011,0.0253,-0.5818,0.0666,0
NCFB-005040,0.0075,0.0072,0.0683,0.4497,0.0432,0
NCFB-005041,0.5598,0.0502,0.0613,0.5015,0.1251,0
NCFB-005042,0.0287,0.0324,0.0626,-0.5541,0.0106,0
NCFB-005043,0.0072,0.1026,0.0671,-0.6125,0.1239,0
NCFB-005044,0.7016,0.0197,0.4795,-0.2781,0.0073,0
NCFB-005045,0.3769,0.3145,0.0732,-0.3208,0.0951,0
NCFB-005046,0.5219,0.193,0.0261,-0.3377,0.4157,0
NCFB-005047,0.1772,0.1292,0.2852,-0.4965,0.2688,0
NCFB-005048,0.0698,0.0536,0.026,0.8684,0.0189,0
NCFB-005049,0.3991,0.0574,0.084,1.2744,0.0664,0
NCFB-005050,0.0956,0.1107,0.1067,-1.2868,0.1522,0
NCFB-005051,0.0628,0.1194,0.0353,-0.5746,0.0051,0
NCFB-005052,0.4725,0.1279,0.0545,0.2006,0.0402,0
NCFB-005053,0.5234,0.0307,0.1121,0.6534,0.7153,0
NCFB-005054,0.1469,0.0443,0.0173,1.0013,0.0369,0
NCFB-005055,0.0344,0.006,0.1359,0.0869,0.0841,0
NCFB-005056,0.0168,0.1948,0.3514,-1.9434,0.0763,0
NCFB-005057,0.0936,0.1772,0.1047,-0.0314,0.0478,0
NCFB-005058,0.3652,0.3241,0.1406,1.2329,0.1894,0
NCFB-005059,0.4807,0.0991,0.0018,0.4827,0.0774,0
NCFB-005060,0.7057,0.0609,0.2284,-0.0883,0.1323,0
NCFB-005061,0.07,0.1131,0.3834,-0.0792,0.1335,0
NCFB-005062,0.0144,0.3513,0.0228,-0.6796,0.3134,0
NCFB-005063,0.8206,0.0362,0.0447,-0.7657,0.0434,0
NCFB-005064,0.5953,0.1316,0.2883,0.7422,0.0035,0
NCFB-005065,0.7612,0.1465,0.1789,0.5201,0.0171,0
NCFB-005066,0.5166,0.1546,0.0375,0.8853,0.2034,0
NCFB-005067,1.4497,0.4457,0.1487,-0.0618,0.0122,0
NCFB-005068,0.191,0.3129,0.1298,0.1159,0.217,0
NCFB-005069,0.291,0.0869,0.2473,-0.27,0.0189,0
NCFB-005070,0.0846,0.2006,0.1132,1.1436,0.286,0
NCFB-005071,0.0655,0.0815,0.1945,-0.8062,0.412,0
NCFB-005072,0.8877,0.2784,0.6253,-0.4526,0.0462,0
NCFB-005073,0.5755,0.1255,0.0467,-0.056,0.1455,0
NCFB-005074,0.3329,0.3993,0.1085,0.6407,0.259,0
NCFB-005075,0.3815,0.0301,0.1456,1.0064,0.2691,0
NCFB-005076,0.5146,0.527,0.1225,0.5532,0.2091,0
NCFB-005077,0.2601,0.1019,0.0527,0.7067,0.1271,0
NCFB-005078,0.3388,0.0819,0.1648,0.4424,0.2934,0
NCFB-005079,0.2913,0.0948,0.2157,-1.1515,0.5897,0
NCFB-005080,0.538,0.0844,0.1798,-0.8022,0.0098,0
NCFB-005081,0.1231,0.2351,0.0582,0.8056,0.0734,0
NCFB-005082,0.9447,0.1534,0.2303,-1.8173,0.0721,0
NCFB-005083,0.0003,0.1386,0.1295,0.6418,0.0573,0
NCFB-005084,0.3847,0.1219,0.0007,0.2076,0.0876,0
NCFB-005085,0.4158,0.4017,0.0259,-0.1988,0.1705,0
NCFB-005086,1.0647,0.3506,0.1335,-1.244,0.2386,0
NCFB-005087,0.0249,0.1479,0.1858,-0.4025,0.054,0
NCFB-005088,0.7734,0.063,0.0585,-1.9644,0.0079,0
NCFB-005089,0.1873,0.1008,0.1698,-0.0159,0.0807,0
NCFB-005090,0.0226,0.1988,0.2684,0.7883,0.0836,0
NCFB-005091,0.1177,0.0261,0.1112,1.1093,0.1917,0
NCFB-005092,0.9355,0.1728,0.2035,0.5224,0.0577,0
NCFB-005093,0.3425,0.0839,0.0321,-0.3396,0.0441,0
NCFB-005094,0.0168,0.164,0.0863,0.2342,0.1185,0
NCFB-005095,0.7523,0.1043,0.0658,-2.1693,0.5547,0
NCFB-005096,0.0209,0.1009,0.1383,-0.452,0.0025,0
NCFB-005097,1.0982,0.1094,0.0499,0.9373,0.0233,0
NCFB-005098,0.1481,0.1416,0.0437,-1.6016,0.1421,0
NCFB-005099,0.097,0.0875,0.0568,-0.6901,0.2521,0
NCFB-005100,0.0079,0.1056,0.1422,0.4634,0.1616,0
NCFB-005101,0.3741,0.0933,0.3376,0.8328,0.3834,0
NCFB-005102,0.1454,0.1556,0.0321,0.5689,0.2952,0
NCFB-005103,0.0628,0.2497,0.1811,-0.1608,0.0108,0
NCFB-005104,0.2736,0.1952,0.1322,0.1632,0.0628,0
NCFB-005105,1.0197,0.1063,0.0603,0.1337,0.093,0
NCFB-005106,0.2315,0.195,0.1359,0.0774,0.0873,0
NCFB-005107,0.0421,0.0902,0.1635,0.1266,0.2435,0
NCFB-005108,0.3016,0.0559,0.1229,-0.576,0.0034,0
NCFB-005109,1.0327,0.4366,0.0625,-0.4351,0.2655,0
NCFB-005110,0.4964,0.163,0.1234,-0.9974,0.0129,0
NCFB-005111,0.8873,0.1593,0.0467,0.9146,0.0999,0
NCFB-005112,0.9742,0.0673,0.0897,0.0104,0.0483,0
NCFB-005113,0.3,0.0375,0.0977,-0.0489,0.1212,0
NCFB-005114,0.3464,0.2471,0.1346,-0.732,0.0217,0
NCFB-005115,0.2761,0.0802,0.1352,-0.3567,0.0689,0
NCFB-005116,0.3482,0.0209,0.0119,-0.1548,0.182,0
NCFB-005117,0.0808,0.083,0.0257,0.1819,0.0708,0
NCFB-005118,0.3544,0.0265,0.0077,0.3623,0.0563,0
NCFB-005119,0.064,0.2773,0.0304,-0.7177,0.0173,0
NCFB-005120,0.1605,0.0301,0.1791,-1.0111,0.1127,0
NCFB-005121,0.5794,0.0507,0.0872,0.0067,0.0463,0
NCFB-005122,0.7344,0.0587,0.1376,0.4683,0.0348,0
NCFB-005123,0.1094,0.088,0.1004,-0.121,0.0868,0
NCFB-005124,0.2396,0.3522,0.0946,-0.0958,0.1153,0
NCFB-005125,0.0044,0.2088,0.0171,0.1419,0.05,0
NCFB-005126,0.8864,0.1167,0.1457,0.5123,0.1044,0
NCFB-005127,0.1468,0.2266,0.0529,-0.4748,0.1414,0
NCFB-005128,0.6551,0.0755,0.1007,1.1508,0.2497,0
NCFB-005129,0.1046,0.1238,0.1359,-0.4138,0.4631,0
NCFB-005130,0.3258,0.1085,0.0324,0.4128,0.1998,0
NCFB-005131,0.0648,0.303,0.1385,0.0851,0.0538,0
NCFB-005132,0.3311,0.0649,0.0303,-0.9451,0.1,0
NCFB-005133,0.5769,0.1745,0.2869,-1.5695,0.1555,0
NCFB-005134,0.3493,0.0621,0.2785,-0.8881,0.0141,0
NCFB-005135,0.0271,0.0624,0.1232,-0.0905,0.1415,0
NCFB-005136,0.086,0.244,0.2466,-0.2697,0.0054,0
NCFB-005137,0.5436,0.3202,0.2107,0.8789,0.0811,0
NCFB-005138,0.0043,0.0922,0.1503,0.895,0.1108,0
NCFB-005139,0.0577,0.1347,0.0072,-0.1081,0.0262,0
NCFB-005140,0.0599,0.0518,0.0893,-0.0351,0.239,0
NCFB-005141,0.1636,0.0792,0.015,0.0157,0.0993,0
NCFB-005142,0.7805,0.0272,0.0072,-0.6959,0.1979,0
NCFB-005143,0.2828,0.2218,0.2364,-0.4564,0.009,0
NCFB-005144,2.8106,0.6433,1.5412,4.5063,1.9953,1
NCFB-005145,0.0775,0.1288,0.0208,0.725,0.0672,0
NCFB-005146,0.9224,0.0407,0.0657,-0.4527,0.1345,0
NCFB-005147,0.1967,0.1893,0.0814,0.1444,0.0061,0
NCFB-005148,0.0564,0.3008,0.0244,-0.3386,0.0227,0
NCFB-005149,0.7085,0.5351,0.0395,-0.9558,0.0238,0
NCFB-005150,0.4446,0.0793,0.0219,0.0804,0.1801,0
NCFB-005151,0.4517,0.0256,0.0168,0.8584,0.3989,0
NCFB-005152,0.0073,0.2186,0.0532,-0.4782,0.1627,0
NCFB-005153,0.0152,0.1191,0.0136,-0.8688,0.0923,0
NCFB-005154,0.613,0.0661,0.0347,1.6233,0.0084,0
NCFB-005155,0.0298,0.0169,0.0484,-0.7804,0.0415,0
NCFB-005156,0.3691,0.0828,0.0935,-0.5035,0.1403,0
NCFB-005157,0.0242,0.1708,0.2204,0.2294,0.6278,0
NCFB-005158,0.1234,0.2705,0.0268,-0.4321,0.0372,0
NCFB-005159,0.394,0.2064,0.092,0.2399,0.1059,0
NCFB-005160,0.7657,0.3272,0.1477,-0.4966,0.054,0
NCFB-005161,0.3173,0.2612,0.0122,-0.4203,0.2129,0
NCFB-005162,0.1175,0.0532,0.1243,-1.1773,0.0335,0
NCFB-005163,0.2486,0.0179,0.0151,0.7956,0.0012,0
NCFB-005164,0.0595,0.0174,0.014,0.4329,0.0425,0
NCFB-005165,1.1404,0.3656,0.3431,-0.6093,0.0516,0
NCFB-005166,0.21,0.3244,0.0588,-0.1898,0.317,0
NCFB-005167,0.2002,0.3321,0.1182,-1.9887,0.0856,0
NCFB-005168,2.8226,0.8979,1.1174,4.801,2.0117,1
NCFB-005169,2.3866,2.731,2.3539,2.04,2.29,0
NCFB-005170,0.0144,0.0096,0.0657,-0.9474,0.0248,0
NCFB-005171,0.0599,0.0701,0.0606,-0.9423,0.1766,0
NCFB-005172,0.2182,0.2319,0.0271,1.2507,0.0235,0
NCFB-005173,0.0444,0.0211,0.1048,0.45,0.1268,0
NCFB-005174,0.3321,0.2557,0.0461,0.6373,0.2238,0
NCFB-005175,0.5151,0.1211,0.0734,1.2284,0.0239,0
NCFB-005176,0.0617,0.0775,0.1949,-0.374,0.176,0
NCFB-005177,0.051,0.1673,0.1558,0.0296,0.0971,0
NCFB-005178,0.2216,0.1057,0.0896,-0.3323,0.0299,0
NCFB-005179,0.4568,0.1488,0.1794,0.421,0.1996,0
NCFB-005180,0.3411,0.1529,0.0615,-0.0666,0.1295,0
NCFB-005181,0.846,0.053,0.0146,1.1563,0.2028,0
NCFB-005182,0.0245,0.2246,0.3138,-0.4148,0.3322,0
NCFB-005183,0.0029,0.0227,0.0283,0.8412,0.4163,0
NCFB-005184,0.9093,0.5981,0.2669,-0.3288,0.0083,0
NCFB-005185,0.5526,0.4268,0.0905,-0.2606,0.1195,0
NCFB-005186,0.0505,0.4472,0.3135,-2.4527,0.0004,0
NCFB-005187,0.1103,0.2564,0.0275,-0.3101,0.3214,0
NCFB-005188,0.1701,0.0957,0.0775,-0.8634,0.0066,0
NCFB-005189,0.0801,0.0279,0.2013,0.3092,0.4146,0
NCFB-005190,0.4869,0.0244,0.1503,0.711,0.0999,0
NCFB-005191,0.0508,0.057,0.281,1.0075,0.0003,0
NCFB-005192,0.2395,0.2277,0.1902,-0.6693,0.0049,0
NCFB-005193,0.5548,0.0665,0.3508,-0.366,0.2037,0
NCFB-005194,0.0864,0.2386,0.0735,0.4794,0.3854,0
NCFB-005195,0.1684,0.0051,0.6581,0.0681,0.1113,0
NCFB-005196,0.0172,0.1155,0.1086,0.5231,0.2544,0
NCFB-005197,0.6971,0.0424,0.2755,-0.7457,0.0641,0
NCFB-005198,0.7065,0.1338,0.4107,-0.9121,0.1044,0
NCFB-005199,0.142,0.0159,0.0023,0.5363,0.0345,0
NCFB-005200,0.0116,0.2152,0.1176,0.0542,0.1461,0
NCFB-005201,0.0144,0.1713,0.1221,0.3484,0.0379,0
NCFB-005202,0.4517,0.1239,0.0616,0.2077,0.0506,0
NCFB-005203,0.1741,0.1984,0.0661,-0.1518,0.3003,0
NCFB-005204,0.0554,0.2406,0.1478,-0.1625,0.001,0
NCFB-005205,0.1301,0.2501,0.1131,-1.5359,0.0108,0
NCFB-005206,0.0288,0.0737,0.0584,1.1567,0.0044,0
NCFB-005207,0.1673,0.2796,0.0235,0.8933,0.3406,0
NCFB-005208,0.0855,0.2938,0.1853,0.5144,0.1315,0
NCFB-005209,0.1247,0.2151,0.0769,-0.3776,0.0601,0
NCFB-005210,0.3187,0.2587,0.1866,-0.5691,0.0398,0
NCFB-005211,0.1132,0.3105,0.0704,-1.1742,0.0229,0
NCFB-005212,0.2383,0.2018,0.0871,-0.0533,0.1151,0
NCFB-005213,0.633,0.08,0.1503,1.4341,0.1933,0
NCFB-005214,0.016,0.2024,0.035,-0.1691,0.1095,0
NCFB-005215,0.2564,0.1595,0.0971,0.2957,0.0879,0
NCFB-005216,0.3235,0.0635,0.0541,-0.8582,0.0758,0
NCFB-005217,0.2848,0.194,0.0484,-0.1287,0.0288,0
NCFB-005218,0.2055,0.2723,0.1609,1.0521,0.0725,0
NCFB-005219,0.1268,0.225,0.2699,-0.7334,0.0067,0
NCFB-005220,2.9844,0.6185,1.5598,5.3052,2.3465,1
NCFB-005221,0.0729,0.3303,0.1368,0.272,0.2201,0
NCFB-005222,0.3258,0.0109,0.0377,0.6572,0.165,0
NCFB-005223,0.1547,0.1303,0.0936,-0.6301,0.0345,0
NCFB-005224,0.0557,0.234,0.0528,-0.1983,0.18,0
NCFB-005225,0.724,0.0312,0.1034,-0.0688,0.1245,0
NCFB-005226,0.1183,0.0556,0.3064,-0.513,0.4542,0
NCFB-005227,0.1697,0.3765,0.0802,-0.095,0.1706,0
NCFB-005228,0.0203,0.4094,0.4309,-0.2479,0.0874,0
NCFB-005229,0.5508,0.1209,0.109,-1.1329,0.0589,0
NCFB-005230,0.0807,0.0826,0.0753,0.1255,0.1197,0
NCFB-005231,0.8724,0.0578,0.0158,-0.2139,0.1589,0
NCFB-005232,0.0693,0.0707,0.2232,0.1344,0.0771,0
NCFB-005233,0.2259,0.2021,0.103,1.0312,0.133,0
NCFB-005234,0.507,0.529,0.1503,-1.073,0.0834,0
NCFB-005235,0.2625,0.1431,0.1205,-0.5888,0.2179,0
NCFB-005236,0.0064,0.2027,0.2094,0.2013,0.0061,0
NCFB-005237,0.2011,0.1992,0.1209,-1.538,0.3481,0
NCFB-005238,0.0443,0.1812,0.1183,-0.9544,0.2361,0
NCFB-005239,0.9122,0.2956,0.3824,-1.0853,0.0129,0
NCFB-005240,0.2174,0.1009,0.0079,1.0034,0.3263,0
NCFB-005241,1.2252,0.1645,0.0486,-0.0874,0.0623,0
NCFB-005242,2.6683,0.5197,2.0603,0.7338,0.5749,1
NCFB-005243,0.1053,0.0902,0.1027,1.4408,0.4306,0
NCFB-005244,0.0405,0.2031,0.0981,-0.2169,0.2294,0
NCFB-005245,0.3676,0.2225,0.0579,0.1103,0.0576,0
NCFB-005246,0.2069,0.424,0.1724,0.0758,0.2564,0
NCFB-005247,0.1855,0.0138,0.0164,0.4925,0.1616,0
NCFB-005248,1.0843,0.0226,0.1193,-1.0437,0.0576,0
NCFB-005249,1.4924,0.0494,0.1043,0.7015,0.0315,0
NCFB-005250,0.1096,0.0428,0.0895,-0.159,0.1219,0
NCFB-005251,0.2124,0.2559,0.0124,-0.8309,0.1584,0
NCFB-005252,0.4421,0.2265,0.181,0.7458,0.3817,0
NCFB-005253,0.342,0.0526,0.2693,-0.2822,0.0787,0
NCFB-005254,0.0092,0.1644,0.0823,0.1281,0.0137,0
NCFB-005255,0.6446,0.0204,0.0396,0.9605,0.0966,0
NCFB-005256,0.6993,0.3361,0.0437,0.7672,0.4494,0
NCFB-005257,0.3659,0.0502,0.0646,0.5386,0.3709,0
NCFB-005258,0.185,0.0276,0.1586,1.2132,0.108,0
NCFB-005259,0.4999,0.121,0.0352,0.6452,0.0378,0
NCFB-005260,0.0668,0.1314,0.0175,1.0047,1.004,0
NCFB-005261,0.6152,0.0977,0.041,-0.329,0.3073,0
NCFB-005262,0.3697,0.2571,0.059,-0.6599,0.1256,0
NCFB-005263,0.0782,0.2238,0.0022,-0.6923,0.0716,0
NCFB-005264,0.4719,0.2382,0.2501,1.1391,0.0304,0
NCFB-005265,0.6997,0.1186,0.2131,-0.3367,0.012,0
NCFB-005266,0.0306,0.3042,0.16,-0.0676,0.3471,0
NCFB-005267,0.6094,0.0256,0.0355,0.5379,0.1535,0
NCFB-005268,0.5019,0.0227,0.0319,-0.8056,0.0528,0
NCFB-005269,0.6459,0.0825,0.0262,0.4779,0.1916,0
NCFB-005270,0.4308,0.3818,0.21,1.2392,0.0107,0
NCFB-005271,0.0282,0.4288,0.0447,-1.3307,0.0258,0
NCFB-005272,0.3416,0.1253,0.3235,0.7775,0.1736,0
NCFB-005273,0.0761,0.0473,0.0423,-0.6094,0.243,0
NCFB-005274,0.5329,0.12,0.2378,0.243,0.4525,0
NCFB-005275,0.0872,0.1918,0.0729,0.4208,0.6259,0
NCFB-005276,0.2673,0.0011,0.1744,-0.5072,0.1349,0
NCFB-005277,3.1471,0.8858,1.2606,4.8546,2.0281,1
NCFB-005278,0.0677,0.0157,0.2803,-0.1417,0.2897,0
NCFB-005279,0.1762,0.0817,0.2751,0.363,0.2301,0
NCFB-005280,0.348,0.1667,0.0658,0.2379,0.5173,0
NCFB-005281,0.8086,0.2678,0.188,0.748,0.0174,0
NCFB-005282,0.0203,0.0528,0.1035,0.1941,0.1381,0
NCFB-005283,0.7323,0.1396,0.1323,-0.8894,0.2138,0
NCFB-005284,0.3686,0.1212,0.1118,0.4412,0.0031,0
NCFB-005285,0.3176,0.0951,0.0105,-0.1673,0.137,0
NCFB-005286,0.2516,0.0891,0.1704,-0.5269,0.0992,0
NCFB-005287,0.2548,0.3043,0.091,0.7142,0.1166,0
NCFB-005288,0.0575,0.021,0.0667,-0.6388,0.2093,0
NCFB-005289,0.2403,0.1554,0.0261,-0.5948,0.0682,0
NCFB-005290,0.0702,0.1473,0.2434,-0.9427,0.176,0
NCFB-005291,0.3554,0.214,0.0933,0.3219,0.3977,0
NCFB-005292,0.3336,0.3947,0.0866,0.3853,0.3591,0
NCFB-005293,0.0905,0.2927,0.2758,0.7251,0.1838,0
NCFB-005294,0.28,0.0871,0.1687,0.2804,0.0727,0
NCFB-005295,0.0449,0.2499,0.2303,1.1411,0.0791,0
NCFB-005296,0.1004,0.0936,0.0754,1.1346,0.0518,0
NCFB-005297,0.24,0.1423,0.2123,1.6693,0.1308,0
NCFB-005298,0.0842,0.0432,0.1184,0.5806,0.5563,0
NCFB-005299,0.2096,0.347,0.4722,-0.0849,0.3323,0
NCFB-005300,0.1637,0.028,0.0487,0.4744,0.0632,0
NCFB-005301,3.1392,0.8908,1.1112,4.2108,2.2006,1
NCFB-005302,0.0345,0.0264,0.2211,0.9657,0.0003,0
NCFB-005303,0.5807,0.1007,0.0629,0.809,0.0453,0
NCFB-005304,0.1433,0.2524,0.0347,0.6208,0.098,0
NCFB-005305,0.2971,0.0552,0.0091,-0.9628,0.0237,0
NCFB-005306,0.0135,0.3413,0.0991,-0.2966,0.5814,0
NCFB-005307,0.2767,0.0626,0.2508,0.5764,0.0825,0
NCFB-005308,0.1475,0.1207,0.0983,0.1277,0.0378,0
NCFB-005309,0.2194,0.0818,0.0279,-0.3668,0.2491,0
NCFB-005310,0.5401,0.1276,0.038,-0.7107,0.2112,0
NCFB-005311,0.0054,0.1435,0.0142,-0.009,0.0278,0
NCFB-005312,0.5952,0.0986,0.2005,1.2958,0.04,0
NCFB-005313,0.9116,0.1634,0.1088,0.6557,0.0144,0
NCFB-005314,0.2039,0.0633,0.1163,1.0191,0.165,0
NCFB-005315,0.5266,0.202,0.0523,0.4284,0.0993,0
NCFB-005316,0.0643,0.233,0.1265,-0.1495,0.1645,0
NCFB-005317,0.3198,0.3995,0.1235,-1.4627,0.6406,0
NCFB-005318,0.4917,0.0653,0.135,-0.6161,0.1114,0
NCFB-005319,0.1386,0.187,0.1086,-0.3251,0.1039,0
NCFB-005320,0.3013,0.1205,0.0122,-1.4322,0.2596,0
NCFB-005321,0.0617,0.2439,0.0829,-0.1415,0.4342,0
NCFB-005322,0.4077,0.0168,0.0364,0.3406,0.2238,0
NCFB-005323,0.0733,0.4537,0.1698,0.9627,0.0876,0
NCFB-005324,1.8995,0.1807,0.0252,0.5425,0.0348,0
NCFB-005325,0.5346,0.0998,0.2274,-0.0249,0.0119,0
NCFB-005326,0.139,0.0219,0.0746,-0.1665,0.0401,0
NCFB-005327,0.0091,0.1487,0.2373,-0.8261,0.0799,0
NCFB-005328,0.2657,0.0604,0.0176,0.8743,0.1211,0
NCFB-005329,0.0732,0.1936,0.0171,-0.408,0.0407,0
NCFB-005330,0.0138,0.0222,0.0702,-0.0375,0.1133,0
NCFB-005331,0.6876,0.2973,0.0855,0.3409,0.1127,0
NCFB-005332,0.0139,0.328,0.0577,-0.0404,0.0142,0
NCFB-005333,0.0864,0.1284,0.0396,0.4547,0.0909,0
NCFB-005334,0.1346,0.1191,0.0551,-0.2494,0.1123,0
NCFB-005335,0.6787,0.1444,0.0457,0.3619,0.121,0
NCFB-005336,0.4877,0.1272,0.2001,1.1865,0.034,0
NCFB-005337,0.087,0.0687,0.2041,-0.1122,0.1794,0
NCFB-005338,0.0023,0.1386,0.1131,0.1585,0.3504,0
NCFB-005339,1.6104,0.1921,0.3742,-0.3961,0.0108,0
NCFB-005340,0.5773,0.0988,0.076,-0.3384,0.0594,0
NCFB-005341,0.2741,0.1537,0.1214,0.7138,0.1459,0
NCFB-005342,0.1425,0.2501,0.036,-0.2954,0.0485,0
NCFB-005343,0.0325,0.313,0.1421,0.8599,0.0388,0
NCFB-005344,1.3273,0.0931,0.4653,0.6962,0.2891,0
NCFB-005345,2.7015,0.9323,1.0836,4.3652,1.971,1
NCFB-005346,0.1037,0.0696,0.1734,0.3027,0.0911,0
NCFB-005347,0.1893,0.1114,0.2054,-0.4957,0.3351,0
NCFB-005348,0.5463,0.0091,0.0479,-1.0428,0.0551,0
NCFB-005349,0.1167,0.2275,0.0436,0.1938,0.0113,0
NCFB-005350,0.1612,0.0991,0.0448,-1.4424,0.4393,0
NCFB-005351,0.793,0.0603,0.1317,0.2169,0.0461,0
NCFB-005352,0.4316,0.1962,0.3099,0.5359,0.0324,0
NCFB-005353,0.2405,0.2738,0.0879,-0.7905,0.0284,0
NCFB-005354,0.2744,0.1066,0.0691,-0.4137,0.1116,0
NCFB-005355,0.0571,0.1276,0.0154,0.239,0.1129,0
NCFB-005356,0.257,0.3767,0.2205,0.1419,0.0214,0
NCFB-005357,0.7215,0.2171,0.1651,0.7442,0.508,0
NCFB-005358,1.1101,0.0334,0.0677,0.4671,0.0432,0
NCFB-005359,1.0452,0.2697,0.1213,-0.4396,0.0224,0
NCFB-005360,0.1178,0.0352,0.1628,-0.0256,0.0108,0
NCFB-005361,0.0018,0.093,0.1098,0.4762,0.0525,0
NCFB-005362,0.5456,0.0787,0.1307,0.182,0.1111,0
NCFB-005363,0.7256,0.0641,0.1713,-0.4943,0.1192,0
NCFB-005364,0.1423,0.1776,0.1008,-0.6969,0.0061,0
NCFB-005365,0.2469,0.1997,0.1185,0.1878,0.0832,0
NCFB-005366,2.9034,0.6403,1.2071,4.6937,2.2032,1
NCFB-005367,0.1386,0.0833,0.122,2.167,0.3969,0
NCFB-005368,0.0321,0.1305,0.2989,0.7244,0.0366,0
NCFB-005369,0.1307,0.088,0.0547,-0.9453,0.1931,0
NCFB-005370,0.1894,0.0722,0.2122,1.0095,0.0073,0
NCFB-005371,0.3328,0.3767,0.137,0.0364,0.0474,0
NCFB-005372,0.1507,0.0162,0.2401,-0.4915,0.008,0
NCFB-005373,0.1835,0.0693,0.3801,0.4302,0.1113,0
NCFB-005374,0.6688,0.0507,0.078,0.039,0.02,0
NCFB-005375,0.6095,0.3777,0.0435,-0.1685,0.0523,0
NCFB-005376,0.1353,0.048,0.1078,0.8198,0.0403,0
NCFB-005377,0.0019,0.141,0.0461,-0.7855,0.0133,0
NCFB-005378,1.425,0.0176,0.183,-1.903,0.3132,0
NCFB-005379,0.249,0.0638,0.1195,-0.4002,0.1803,0
NCFB-005380,0.2621,0.1352,0.0373,0.2773,0.0581,0
NCFB-005381,0.772,0.1389,0.3156,0.6913,0.1441,0
NCFB-005382,2.3824,0.8084,1.0055,4.6939,1.8744,1
NCFB-005383,0.8814,0.4744,0.0348,0.3126,0.1097,0
NCFB-005384,0.0205,0.0435,0.1245,0.1564,0.0543,0
NCFB-005385,0.1511,0.0294,0.0747,0.0073,0.0958,0
NCFB-005386,0.0909,0.3484,0.1755,-0.2463,0.0587,0
NCFB-005387,0.0686,0.1916,0.1008,0.2476,0.3219,0
NCFB-005388,1.4411,0.2097,0.0396,0.0888,0.0328,0
NCFB-005389,0.2444,0.1759,0.1367,-0.993,0.0537,0
NCFB-005390,0.1758,0.2198,0.0502,-0.8831,0.004,0
NCFB-005391,0.097,0.027,0.2228,-0.9675,0.0897,0
NCFB-005392,2.2579,0.1495,0.0126,-0.3643,0.0302,0
NCFB-005393,0.4388,0.1269,0.0668,-0.3668,0.3564,0
NCFB-005394,0.5311,0.4767,0.0726,-0.4293,0.0531,0
NCFB-005395,0.4522,0.036,0.0581,-0.219,0.0965,0
NCFB-005396,3.0963,0.9329,1.3479,5.0096,1.5878,1
NCFB-005397,0.0484,0.0545,0.0132,0.501,0.0223,0
NCFB-005398,0.0307,0.2731,0.0787,-0.3887,0.0189,0
NCFB-005399,0.1009,0.1209,0.2234,-0.3389,0.0101,0
NCFB-005400,0.6007,0.2533,0.0313,1.5782,0.1015,0
NCFB-005401,0.4854,0.1947,0.0792,-0.6076,0.2927,0
NCFB-005402,0.0797,0.1621,0.1445,0.1648,0.0739,0
NCFB-005403,0.2475,0.1999,0.4191,1.7947,0.252,0
NCFB-005404,3.1621,0.8894,1.8386,3.4664,1.947,1
NCFB-005405,0.8555,0.1665,0.0335,1.3165,0.2833,0
NCFB-005406,0.4856,0.1322,0.0956,-0.3986,0.0519,0
NCFB-005407,1.2352,0.3042,0.0962,-0.7296,0.108,0
NCFB-005408,0.2708,0.0349,0.2779,-0.3771,0.0655,0
NCFB-005409,0.8145,0.0592,0.0336,0.9754,0.0102,0
NCFB-005410,2.4103,0.8164,1.4744,3.7226,1.9192,1
NCFB-005411,0.3309,0.122,0.0531,-1.3546,0.2905,0
NCFB-005412,0.6926,0.0778,0.1935,-0.1309,0.3893,0
NCFB-005413,0.924,0.1916,0.0765,-0.114,0.1744,0
NCFB-005414,0.8062,0.153,0.2523,0.0443,0.3985,0
NCFB-005415,0.1373,0.1469,0.079,0.787,0.127,0
NCFB-005416,2.7922,0.9306,1.3188,4.2579,1.7162,1
NCFB-005417,0.9843,0.0722,0.0061,-0.1588,0.2478,0
NCFB-005418,0.3702,0.4131,0.0852,-0.495,0.0205,0
NCFB-005419,0.0513,0.1959,0.0603,-0.0948,0.1294,0
NCFB-005420,0.4307,0.1046,0.2698,-0.9604,0.0499,0
NCFB-005421,0.2645,0.2232,0.1695,-0.5974,0.2137,0
NCFB-005422,2.9857,0.4382,1.3155,3.9586,1.4549,1
NCFB-005423,0.4978,0.176,0.1062,-0.0835,0.2927,0
NCFB-005424,0.4151,0.0493,0.0261,1.084,0.0809,0
NCFB-005425,0.1756,0.1019,0.1521,1.8715,0.0526,0
NCFB-005426,0.996,0.114,0.0295,0.5268,0.0223,0
NCFB-005427,0.49,0.1073,0.0519,0.3589,0.0192,0
NCFB-005428,0.1876,0.16,0.0047,-1.0987,0.1314,0
NCFB-005429,0.1182,0.0488,0.0313,-0.4873,0.04,0
NCFB-005430,0.2072,0.0854,0.0822,1.2023,0.0021,0
NCFB-005431,0.0719,0.0795,0.1264,1.0433,0.2033,0
NCFB-005432,0.0992,0.1313,0.0282,-0.2298,0.0655,0
NCFB-005433,0.256,0.5748,0.0642,-0.5312,0.1538,0
NCFB-005434,0.0372,0.0201,0.1492,1.1644,0.0793,0
NCFB-005435,0.0852,0.2723,0.2945,0.3325,0.0563,0
NCFB-005436,0.04,0.1411,0.0913,0.0594,0.1554,0
NCFB-005437,0.0019,0.05,0.0292,-0.9189,0.0761,0
NCFB-005438,0.2313,0.0262,0.1399,-0.6904,0.0194,0
NCFB-005439,0.6011,0.3089,0.0324,1.5799,0.0494,0
NCFB-005440,0.1313,0.2463,0.1687,-1.1815,0.0351,0
NCFB-005441,0.1436,0.2234,0.0903,0.3948,0.4078,0
NCFB-005442,0.3236,0.1661,0.2689,-1.108,0.2047,0
NCFB-005443,3.3967,0.6262,1.4666,3.3215,2.033,1
NCFB-005444,0.1144,0.0986,0.3619,0.1674,0.1993,0
NCFB-005445,3.4407,0.8689,1.0029,4.243,1.8849,1
NCFB-005446,0.857,0.1446,0.0512,0.4635,0.4611,0
NCFB-005447,2.2258,0.8203,0.9981,3.893,1.3016,1
NCFB-005448,0.258,0.2247,0.1858,-0.3441,0.0644,0
NCFB-005449,0.4847,0.0375,0.0063,0.8508,0.0087,0
NCFB-005450,0.1346,0.3393,0.0551,-0.6432,0.69,0
NCFB-005451,0.7987,0.22,0.0413,0.1566,0.0599,0
NCFB-005452,0.3867,0.1476,0.1074,1.7347,0.3046,0
NCFB-005453,0.3309,0.1924,0.0386,0.3238,0.0885,0
NCFB-005454,0.0604,0.0698,0.1522,-0.2712,0.0073,0
NCFB-005455,0.7873,0.1658,0.0634,-0.8825,0.1751,0
NCFB-005456,0.0403,0.2131,0.0195,0.8837,0.0924,0
NCFB-005457,0.0966,0.0509,0.0803,-0.1859,0.3688,0
NCFB-005458,2.7023,1.6774,1.4678,1.9907,0.7925,1
NCFB-005459,0.2552,0.241,0.0927,0.532,0.0406,0
NCFB-005460,0.6394,0.1339,0.0429,0.229,0.5982,0
NCFB-005461,0.0373,0.0414,0.0575,-0.0352,0.0245,0
NCFB-005462,0.2086,0.0988,0.132,-0.1228,0.2016,0
NCFB-005463,0.2448,0.1489,0.0213,0.9357,0.0045,0
NCFB-005464,0.7832,0.1462,0.0438,-0.1325,0.3428,0
NCFB-005465,0.2406,0.1228,0.0427,0.7796,0.3128,0
NCFB-005466,0.256,0.0732,0.1475,0.1825,0.0148,0
NCFB-005467,0.0662,0.3121,0.1987,0.7117,0.0969,0
NCFB-005468,0.0343,0.2606,0.2606,0.1186,0.169,0
NCFB-005469,0.6119,0.0656,0.1384,-0.345,0.0392,0
NCFB-005470,0.0778,0.0854,0.2152,1.1867,0.1334,0
NCFB-005471,0.6015,0.3935,0.6058,-0.1108,0.2067,0
NCFB-005472,0.0327,0.0737,0.1944,1.1429,0.3608,0
NCFB-005473,0.1022,0.3387,0.5132,-0.0389,0.1092,0
NCFB-005474,0.1287,0.0911,0.0862,0.5986,0.0138,0
NCFB-005475,3.3281,0.7322,1.0917,4.4682,1.5557,1
NCFB-005476,0.0577,0.2271,0.0013,-0.319,0.0256,0
NCFB-005477,3.7792,0.7969,1.3047,4.9277,1.9746,1
NCFB-005478,0.209,0.0829,0.0302,0.0208,0.029,0
NCFB-005479,0.2247,0.2151,0.0923,-1.099,0.1196,0
NCFB-005480,2.0551,0.0362,0.0214,-0.0134,0.1563,0
NCFB-005481,0.2347,0.1244,0.0215,0.2398,0.0088,0
NCFB-005482,0.0531,0.0411,0.0462,-0.528,0.012,0
NCFB-005483,0.0472,0.0653,0.0322,-0.2229,0.0669,0
NCFB-005484,0.0128,0.1447,0.1167,0.4891,0.0206,0
NCFB-005485,0.2374,0.2095,0.0626,1.2743,0.0216,0
NCFB-005486,1.4985,0.3023,0.031,-0.5254,0.18,0
NCFB-005487,0.8128,0.0287,0.0423,-0.2197,0.0585,0
NCFB-005488,0.0669,0.1222,0.0852,-0.556,0.1835,0
NCFB-005489,0.6025,0.2698,0.1381,0.9807,0.1042,0
NCFB-005490,0.4613,0.0522,0.0342,-0.2358,0.0173,0
NCFB-005491,0.1608,0.0237,0.3061,-0.2429,0.1008,0
NCFB-005492,0.1618,0.2319,0.0633,-0.7666,0.0623,0
NCFB-005493,0.1298,0.1889,0.0211,-0.9273,0.0113,0
NCFB-005494,0.0115,0.1117,0.132,-0.0699,0.2149,0
NCFB-005495,0.494,0.347,0.1103,0.1293,0.0629,0
NCFB-005496,0.1801,0.4926,0.0293,0.5378,0.1314,0
NCFB-005497,0.4081,0.1363,0.0205,0.1151,0.0466,0
NCFB-005498,0.9884,0.167,0.004,0.1946,0.0386,0
NCFB-005499,0.0376,0.406,0.2094,-0.0219,0.0892,0
NCFB-005500,0.1533,0.0957,0.0798,-0.149,0.3872,0
NCFB-005501,0.262,0.4932,0.0374,0.2051,0.0914,0
NCFB-005502,0.439,0.0725,0.0589,-0.7042,0.3218,0
NCFB-005503,0.1355,0.2512,0.0677,0.3645,0.001,0
NCFB-005504,0.3668,0.3064,0.3281,0.7831,0.0196,0
NCFB-005505,0.0018,0.1533,0.0133,-1.3619,0.0162,0
NCFB-005506,0.3858,0.3501,0.169,0.47,0.2766,0
NCFB-005507,0.1337,0.1166,0.0382,-1.9235,0.1262,0
NCFB-005508,0.3854,0.0923,0.0431,-0.2762,0.3541,0
NCFB-005509,0.2208,0.0182,0.1376,0.9848,0.0057,0
NCFB-005510,0.1756,0.1207,0.4696,0.1873,0.2694,0
NCFB-005511,0.4562,0.0794,0.1221,-0.4825,0.0313,0
NCFB-005512,0.197,0.2915,0.148,-1.1265,0.1564,0
NCFB-005513,0.4948,0.1118,0.1696,-0.7338,0.1176,0
NCFB-005514,0.1447,0.2264,0.0407,0.9412,0.4091,0
NCFB-005515,0.3047,0.0361,0.1639,-0.5746,0.0052,0
NCFB-005516,3.4098,0.666,1.345,5.1648,1.7676,1
NCFB-005517,0.0608,0.3088,0.029,-1.6788,0.0868,0
NCFB-005518,0.2324,0.0714,0.3126,0.2061,0.0875,0
NCFB-005519,0.1304,0.2107,0.0857,0.4594,0.0184,0
NCFB-005520,0.0691,0.0377,0.1806,1.1758,0.2025,0
NCFB-005521,0.3312,0.1633,0.1417,-0.7639,0.0503,0
NCFB-005522,0.2979,0.0605,0.1806,0.0167,0.0854,0
NCFB-005523,0.532,0.1194,0.0474,-1.6516,0.0926,0
NCFB-005524,0.1449,0.1715,0.3816,0.4888,0.1235,0
NCFB-005525,0.9448,0.12,0.0417,0.0224,0.1251,0
NCFB-005526,0.5962,0.1726,0.0967,-0.0107,0.3792,0
NCFB-005527,0.6474,0.1325,0.0176,-0.5553,0.1506,0
NCFB-005528,0.1038,0.16,0.0808,0.6506,0.6682,0
NCFB-005529,0.2871,0.2911,0.1363,0.1217,0.0188,0
NCFB-005530,0.0342,0.0395,0.1936,1.2474,0.2558,0
NCFB-005531,0.0335,0.1408,0.1277,-0.9241,0.0462,0
NCFB-005532,0.1901,0.0256,0.0277,0.2932,0.2203,0
NCFB-005533,0.1361,0.3518,0.0097,-0.0427,0.5519,0
NCFB-005534,0.1927,0.1955,0.0803,-0.3879,0.0965,0
NCFB-005535,0.7698,0.2725,0.0553,0.7308,0.091,0
NCFB-005536,1.1519,0.0443,0.061,0.0531,0.1127,0
NCFB-005537,0.0791,0.1324,0.0758,-0.1777,0.0773,0
NCFB-005538,0.1814,0.2118,0.4266,-0.2157,0.0422,0
NCFB-005539,0.3251,0.3304,0.4027,0.1024,0.1048,0
NCFB-005540,0.326,0.2097,0.3334,-0.1328,0.0883,0
NCFB-005541,0.2479,0.0525,0.1784,1.9272,0.3282,0
NCFB-005542,0.3136,0.188,0.1123,0.4363,0.0515,0
NCFB-005543,0.1324,0.1001,0.1876,0.9968,0.2412,0
NCFB-005544,0.159,0.2187,0.0151,1.315,0.105,0
NCFB-005545,0.327,0.0628,0.0746,-0.1151,0.0432,0
NCFB-005546,0.0269,0.1798,0.096,0.4619,0.681,0
NCFB-005547,0.5834,0.3264,0.0483,-0.3474,0.1287,0
NCFB-005548,0.1537,0.1095,0.0631,0.1308,0.0174,0
NCFB-005549,0.0847,0.0545,0.0596,-0.0031,0.1544,0
NCFB-005550,0.203,0.2017,0.0962,0.6929,0.1063,0
NCFB-005551,0.7175,0.1325,0.038,-1.2246,0.2912,0
NCFB-005552,0.1264,0.2161,0.0175,0.6235,0.1642,0
NCFB-005553,0.326,0.0703,0.0209,0.563,0.042,0
NCFB-005554,0.1272,0.106,0.0392,-0.6671,0.1021,0
NCFB-005555,0.055,0.4899,0.0545,-0.2584,0.0776,0
NCFB-005556,0.4037,0.0787,0.1104,-1.1941,0.2949,0
NCFB-005557,0.0206,0.1088,0.2644,0.0001,0.0895,0
NCFB-005558,0.4402,0.2412,0.0056,0.3022,0.1339,0
NCFB-005559,0.2739,0.1349,0.0692,-1.026,0.0318,0
NCFB-005560,0.1396,0.0856,0.0056,0.2837,0.9597,0
NCFB-005561,0.5096,0.0257,0.2233,1.3049,0.0853,0
NCFB-005562,0.0077,0.1144,0.2616,0.4737,0.0022,0
NCFB-005563,3.2895,0.9858,1.1117,4.5856,2.0198,1
NCFB-005564,0.4612,0.0689,0.0666,-0.15,0.2531,0
NCFB-005565,0.3537,0.2391,0.0022,0.1814,0.2736,0
NCFB-005566,0.3035,0.0473,0.0511,-0.2073,0.2636,0
NCFB-005567,0.5632,0.0058,0.0254,-0.7593,0.3856,0
NCFB-005568,0.1708,0.1924,0.0763,0.6972,0.0007,0
NCFB-005569,0.9457,0.0622,0.2206,-0.8879,0.2136,0
NCFB-005570,0.7206,0.0953,0.0125,0.1011,0.3646,0
NCFB-005571,1.1799,0.0637,0.0233,0.6214,0.103,0
NCFB-005572,2.4511,0.8336,1.797,4.2667,1.1106,1
NCFB-005573,0.3904,0.1059,0.0088,-0.8053,0.1456,0
NCFB-005574,0.0179,0.0618,0.0099,-1.144,0.0383,0
NCFB-005575,0.3493,0.1282,0.2298,0.4484,0.1113,0
NCFB-005576,0.0476,0.0462,0.3501,0.8772,0.2133,0
NCFB-005577,0.2041,0.0893,0.0584,0.7852,0.1305,0
NCFB-005578,0.7167,0.037,0.2133,0.993,0.109,0
NCFB-005579,0.797,0.1714,0.0076,0.18,0.0005,0
NCFB-005580,0.2658,0.2577,0.0552,0.4762,0.0906,0
NCFB-005581,0.0173,0.0207,0.0466,-0.4848,0.0454,0
NCFB-005582,0.0119,0.0273,0.0273,-0.1457,0.251,0
NCFB-005583,0.4563,0.0954,0.0176,0.728,0.091,0
NCFB-005584,0.2026,0.0551,0.2158,-0.9849,0.2215,0
NCFB-005585,0.4489,0.0201,0.2116,0.846,0.0021,0
NCFB-005586,0.1945,0.2543,0.0432,-0.6332,0.0928,0
NCFB-005587,0.3261,0.0141,0.0759,0.1415,0.0494,0
NCFB-005588,0.2602,0.2971,0.1866,-0.8694,0.0219,0
NCFB-005589,0.1756,0.1816,0.0107,1.0044,0.1601,0
NCFB-005590,0.285,0.0674,0.0306,0.5876,0.0406,0
NCFB-005591,0.2087,0.0474,0.2181,0.2257,0.5211,0
NCFB-005592,0.4185,0.212,0.1007,-0.1363,0.2104,0
NCFB-005593,0.0412,0.1759,0.0575,0.0734,0.0192,0
NCFB-005594,0.1178,0.0299,0.0169,0.7276,0.0121,0
NCFB-005595,0.3595,0.0908,0.2257,0.523,0.0044,0
NCFB-005596,4.1108,0.9397,1.2813,4.7008,2.0968,1
NCFB-005597,0.0897,0.1399,0.0036,0.3139,0.3158,0
NCFB-005598,0.1108,0.1754,0.0605,0.2927,0.1534,0
NCFB-005599,1.0245,0.1143,0.0759,-1.1253,0.0137,0
NCFB-005600,0.1853,0.2954,0.1892,0.3714,0.0395,0
NCFB-005601,0.089,0.0392,0.0053,0.1707,0.15,0
NCFB-005602,0.2556,0.1181,0.138,0.4638,0.2395,0
NCFB-005603,0.1222,0.1314,0.2267,-0.774,0.0967,0
NCFB-005604,0.0554,0.0672,0.1269,-1.0358,0.0334,0
NCFB-005605,1.0211,0.1092,0.0305,1.0795,0.0267,0
NCFB-005606,0.4128,0.1175,0.0463,-0.1159,0.1214,0
NCFB-005607,0.7193,0.1586,0.0175,0.5905,0.1246,0
NCFB-005608,0.8388,0.1557,0.0678,0.1552,0.0178,0
NCFB-005609,0.1543,0.0825,0.2841,0.6939,0.1411,0
NCFB-005610,0.4359,0.257,0.1996,0.2999,0.0131,0
NCFB-005611,0.2163,0.4617,0.3095,0.3949,0.0354,0
NCFB-005612,0.6261,0.0986,0.1903,0.3931,0.1051,0
NCFB-005613,0.1419,0.1093,0.2792,0.0046,0.0257,0
NCFB-005614,0.0015,0.0648,0.1361,-0.2806,0.114,0
NCFB-005615,0.021,0.2229,0.0365,0.1843,0.1309,0
NCFB-005616,0.199,0.3166,0.0856,-0.4694,0.3053,0
NCFB-005617,0.012,0.189,0.3878,-0.0702,0.052,0
NCFB-005618,0.031,0.0703,0.0941,-0.4546,0.3012,0
NCFB-005619,0.3353,0.445,0.1253,-0.6588,0.3849,0
NCFB-005620,0.1326,0.5019,0.03,-0.703,0.4095,0
NCFB-005621,0.198,0.0832,0.0898,0.6926,0.0697,0
NCFB-005622,0.2015,0.1623,0.2334,-1.0422,0.0067,0
NCFB-005623,0.9922,0.0336,0.0557,0.3911,0.1758,0
NCFB-005624,0.395,0.3785,0.0283,0.2246,0.1227,0
NCFB-005625,0.3963,0.0845,0.0717,-0.3299,0.0262,0
NCFB-005626,1.2998,0.1895,0.2337,0.1758,0.2883,0
NCFB-005627,0.2961,0.0589,0.0645,-1.0616,0.0448,0
NCFB-005628,0.2044,0.0939,0.0092,-0.5398,0.1998,0
NCFB-005629,0.3081,0.3295,0.0628,-1.2627,0.1522,0
NCFB-005630,0.4679,0.0845,0.092,0.5862,0.1237,0
NCFB-005631,0.3468,0.0319,0.013,-0.3663,0.0859,0
NCFB-005632,0.0208,0.2182,0.0122,-0.5498,0.115,0
NCFB-005633,0.2668,0.0234,0.2518,0.6393,0.1179,0
NCFB-005634,0.7471,0.0792,0.1873,-0.4248,0.0431,0
NCFB-005635,0.9628,0.4665,0.1601,0.0758,0.263,0
NCFB-005636,0.4285,0.2199,0.0639,-0.0129,0.2693,0
NCFB-005637,0.4667,0.0822,0.3628,-0.6036,0.0528,0
NCFB-005638,0.195,0.1275,0.1791,1.1182,0.1157,0
NCFB-005639,0.8401,0.246,0.0836,-0.0448,0.0549,0
NCFB-005640,0.8757,0.157,0.0469,0.3558,0.0068,0
NCFB-005641,0.1934,0.039,0.1741,0.0875,0.2905,0
NCFB-005642,1.1527,0.3145,0.0466,0.5649,0.1353,0
NCFB-005643,0.2014,0.1073,0.1135,0.2498,0.2236,0
NCFB-005644,0.274,0.1377,0.0096,-0.3297,0.2094,0
NCFB-005645,0.0915,0.1287,0.2157,0.6798,0.2524,0
NCFB-005646,0.6389,0.0735,0.0683,-0.6354,0.0645,0
NCFB-005647,0.2387,0.1241,0.0145,0.2789,0.3581,0
NCFB-005648,0.2413,0.0892,0.1426,0.8203,0.1438,0
NCFB-005649,0.0703,0.091,0.0822,-0.1241,0.5014,0
NCFB-005650,0.1562,0.0425,0.0746,-0.5374,0.2797,0
NCFB-005651,2.9475,0.9519,1.3676,4.2705,2.472,1
NCFB-005652,0.0851,0.1221,0.0304,-1.1054,0.0291,0
NCFB-005653,0.7087,0.2495,0.2146,0.7588,0.0721,0
NCFB-005654,0.1934,0.1032,0.1775,-0.2812,0.6703,0
NCFB-005655,0.0038,0.1931,0.1421,-0.1865,0.0174,0
NCFB-005656,0.8412,0.1483,0.3775,0.3223,0.0233,0
NCFB-005657,0.0002,0.1276,0.1544,0.394,0.3016,0
NCFB-005658,0.6667,0.1407,0.0486,0.5426,0.0038,0
NCFB-005659,0.0462,0.4323,0.5382,0.8572,0.0382,0
NCFB-005660,0.2767,0.1945,0.6641,-0.8714,0.116,0
NCFB-005661,0.0422,0.0407,0.0693,-1.0252,0.1634,0
NCFB-005662,0.0923,0.3385,0.2693,0.0177,0.2919,0
NCFB-005663,0.2944,0.1734,0.0771,-0.1454,0.0424,0
NCFB-005664,0.7449,0.0164,0.1102,1.0103,0.0771,0
NCFB-005665,1.1617,0.1047,0.1163,0.3904,0.0154,0
NCFB-005666,3.0363,0.9842,1.2739,4.6556,2.067,1
NCFB-005667,0.0154,0.0353,0.0161,0.9072,0.0513,0
NCFB-005668,0.096,0.3835,0.0271,-0.0064,0.1926,0
NCFB-005669,0.0633,0.3701,0.2038,0.5516,0.0081,0
NCFB-005670,0.5597,0.1869,0.1311,0.2735,0.1863,0
NCFB-005671,0.7762,0.0771,0.2102,0.3362,0.2011,0
NCFB-005672,0.1205,0.2667,0.0482,-0.3998,0.0975,0
NCFB-005673,0.1746,0.1435,0.1195,0.6853,0.03,0
NCFB-005674,0.0911,0.0068,0.0183,-0.4938,0.0722,0
NCFB-005675,0.5169,0.0289,0.1294,1.0706,0.1074,0
NCFB-005676,0.1508,0.1567,0.0533,-0.4095,0.0183,0
NCFB-005677,0.0354,0.2861,0.0182,1.6232,0.4958,0
NCFB-005678,1.8078,0.0366,0.1073,-0.2406,0.0374,0
NCFB-005679,0.5595,0.3825,0.1965,0.0289,0.1364,0
NCFB-005680,0.1069,0.0111,0.7016,-0.0663,0.0452,0
NCFB-005681,3.673,0.801,1.2659,4.7865,1.572,1
NCFB-005682,0.2346,0.2224,0.0269,-0.1059,0.0429,0
NCFB-005683,0.0128,0.2348,0.3882,-0.5639,0.5815,0
NCFB-005684,0.6193,0.2873,0.1281,0.3956,0.237,0
NCFB-005685,1.8865,0.0535,0.0426,-0.7457,0.1368,0
NCFB-005686,0.233,0.0979,0.1144,-0.8498,0.175,0
NCFB-005687,0.3741,0.108,0.0898,0.2471,0.2769,0
NCFB-005688,0.8776,0.1085,0.1255,-0.3851,0.07,0
NCFB-005689,0.0086,0.318,0.1045,-1.3392,0.0116,0
NCFB-005690,0.1246,0.1038,0.0436,-0.3276,0.0481,0
NCFB-005691,0.0011,0.0379,0.2229,-0.0503,0.082,0
NCFB-005692,0.0528,0.0648,0.0526,-0.9018,0.2522,0
NCFB-005693,0.7046,0.1707,0.3848,-0.1513,0.0086,0
NCFB-005694,0.6187,0.1719,0.1004,-0.6612,0.3013,0
NCFB-005695,3.3266,0.9484,1.3813,4.6215,1.687,1
NCFB-005696,3.0568,0.7757,1.1448,4.4668,1.7658,1
NCFB-005697,0.3984,0.2032,0.0382,-0.0907,0.0902,0
NCFB-005698,0.2569,0.1367,0.2941,0.0542,0.117,0
NCFB-005699,0.9933,0.2474,0.0168,0.852,0.1308,0
NCFB-005700,0.2103,0.048,0.0245,2.0665,0.4291,0
NCFB-005701,0.2107,0.2063,0.0192,-0.3114,0.2042,0
NCFB-005702,0.2515,0.0839,0.047,0.1389,0.1086,0
NCFB-005703,0.1526,0.4703,0.0618,-0.8951,0.0076,0
NCFB-005704,0.0475,0.0864,0.1436,0.6054,0.2147,0
NCFB-005705,0.6197,0.1213,0.0109,-0.3964,0.1329,0
NCFB-005706,0.1225,0.1075,0.0097,-0.5019,0.0686,0
NCFB-005707,0.0161,0.2267,0.0236,1.1729,0.5872,0
NCFB-005708,0.225,0.0842,0.0194,-0.4515,0.0742,0
NCFB-005709,0.2552,0.0519,0.063,0.9367,0.4141,0
NCFB-005710,0.2768,0.1416,0.0779,-0.2464,0.1281,0
NCFB-005711,0.0313,0.4214,0.2244,1.0447,0.1135,0
NCFB-005712,0.2696,0.0315,0.2691,0.9825,0.1327,0
NCFB-005713,0.008,0.3283,0.149,-1.1227,0.0844,0
NCFB-005714,0.0039,0.309,0.304,-0.4287,0.017,0
NCFB-005715,0.4591,0.0563,0.1024,-0.7989,0.1315,0
NCFB-005716,0.0222,0.2604,0.2861,0.5903,0.1641,0
NCFB-005717,1.8104,0.1171,0.0322,0.2556,0.0715,0
NCFB-005718,0.975,0.2752,0.0655,0.557,0.9804,0
NCFB-005719,0.2056,0.0065,0.1373,0.415,0.0139,0
NCFB-005720,0.7231,0.0769,0.0178,0.9796,0.0074,0
NCFB-005721,0.0062,0.1122,0.0503,0.3757,0.0889,0
NCFB-005722,0.3068,0.1287,0.2441,-0.0082,0.246,0
NCFB-005723,0.3677,0.1483,0.0223,0.5416,0.4861,0
NCFB-005724,0.1343,0.1183,0.0246,-1.0796,0.0442,0
NCFB-005725,0.1248,0.1282,0.0947,0.7011,0.3237,0
NCFB-005726,0.5215,0.0714,0.1525,0.7717,0.0411,0
NCFB-005727,1.1936,0.1468,0.1126,-1.3045,0.0099,0
NCFB-005728,0.0077,0.0679,0.3685,-0.0458,0.0534,0
NCFB-005729,0.4132,0.1266,0.0546,-0.5187,0.0758,0
NCFB-005730,0.545,0.014,0.0296,0.7621,0.2568,0
NCFB-005731,0.144,0.0279,0.064,-0.3989,0.0074,0
NCFB-005732,0.6992,0.1529,0.1478,-0.0724,0.0088,0
NCFB-005733,0.0897,0.1302,0.0579,-0.4772,0.0466,0
NCFB-005734,0.1656,0.4438,0.2428,0.478,0.1087,0
NCFB-005735,0.4825,0.0734,0.0114,-1.0634,0.1618,0
NCFB-005736,0.5445,0.0752,0.1,-0.9609,0.1358,0
NCFB-005737,0.5721,0.4874,0.0634,-0.0594,0.1714,0
NCFB-005738,0.551,0.2488,0.2033,0.8346,0.2217,0
NCFB-005739,2.3035,0.9388,1.0236,4.6095,2.0861,1
NCFB-005740,0.1782,0.233,0.1746,-0.023,0.0307,0
NCFB-005741,0.6703,0.0771,0.0185,-0.5901,0.1325,0
NCFB-005742,0.0322,0.0642,0.0461,0.8121,0.1486,0
NCFB-005743,0.0709,0.1594,0.1288,0.1143,0.283,0
NCFB-005744,0.1534,0.1165,0.0202,0.1065,0.0396,0
NCFB-005745,0.0476,0.0314,0.0782,1.0316,0.4859,0
NCFB-005746,0.2233,0.344,0.0612,-0.0269,0.0275,0
NCFB-005747,0.1825,0.0916,0.017,0.1454,0.0364,0
NCFB-005748,0.1152,0.201,0.0941,-0.4328,0.1636,0
NCFB-005749,0.12,0.0132,0.033,-1.1086,0.148,0
NCFB-005750,0.1969,0.1432,0.0428,0.5967,0.1438,0
NCFB-005751,0.8331,0.1367,0.0011,-0.5927,0.6526,0
NCFB-005752,0.1159,0.0292,0.086,0.1408,0.1965,0
NCFB-005753,0.4573,0.0526,0.1009,-0.6587,0.0454,0
NCFB-005754,0.3357,0.0147,0.0144,1.7539,0.1558,0
NCFB-005755,0.0391,0.1055,0.1679,-0.6371,0.1668,0
NCFB-005756,0.1299,0.31,0.0673,-1.364,0.0311,0
NCFB-005757,0.1255,0.3127,0.0092,-0.0154,0.1128,0
NCFB-005758,0.6495,0.2307,0.0807,-1.5628,0.1749,0
NCFB-005759,0.7378,0.3427,0.1242,0.3134,0.0187,0
NCFB-005760,0.0428,0.1388,0.1194,-0.2337,0.0188,0
NCFB-005761,0.3765,0.2491,0.0305,-0.9225,0.0517,0
NCFB-005762,0.2317,0.0247,0.0526,-0.3491,0.118,0
NCFB-005763,0.0848,0.1866,0.0245,-0.5324,0.1961,0
NCFB-005764,0.4228,0.192,0.2308,-1.0034,0.0358,0
NCFB-005765,0.1798,0.46,0.1854,0.8326,0.2091,0
NCFB-005766,0.0123,0.0041,0.1079,-0.5184,0.0026,0
NCFB-005767,0.3164,0.0096,0.1481,0.086,0.104,0
NCFB-005768,0.045,0.1865,0.4165,0.2292,0.1758,0
NCFB-005769,0.0868,0.1583,0.2919,-1.1423,0.1954,0
NCFB-005770,0.2534,0.074,0.2682,0.6079,0.2138,0
NCFB-005771,0.4455,0.2726,0.0634,-0.0478,0.0226,0
NCFB-005772,0.3024,0.2374,0.1465,-0.3782,0.2313,0
NCFB-005773,0.7653,0.0443,0.0084,0.5977,0.0104,0
NCFB-005774,0.2769,0.0129,0.2269,0.6805,0.1334,0
NCFB-005775,1.5949,0.0657,0.1878,1.0605,0.0152,0
NCFB-005776,0.7991,0.021,0.0201,-0.7168,0.1214,0
NCFB-005777,0.3519,0.0877,0.0131,0.795,0.0012,0
NCFB-005778,0.5135,0.0307,0.082,-0.1078,0.0901,0
NCFB-005779,0.0671,0.13,0.1409,0.0406,0.0051,0
NCFB-005780,0.2023,0.0083,0.1419,0.8109,0.1371,0
NCFB-005781,3.3725,0.57,1.1243,4.2415,1.6331,1
NCFB-005782,0.7314,0.1119,0.0144,-0.4166,0.4311,0
NCFB-005783,0.645,0.3923,0.029,0.3018,0.0274,0
NCFB-005784,0.0997,0.1398,0.1521,1.3454,0.0141,0
NCFB-005785,0.0767,0.2633,0.2302,0.5557,0.0647,0
NCFB-005786,0.2429,0.0534,0.0044,-0.9378,0.0854,0
NCFB-005787,0.7416,0.0238,0.0315,-0.8372,0.2173,0
NCFB-005788,0.028,0.0519,0.2857,0.0727,0.0131,0
NCFB-005789,0.1569,0.0739,0.2266,-0.2318,0.0065,0
NCFB-005790,0.3603,0.239,0.232,-0.2106,0.1053,0
NCFB-005791,0.3064,0.1592,0.0169,-0.3918,0.2354,0
NCFB-005792,0.1677,0.0223,0.1911,-0.3781,0.0104,0
NCFB-005793,0.1456,0.0971,0.0095,-0.083,0.124,0
NCFB-005794,1.3246,0.1181,0.023,1.8724,0.0223,0
NCFB-005795,0.0672,0.2509,0.2908,1.7732,0.0033,0
NCFB-005796,3.5747,0.806,1.2475,4.8228,1.7536,1
NCFB-005797,0.0952,0.0767,0.1532,-0.6329,0.0598,0
NCFB-005798,0.0065,0.0167,0.132,-0.4738,0.0653,0
NCFB-005799,1.3034,0.0505,0.0059,0.3671,0.1842,0
NCFB-005800,0.3222,0.0772,0.1336,-0.5293,0.1639,0
NCFB-005801,0.0318,0.0729,0.0897,-0.3045,0.1052,0
NCFB-005802,0.155,0.4513,0.1777,0.1152,0.0474,0
NCFB-005803,0.0315,0.2025,0.0604,-0.6751,0.0134,0
NCFB-005804,3.2065,0.9589,1.1418,5.1431,2.1861,1
NCFB-005805,0.1223,0.0991,0.2335,0.316,0.0741,0
NCFB-005806,0.0132,0.1267,0.0181,-0.033,0.8365,0
NCFB-005807,0.4135,0.0245,0.0255,-0.2879,0.082,0
NCFB-005808,0.0102,0.2627,0.1359,1.0363,0.1276,0
NCFB-005809,0.1192,0.0112,0.1176,0.7233,0.2642,0
NCFB-005810,0.4049,0.1121,0.0866,-0.5521,0.0251,0
NCFB-005811,0.0312,0.0693,0.0891,-0.0938,0.176,0
NCFB-005812,0.0566,0.3773,0.1968,-0.2157,0.3234,0
NCFB-005813,0.0621,0.1151,0.0467,-0.5305,0.0232,0
NCFB-005814,0.162,0.0097,0.2382,0.1963,0.0013,0
NCFB-005815,0.9166,0.1657,0.2606,0.351,0.3295,0
NCFB-005816,0.1245,0.2532,0.2147,0.1039,0.0313,0
NCFB-005817,0.267,0.0401,0.3486,-0.9976,0.3421,0
NCFB-005818,0.1533,0.1354,0.0357,0.8741,0.0205,0
NCFB-005819,1.1974,0.1167,0.1905,-0.7569,0.0966,0
NCFB-005820,0.6495,0.0478,0.1611,-0.7683,0.0472,0
NCFB-005821,0.1485,0.3818,0.177,-0.4611,0.1223,0
NCFB-005822,0.1854,0.2489,0.5991,-0.7127,0.1138,0
NCFB-005823,0.3935,0.0236,0.1403,-0.6187,0.3185,0
NCFB-005824,0.2327,0.1233,0.0436,-0.2755,0.6438,0
NCFB-005825,0.3374,0.0217,0.1324,-1.0331,0.1023,0
NCFB-005826,0.0527,0.0771,0.0272,0.1084,0.0447,0
NCFB-005827,3.6779,0.8811,1.584,5.167,1.427,1
NCFB-005828,0.5752,0.3297,0.5205,0.2642,0.0377,0
NCFB-005829,3.275,0.7862,1.0305,5.1207,1.6148,1
NCFB-005830,0.0494,0.1056,0.0424,-0.8108,0.1088,0
NCFB-005831,0.1713,0.1096,0.0951,0.1235,0.0711,0
NCFB-005832,0.6622,0.024,0.1263,0.5081,0.3213,0
NCFB-005833,3.2545,0.9468,1.184,4.8155,1.6069,1
NCFB-005834,0.7167,0.0386,0.0448,-0.0978,0.1063,0
NCFB-005835,0.43,0.1706,0.0619,-0.9208,0.3409,0
NCFB-005836,0.0925,0.0736,0.0572,-0.07,0.0279,0
NCFB-005837,0.1227,0.5316,0.1116,-0.0018,0.0715,0
NCFB-005838,0.3399,0.1458,0.0588,-1.0045,0.1108,0
NCFB-005839,2.1638,0.1972,0.0032,-0.5997,0.1165,0
NCFB-005840,0.6295,0.0108,0.015,-1.0264,0.0212,0
NCFB-005841,3.7587,0.9873,1.6069,4.135,2.0946,1
NCFB-005842,0.5229,0.296,0.2349,0.8666,0.2046,0
NCFB-005843,0.1276,0.293,0.0486,0.2677,0.0402,0
NCFB-005844,0.0253,0.2446,0.0802,-0.6112,0.1315,0
NCFB-005845,0.0143,0.2248,0.3284,-0.775,0.0988,0
NCFB-005846,0.3873,0.0499,0.0411,-1.2407,0.2402,0
NCFB-005847,0.3361,0.18,0.0633,0.6931,0.0864,0
NCFB-005848,0.0782,0.12,0.0623,-0.4323,0.1003,0
NCFB-005849,0.756,0.2929,0.0184,-0.3723,0.4359,0
NCFB-005850,1.6137,0.0785,0.0657,0.9837,0.1566,0
NCFB-005851,0.0328,0.0545,0.0549,0.7118,0.0116,0
NCFB-005852,0.1052,0.0308,0.0685,-1.3681,0.2922,0
NCFB-005853,0.5249,0.2014,0.0161,0.0725,0.4085,0
NCFB-005854,0.2455,0.0313,0.1556,-0.031,0.0039,0
NCFB-005855,0.7889,0.2911,0.0877,1.2583,0.0292,0
NCFB-005856,0.2448,0.1117,0.1845,1.072,0.025,0
NCFB-005857,0.2252,0.1815,0.3714,1.1063,0.0893,0
NCFB-005858,0.5419,0.1621,0.0863,1.7152,0.1042,0
NCFB-005859,0.1444,0.1908,0.1076,-0.1542,0.1088,0
NCFB-005860,0.0359,0.4274,0.1767,-0.8696,0.2428,0
NCFB-005861,0.4244,0.1735,0.0156,-0.3843,0.0491,0
NCFB-005862,1.0377,0.0105,0.1807,0.818,0.0339,0
NCFB-005863,0.4449,0.0849,0.0499,0.1209,0.1639,0
NCFB-005864,0.9552,0.1726,0.1091,1.2928,0.1086,0
NCFB-005865,0.0026,0.125,0.0758,0.1602,0.0554,0
NCFB-005866,0.0029,0.0368,0.0958,-0.6266,0.1384,0
NCFB-005867,0.0932,0.1658,0.043,0.2956,0.3482,0
NCFB-005868,0.0776,0.0671,0.1005,0.821,0.1121,0
NCFB-005869,0.1895,0.0034,0.4529,-0.8643,0.4333,0
NCFB-005870,0.6389,0.3062,0.2555,2.1767,0.0814,0
NCFB-005871,0.143,0.0783,0.077,1.1399,0.2523,0
NCFB-005872,0.2793,0.1783,0.1792,0.6374,0.1387,0
NCFB-005873,0.2557,0.121,0.2283,0.1937,0.1628,0
NCFB-005874,0.7271,0.0749,0.0772,-0.1535,0.0285,0
NCFB-005875,0.1173,0.3979,0.3131,1.7013,0.0112,0
NCFB-005876,0.1947,0.1346,0.1386,0.4547,0.2488,0
NCFB-005877,0.1221,0.0995,0.3104,0.3718,0.3871,0
NCFB-005878,0.1903,0.2002,0.029,-1.2835,0.0157,0
NCFB-005879,0.2592,0.0596,0.1496,-0.5165,0.2265,0
NCFB-005880,0.6122,0.356,0.116,0.561,0.0023,0
NCFB-005881,1.0895,0.1898,0.0636,0.4243,0.036,0
NCFB-005882,0.1383,0.1334,0.0256,-0.6362,0.0162,0
NCFB-005883,0.1924,0.1484,0.1101,-0.7496,0.1615,0
NCFB-005884,0.0498,0.2149,0.0853,-0.6706,0.3008,0
NCFB-005885,0.1574,0.2408,0.042,-1.4073,0.4842,0
NCFB-005886,0.3331,0.0037,0.0914,-0.218,0.2292,0
NCFB-005887,0.1854,0.0657,0.2932,0.0397,0.0263,0
NCFB-005888,0.0368,0.1318,0.2514,-0.3653,0.0421,0
NCFB-005889,0.2397,0.2089,0.1809,-0.2748,0.2581,0
NCFB-005890,0.0527,0.0138,0.0205,-0.0046,0.0162,0
NCFB-005891,1.0264,0.0429,0.0585,0.8191,0.0532,0
NCFB-005892,0.7671,0.1163,0.026,-0.1995,0.3559,0
NCFB-005893,0.4921,0.0625,0.0266,-0.2148,0.1594,0
NCFB-005894,0.0553,0.1263,0.067,-0.3669,0.0832,0
NCFB-005895,0.2512,0.2528,0.1866,-0.4421,0.1261,0
NCFB-005896,0.5381,0.1927,0.1356,-0.2723,0.0496,0
NCFB-005897,0.1082,0.1566,0.0419,-1.2884,0.0048,0
NCFB-005898,0.1698,0.1166,0.0919,-0.3996,0.2004,0
NCFB-005899,2.9058,0.959,1.0977,4.5561,2.0799,1
NCFB-005900,0.2521,0.1381,0.2835,-0.6926,0.188,0
NCFB-005901,0.1124,0.191,0.0162,-0.2316,0.0526,0
NCFB-005902,0.0209,0.1747,0.1576,-1.8795,0.2959,0
NCFB-005903,0.324,0.0674,0.1151,-0.7588,0.3943,0
NCFB-005904,0.6018,0.1043,0.2459,0.915,0.1411,0
NCFB-005905,0.2457,0.0273,0.1502,1.4812,0.1618,0
NCFB-005906,0.2468,0.3474,0.1838,-0.4096,0.3893,0
NCFB-005907,0.3369,0.0152,0.0748,0.0401,0.1907,0
NCFB-005908,0.0804,0.1833,0.015,0.7413,0.0283,0
NCFB-005909,0.9038,0.1155,0.0389,0.4518,0.0962,0
NCFB-005910,0.3623,0.1175,0.2865,-0.2659,0.1742,0
NCFB-005911,0.1489,0.3978,0.2294,1.5651,0.1993,0
NCFB-005912,0.161,0.1565,0.1145,-0.9309,0.1401,0
NCFB-005913,0.0612,0.2111,0.219,-0.7354,0.1484,0
NCFB-005914,0.0931,0.1369,0.0533,0.9353,0.1074,0
NCFB-005915,0.2465,0.0408,0.2062,-0.1455,0.1499,0
NCFB-005916,0.1774,0.115,0.0605,-0.2428,0.1011,0
NCFB-005917,0.0083,0.2088,0.0333,0.0745,0.047,0
NCFB-005918,0.0065,0.0411,0.0319,0.4421,0.0086,0
NCFB-005919,0.8139,0.0155,0.1187,1.7173,0.0734,0
NCFB-005920,0.2066,0.0624,0.1107,1.5537,0.3125,0
NCFB-005921,0.7732,0.4054,0.078,1.0041,0.125,0
NCFB-005922,0.013,0.083,0.5051,-1.2543,0.1815,0
NCFB-005923,3.0024,0.9007,1.475,3.3115,1.9563,1
NCFB-005924,0.2323,0.1235,0.0006,0.2089,0.1862,0
NCFB-005925,0.3429,0.3669,0.1156,0.704,0.0708,0
NCFB-005926,0.1128,0.0298,0.0027,-1.1722,0.0373,0
NCFB-005927,0.1599,0.0846,0.3981,-0.6541,0.0332,0
NCFB-005928,0.145,0.0488,0.127,0.9334,0.1713,0
NCFB-005929,0.0932,0.3032,0.5198,0.6159,0.14,0
NCFB-005930,0.19,0.1523,0.1,0.2771,0.4153,0
NCFB-005931,0.0398,0.0624,0.0488,0.2044,0.0594,0
NCFB-005932,3.0229,0.8153,1.3653,3.8256,1.1043,1
NCFB-005933,0.82,0.0415,0.0234,-0.9098,0.0405,0
NCFB-005934,1.155,0.1662,0.1078,-0.8101,0.0904,0
NCFB-005935,0.3023,0.1572,0.2196,0.186,0.045,0
NCFB-005936,0.2771,0.068,0.0645,0.0398,0.3583,0
NCFB-005937,0.2883,0.1739,0.0519,-0.1982,0.0154,0
NCFB-005938,0.81,0.0799,0.0505,1.6292,0.1536,0
NCFB-005939,0.0321,0.2481,0.0028,-0.8873,0.0681,0
NCFB-005940,0.0647,0.045,0.0016,0.6902,0.0205,0
NCFB-005941,0.0263,0.28,0.0738,1.2244,0.0542,0
NCFB-005942,0.019,0.1523,0.0352,1.5922,0.1754,0
NCFB-005943,1.0074,0.0942,0.1938,0.6254,0.0579,0
NCFB-005944,0.3201,0.1487,0.071,-0.9537,0.0498,0
NCFB-005945,0.8322,0.0648,0.2169,0.8427,0.1751,0
NCFB-005946,0.0441,0.1194,0.0211,-0.0557,0.0227,0
NCFB-005947,0.5686,0.1636,0.2441,-0.4757,1.7612,0
NCFB-005948,0.3449,0.1285,0.0756,-0.5602,0.1154,0
NCFB-005949,0.1628,0.105,0.1518,-0.7299,0.0977,0
NCFB-005950,0.0897,0.119,0.0415,-1.2928,0.0347,0
NCFB-005951,0.0253,0.1835,0.0469,0.587,0.1551,0
NCFB-005952,0.25,0.1291,0.032,-0.8704,0.1073,0
NCFB-005953,0.6077,0.3379,0.1053,-0.0351,0.0125,0
NCFB-005954,0.0244,0.082,0.1035,-0.6073,0.0676,0
NCFB-005955,0.4869,0.5521,0.0184,0.2598,0.4271,0
NCFB-005956,0.2714,0.1749,0.1081,0.9113,0.0832,0
NCFB-005957,0.1685,0.0201,0.3016,-0.0994,0.305,0
NCFB-005958,0.7717,0.0073,0.2798,1.0614,0.1894,0
NCFB-005959,1.4623,0.1809,0.2432,-1.7148,0.5226,0
NCFB-005960,0.404,0.1424,0.0783,-1.6941,0.1538,0
NCFB-005961,0.7061,0.2964,0.0442,-0.409,0.0387,0
NCFB-005962,0.1793,0.2713,0.4541,0.317,0.3503,0
NCFB-005963,0.0232,0.1016,0.0305,0.0379,0.149,0
NCFB-005964,0.3783,0.1336,0.1505,0.1721,0.987,0
NCFB-005965,0.65,0.1987,0.2122,1.1546,0.1682,0
NCFB-005966,0.0587,0.0339,0.2447,-0.3752,0.0832,0
NCFB-005967,0.0453,0.2543,0.2788,0.9639,0.1481,0
NCFB-005968,0.0357,0.0656,0.0642,0.2307,0.2352,0
NCFB-005969,0.0988,0.1376,0.1026,0.4321,0.0341,0
NCFB-005970,1.0711,0.0469,0.1877,1.1385,0.2222,0
NCFB-005971,0.0293,0.2698,0.1455,-0.8767,0.1147,0
NCFB-005972,0.1196,0.2331,0.0231,-0.6926,0.1593,0
NCFB-005973,1.105,0.0906,0.0505,0.3438,0.1878,0
NCFB-005974,0.0258,0.2148,0.1684,-0.281,0.1746,0
NCFB-005975,0.2863,0.0782,0.0165,-0.1844,0.1219,0
NCFB-005976,0.5431,0.0576,0.0283,0.6014,0.0331,0
NCFB-005977,0.2573,0.1361,0.2597,1.029,0.1245,0
NCFB-005978,0.1078,0.2297,0.0399,-0.4422,0.0031,0
NCFB-005979,0.0067,0.1324,0.1186,0.6073,0.2204,0
NCFB-005980,1.02,0.2878,0.0083,0.5584,0.2204,0
NCFB-005981,0.0966,0.0736,0.041,0.8973,0.2316,0
NCFB-005982,1.2739,0.0692,0.5203,-0.5182,0.112,0
NCFB-005983,0.0085,0.0686,0.1825,1.2632,0.0313,0
NCFB-005984,0.4956,0.2418,0.0624,0.9011,0.0254,0
NCFB-005985,0.2099,0.1552,0.3939,-1.2291,0.0061,0
NCFB-005986,0.4727,0.1871,0.0321,0.3793,0.1142,0
NCFB-005987,0.1644,0.0111,0.2201,0.6016,0.3746,0
NCFB-005988,0.9648,0.2783,0.1902,0.7234,0.585,0
NCFB-005989,0.0161,0.1139,0.1913,-0.6966,0.0493,0
NCFB-005990,0.696,0.1709,0.0588,0.4307,0.1042,0
NCFB-005991,0.0402,0.0591,0.0325,-0.2932,0.059,0
NCFB-005992,0.3089,0.0465,0.1726,-0.0236,0.5121,0
NCFB-005993,0.905,0.1435,0.0736,-0.5274,0.1778,0
NCFB-005994,0.5225,0.0861,0.0607,0.5302,0.1029,0
NCFB-005995,0.1442,0.176,0.0596,-0.4565,0.139,0
NCFB-005996,0.0803,0.18,0.032,-0.6794,0.2192,0
NCFB-005997,0.3662,0.0147,0.0155,0.4598,0.154,0
NCFB-005998,0.0449,0.0427,0.2148,-0.5569,0.0966,0
NCFB-005999,0.2426,0.2084,0.0082,-0.1219,0.0028,0
NCFB-006000,0.171,0.1039,0.1757,0.1446,0.3486,0
NCFB-006001,0.0889,0.056,0.1096,0.1953,0.0087,0
NCFB-006002,1.2152,0.1093,0.1886,0.8939,0.4999,0
NCFB-006003,0.0473,0.1242,0.1464,-0.1992,0.4836,0
NCFB-006004,0.2813,0.0924,0.3036,0.3129,0.5054,0
NCFB-006005,0.0239,0.2718,0.0494,1.3053,0.1752,0
NCFB-006006,4.1776,0.963,1.5437,4.8118,2.1028,1
NCFB-006007,0.1101,0.135,0.0774,-0.6011,0.092,0
NCFB-006008,0.0396,0.1606,0.0583,0.7995,0.2099,0
NCFB-006009,0.0654,0.0118,0.0405,-0.5296,0.0204,0
NCFB-006010,0.2776,0.276,0.1094,-0.5068,0.0084,0
NCFB-006011,0.1936,0.163,0.0659,0.293,0.3948,0
NCFB-006012,2.1155,0.1586,0.2577,1.9685,0.0663,0
NCFB-006013,0.0666,0.1241,0.2268,0.4954,0.5292,0
NCFB-006014,0.0342,0.3231,0.1491,0.2462,0.2916,0
NCFB-006015,0.4931,0.1443,0.0768,0.2146,0.1448,0
NCFB-006016,0.4152,0.0902,0.1392,-0.0918,0.0072,0
NCFB-006017,0.1044,0.1459,0.075,0.42,0.081,0
NCFB-006018,0.5809,0.1935,0.0099,-0.5826,0.0041,0
NCFB-006019,0.1722,0.4816,0.0214,0.5414,0.0547,0
NCFB-006020,0.2387,0.0274,0.2561,0.1305,0.0561,0
NCFB-006021,3.4283,0.8823,1.4893,4.2075,1.7944,1
NCFB-006022,0.1039,0.0688,0.3798,-0.4588,0.0282,0
NCFB-006023,0.2699,0.1168,0.0048,-0.9923,0.2296,0
NCFB-006024,0.2574,0.2791,0.0205,0.5584,0.0047,0
NCFB-006025,1.001,0.1719,0.2141,0.3903,0.6545,0
NCFB-006026,0.0662,0.2971,0.2144,0.8213,0.0009,0
NCFB-006027,0.3262,0.1416,0.1394,-0.5248,0.0128,0
NCFB-006028,0.3979,0.0869,0.2781,0.3739,0.0221,0
NCFB-006029,2.5005,0.6773,1.1612,4.5684,2.1706,1
NCFB-006030,0.963,0.1269,0.0054,1.2887,0.2398,0
NCFB-006031,1.1953,0.1197,0.0807,0.4145,0.0255,0
NCFB-006032,0.1237,0.0238,0.0646,-1.0338,0.1115,0
NCFB-006033,0.3956,0.2424,0.0003,0.3482,0.6391,0
NCFB-006034,1.1669,0.0864,0.0834,0.8871,0.0356,0
NCFB-006035,0.1318,0.1461,0.0613,-0.124,0.1331,0
NCFB-006036,0.1857,0.0324,0.1504,-0.1036,0.0367,0
NCFB-006037,3.4116,0.9462,1.4318,5.5942,1.8661,1
NCFB-006038,0.2924,0.1475,0.1231,-0.584,0.0039,0
NCFB-006039,0.0748,0.1419,0.0916,0.6784,0.0844,0
NCFB-006040,0.3319,0.1418,0.0292,0.1304,0.0815,0
NCFB-006041,0.568,0.1852,0.087,0.1078,0.0336,0
NCFB-006042,1.694,0.0131,0.0838,0.0318,0.0271,0
NCFB-006043,0.0602,0.1437,0.0024,1.3905,0.0978,0
NCFB-006044,0.1175,0.0567,0.0347,0.1276,0.0443,0
NCFB-006045,0.9904,0.0092,0.0134,0.8298,0.5378,0
NCFB-006046,0.1189,0.1128,0.111,-0.2483,0.2778,0
NCFB-006047,0.0759,0.3643,0.205,-0.1209,0.2107,0
NCFB-006048,0.2353,0.1522,0.0798,-0.1926,0.0425,0
NCFB-006049,0.0701,0.1045,0.0909,0.3607,0.0033,0
NCFB-006050,0.2302,0.1929,0.1388,0.5839,0.2627,0
NCFB-006051,0.0245,0.0583,0.1263,0.3674,0.2082,0
NCFB-006052,0.2662,0.0205,0.0063,0.1348,0.0061,0
NCFB-006053,0.0746,0.0992,0.1159,-1.7013,0.0524,0
NCFB-006054,0.4431,0.5397,0.2345,0.094,0.0926,0
NCFB-006055,0.1735,0.1461,0.5909,0.3847,0.2394,0
NCFB-006056,0.0108,0.2822,0.4227,0.4982,0.4518,0
NCFB-006057,0.1464,0.2529,0.0716,-0.0471,0.1611,0
NCFB-006058,0.1599,0.051,0.1785,0.1032,0.0688,0
NCFB-006059,0.0134,0.0682,0.4982,-0.9098,0.012,0
NCFB-006060,0.1114,0.0953,0.0658,0.0635,0.0741,0
NCFB-006061,0.0181,0.0457,0.2764,0.2055,0.324,0
NCFB-006062,0.0647,0.0521,0.0061,0.1569,0.0897,0
NCFB-006063,0.1601,0.0528,0.0328,-0.961,0.1799,0
NCFB-006064,0.061,0.0966,0.1386,0.4994,0.0397,0
NCFB-006065,0.0876,0.1574,0.0336,-0.2834,0.4309,0
NCFB-006066,0.1854,0.0694,0.0774,0.7579,0.0022,0
NCFB-006067,0.0069,0.3541,0.1142,-0.3749,0.0645,0
NCFB-006068,1.8967,0.2806,0.1975,-0.0795,0.119,0
NCFB-006069,0.301,0.4006,0.0014,0.4411,0.2352,0
NCFB-006070,0.2297,0.0308,0.1704,-0.3309,0.0019,0
NCFB-006071,1.0587,0.1504,0.0913,0.2749,0.0783,0
NCFB-006072,1.19,0.1262,0.1462,-0.4679,0.0373,0
NCFB-006073,0.332,0.0844,0.0158,0.4238,0.0215,0
NCFB-006074,0.869,0.1318,0.0499,-0.8147,0.0951,0
NCFB-006075,0.9196,0.2886,0.0695,0.1805,0.0117,0
NCFB-006076,0.1385,0.0415,0.164,-0.1696,0.023,0
NCFB-006077,0.165,0.0934,0.2285,0.7882,0.2214,0
NCFB-006078,0.3513,0.1736,0.1334,0.9032,0.0963,0
NCFB-006079,0.1463,0.2716,0.0505,0.3849,0.1329,0
NCFB-006080,3.3025,0.9241,1.2116,4.3665,1.662,1
NCFB-006081,0.3729,0.0242,0.0107,0.2489,0.0288,0
NCFB-006082,0.0036,0.4849,0.018,0.9493,0.2524,0
NCFB-006083,0.1892,0.062,0.0815,0.2,0.0164,0
NCFB-006084,0.1881,0.2857,0.1744,0.5033,0.2217,0
NCFB-006085,0.428,0.219,0.1161,-0.3847,0.1006,0
NCFB-006086,0.198,0.1475,0.1814,-1.0541,0.0598,0
NCFB-006087,0.8411,0.1114,0.0276,-0.8521,0.0174,0
NCFB-006088,1.0298,0.1006,0.2614,0.4073,0.1181,0
NCFB-006089,1.5086,0.3566,0.104,-0.5239,0.0572,0
NCFB-006090,0.216,0.4544,0.0893,1.2157,0.0105,0
NCFB-006091,0.3233,0.0983,0.1917,0.3262,0.0319,0
NCFB-006092,0.2151,0.0337,0.0745,-0.1486,0.3093,0
NCFB-006093,0.1152,0.3217,0.0675,-0.2611,0.0166,0
NCFB-006094,0.2556,0.122,0.0049,-0.8546,0.1634,0
NCFB-006095,0.7058,-0.1835,1.7701,2.6621,1.8101,1
NCFB-006096,0.24,0.2021,0.1166,-0.1733,0.037,0
NCFB-006097,0.7095,0.2883,0.0272,1.3683,0.2945,0
NCFB-006098,0.3828,0.0692,0.3142,0.3725,0.2326,0
NCFB-006099,0.5886,0.0305,0.0971,-1.1554,0.0319,0
NCFB-006100,0.0999,0.2972,0.0275,0.4749,0.0285,0
NCFB-006101,0.6806,0.08,0.2098,1.443,0.0828,0
NCFB-006102,0.0344,0.0698,0.0959,-0.143,0.5018,0
NCFB-006103,0.4122,0.1048,0.5454,-0.194,0.5534,0
NCFB-006104,0.1364,0.0321,0.293,-0.895,0.0424,0
NCFB-006105,0.0539,0.1743,0.1468,0.3332,0.1857,0
NCFB-006106,0.0283,0.1449,0.2446,-0.2357,0.1107,0
NCFB-006107,0.1337,0.183,0.1266,0.3257,0.0263,0
NCFB-006108,0.2193,0.086,0.0239,-0.6238,0.0094,0
NCFB-006109,0.2773,0.2183,0.0814,-1.202,0.0652,0
NCFB-006110,0.0975,0.0547,0.0924,0.5717,0.0552,0
NCFB-006111,1.0291,0.1393,0.0652,0.0013,0.0264,0
NCFB-006112,0.0726,0.0287,0.0247,0.5095,0.0025,0
NCFB-006113,0.6115,0.1528,0.1104,0.6852,0.1167,0
NCFB-006114,0.0675,0.184,0.1212,0.0819,0.2988,0
NCFB-006115,0.5681,0.2579,0.0203,0.0646,0.1353,0
NCFB-006116,0.1269,0.2518,0.0914,-0.7509,0.1993,0
NCFB-006117,0.2744,0.0383,0.0309,-0.6433,0.4577,0
NCFB-006118,0.0986,0.0557,0.1004,0.661,0.0674,0
NCFB-006119,2.7099,0.7232,1.2743,3.7834,1.6194,1
NCFB-006120,0.0707,0.1658,0.07,0.3926,0.1996,0
NCFB-006121,0.2733,0.2565,0.0667,0.0006,0.1467,0
NCFB-006122,0.063,0.1735,0.4268,-0.6907,0.1181,0
NCFB-006123,0.256,0.2184,0.8661,0.9169,0.03,0
NCFB-006124,0.4461,0.2101,0.0549,-0.5803,0.0903,0
NCFB-006125,0.029,0.0374,0.009,-0.5873,0.1477,0
NCFB-006126,0.0125,0.223,0.1979,1.1131,0.0889,0
NCFB-006127,0.1248,0.1751,0.2408,-0.8035,0.2349,0
NCFB-006128,0.2601,0.1343,0.0521,-0.4,0.0748,0
NCFB-006129,0.255,0.0996,0.0202,-0.5453,0.4965,0
NCFB-006130,0.1124,0.3178,0.5158,0.5507,0.1278,0
NCFB-006131,0.4995,0.0961,0.322,-0.6005,0.2074,0
NCFB-006132,0.3661,0.0346,0.028,-0.4215,0.0838,0
NCFB-006133,0.6166,0.0848,0.3506,0.9388,0.2268,0
NCFB-006134,0.2959,0.3457,0.1203,0.3796,0.0897,0
NCFB-006135,0.114,0.0797,0.1362,0.2312,0.0524,0
NCFB-006136,0.218,0.0697,0.0857,0.6034,0.1108,0
NCFB-006137,0.2474,0.0936,0.1731,0.7773,0.1008,0
NCFB-006138,3.2933,0.8158,0.7488,3.2706,1.9173,1
NCFB-006139,0.0122,0.0156,0.0299,0.2558,0.1456,0
NCFB-006140,0.3301,0.1727,0.051,1.0707,0.3028,0
NCFB-006141,0.2461,0.1898,0.2027,0.1433,0.0328,0
NCFB-006142,0.6758,0.0949,0.0645,0.1118,0.2008,0
NCFB-006143,0.5464,0.4763,0.0718,-2.0969,0.1279,0
NCFB-006144,0.1105,0.1162,0.0353,0.4046,0.1319,0
NCFB-006145,0.2227,0.2364,0.1714,0.3037,0.2105,0
NCFB-006146,0.0208,0.099,0.0573,-1.3824,0.0008,0
NCFB-006147,1.6959,0.1762,0.2063,0.455,0.1034,0
NCFB-006148,0.3641,0.1537,0.2861,0.206,0.2435,0
NCFB-006149,0.1807,0.0624,0.0241,0.4337,0.0985,0
NCFB-006150,0.6761,0.1039,0.6256,-0.8579,0.0546,0
NCFB-006151,0.0811,0.1466,0.1749,0.0902,0.2948,0
NCFB-006152,0.3266,0.1738,0.1593,-1.2961,0.0107,0
NCFB-006153,0.3492,0.1411,0.0726,1.3249,0.0042,0
NCFB-006154,3.4687,0.8416,0.8677,5.8947,1.272,1
NCFB-006155,0.347,0.03,0.0758,-0.3305,0.0126,0
NCFB-006156,0.905,0.1289,0.0966,-0.8853,0.0028,0
NCFB-006157,0.1275,0.0656,0.0321,-0.1054,0.2218,0
NCFB-006158,0.0728,0.1043,0.0693,-1.3564,0.0225,0
NCFB-006159,0.6933,0.1604,0.1647,-1.3974,0.0772,0
NCFB-006160,0.7634,0.3191,0.0736,0.0849,0.1736,0
NCFB-006161,0.0759,0.0634,0.1201,0.2241,0.0186,0
NCFB-006162,0.8368,0.2092,0.1074,0.2029,0.2073,0
NCFB-006163,0.2095,0.0681,0.0606,0.0482,0.2587,0
NCFB-006164,0.788,0.1995,0.1517,0.4982,0.1479,0
NCFB-006165,0.1185,0.0501,0.5095,0.3475,0.0957,0
NCFB-006166,0.494,0.0817,0.0385,0.0972,0.2469,0
NCFB-006167,0.6966,0.1162,0.0351,-0.7113,0.1224,0
NCFB-006168,0.077,0.2239,0.0506,1.2348,0.0519,0
NCFB-006169,0.7784,0.0224,0.0177,-0.5292,0.4084,0
NCFB-006170,0.27,0.145,0.023,-0.2944,0.0403,0
NCFB-006171,0.3546,0.24,0.1468,0.1655,0.0656,0
NCFB-006172,0.115,0.0236,0.0731,-0.7976,0.2099,0
NCFB-006173,0.048,0.2176,0.4739,-0.1229,0.2416,0
NCFB-006174,0.013,0.1434,0.3087,0.0372,0.1486,0
NCFB-006175,0.3215,0.0192,0.0483,0.3909,0.0428,0
NCFB-006176,0.6851,0.1492,0.1237,-0.7015,0.0558,0
NCFB-006177,0.635,0.2162,0.0611,0.0792,0.1173,0
NCFB-006178,0.1858,0.344,0.0958,1.2292,0.3058,0
NCFB-006179,0.2552,0.4701,0.3904,-0.9239,0.0021,0
NCFB-006180,0.4526,0.2614,0.0723,-1.4321,0.04,0
NCFB-006181,0.3557,0.0879,0.1193,-0.9434,0.2414,0
NCFB-006182,0.4338,0.0781,0.154,-1.8075,0.2788,0
NCFB-006183,3.4383,0.7781,1.2009,4.1561,2.2151,1
NCFB-006184,0.1714,0.4285,0.0924,1.1404,0.3016,0
NCFB-006185,0.4481,0.1015,0.1523,0.5319,0.0321,0
NCFB-006186,0.6305,0.133,0.008,0.0869,0.0195,0
NCFB-006187,0.826,0.3807,0.3404,0.7647,0.0127,0
NCFB-006188,3.1274,0.8992,1.2673,5.1094,1.7572,1
NCFB-006189,0.1962,0.0165,0.1932,-0.185,0.0555,0
NCFB-006190,0.2856,0.1459,0.2623,-0.4772,0.0648,0
NCFB-006191,0.3521,0.0194,0.0801,-0.0247,0.0331,0
NCFB-006192,0.1845,0.0996,0.1482,-0.8687,0.2981,0
NCFB-006193,0.5122,0.6404,0.05,-1.4671,0.0126,0
NCFB-006194,0.6446,0.1132,0.1011,-0.2569,0.1283,0
NCFB-006195,0.2409,0.1134,0.0538,0.1446,0.0253,0
NCFB-006196,0.8923,0.0462,0.0086,-0.9496,0.0562,0
NCFB-006197,0.024,0.0036,0.0966,-0.4093,0.0492,0
NCFB-006198,0.0823,0.0659,0.055,-0.08,0.0016,0
NCFB-006199,0.4179,0.2456,0.3494,-1.5767,0.4646,0
NCFB-006200,0.9162,0.0704,0.0279,-0.5719,0.006,0
NCFB-006201,0.569,0.0307,0.0482,0.8994,0.0633,0
NCFB-006202,0.4192,0.1521,0.2343,-0.1806,0.0961,0
NCFB-006203,0.4335,0.4603,0.0098,0.0391,0.1216,0
NCFB-006204,0.0729,0.1683,0.0229,-0.3725,0.506,0
NCFB-006205,0.2441,0.333,0.1869,-0.0941,0.019,0
NCFB-006206,0.5824,0.1404,0.2646,-0.6636,0.1687,0
NCFB-006207,0.4329,0.0907,0.0509,0.2384,0.0601,0
NCFB-006208,0.0217,0.2176,0.0708,-0.5297,0.1218,0
NCFB-006209,0.5807,0.1079,0.0854,1.4838,0.0035,0
NCFB-006210,1.6764,0.174,0.0146,0.4001,0.0875,0
NCFB-006211,0.2329,0.1698,0.0249,-1.4003,0.1011,0
NCFB-006212,0.2619,0.0107,0.2152,0.5357,0.1515,0
NCFB-006213,0.6511,0.0657,0.3075,0.848,0.0713,0
NCFB-006214,0.4803,0.0892,0.0607,0.2947,0.1357,0
NCFB-006215,0.5158,0.0229,0.002,-1.3908,0.0362,0
NCFB-006216,0.0438,0.0964,0.393,0.2453,0.2805,0
NCFB-006217,1.0614,0.2619,0.1398,0.3896,0.0882,0
NCFB-006218,0.1971,0.244,0.0135,-0.2549,0.165,0
NCFB-006219,0.4321,0.0183,0.0226,0.3942,0.1441,0
NCFB-006220,0.2532,0.1633,0.242,-0.7444,0.1944,0
NCFB-006221,0.1045,0.1029,0.0284,-0.683,0.0394,0
NCFB-006222,0.5551,0.0866,0.0167,-0.6075,0.1847,0
NCFB-006223,0.0139,0.1617,0.1164,-0.7353,0.0048,0
NCFB-006224,0.1264,0.3544,0.1888,0.4136,0.0931,0
NCFB-006225,0.0045,0.2145,0.1048,-0.1644,0.0292,0
NCFB-006226,0.3326,0.2951,0.0594,-0.4646,0.1012,0
NCFB-006227,0.0729,0.0371,0.2093,-0.0738,0.0132,0
NCFB-006228,0.8987,0.1536,0.2905,-1.3618,0.0903,0
NCFB-006229,0.1205,0.0235,0.0972,-0.1022,0.0891,0
NCFB-006230,0.1168,0.2222,0.0842,0.1336,0.0304,0
NCFB-006231,3.9009,0.9493,1.4133,5.0733,2.1543,1
NCFB-006232,0.387,0.1138,0.0997,-0.8262,0.1333,0
NCFB-006233,0.0616,0.2551,0.0228,-0.5546,0.0856,0
NCFB-006234,0.2529,0.2569,0.0037,-0.7201,0.2975,0
NCFB-006235,0.0687,0.0433,0.0179,-0.3443,0.037,0
NCFB-006236,0.0597,0.0294,0.0132,0.4377,0.1365,0
NCFB-006237,0.1775,0.2201,0.1692,1.8612,0.2948,0
NCFB-006238,0.6718,0.0372,0.0828,-0.1435,0.0601,0
NCFB-006239,0.0292,0.1131,0.0204,-0.4986,0.466,0
NCFB-006240,0.0369,0.0581,0.0167,-0.4606,0.0443,0
NCFB-006241,0.0483,0.1584,0.089,0.0192,0.1375,0
NCFB-006242,0.1613,0.0483,0.2411,0.3315,0.1264,0
NCFB-006243,0.0111,0.4479,0.1424,0.5448,0.0078,0
NCFB-006244,0.1842,0.0955,0.0101,-0.3605,0.3005,0
NCFB-006245,0.0493,0.0849,0.0724,0.4518,0.1263,0
NCFB-006246,0.476,0.0425,0.2261,0.1447,0.0227,0
NCFB-006247,0.5506,0.0725,0.0353,0.2059,0.0286,0
NCFB-006248,0.1348,0.1967,0.5881,0.7395,0.0453,0
NCFB-006249,0.5623,0.082,0.0371,-1.2853,0.0799,0
NCFB-006250,0.0666,0.0775,0.0636,-0.5454,0.0302,0
NCFB-006251,0.3662,0.082,0.0631,-0.6373,0.1186,0
NCFB-006252,0.0744,0.0779,0.0487,-1.5095,0.0245,0
NCFB-006253,0.0178,0.0978,0.0389,0.7197,0.2155,0
NCFB-006254,0.0777,0.1897,0.226,-0.2215,0.0923,0
NCFB-006255,0.0022,0.0788,0.1236,1.2374,0.0473,0
NCFB-006256,0.4098,0.264,0.2585,-0.1833,0.071,0
NCFB-006257,0.3247,0.2663,0.1014,-1.0163,0.0079,0
NCFB-006258,0.3601,0.1219,0.0162,0.5094,0.1475,0
NCFB-006259,0.305,0.1197,0.0553,0.1446,0.1848,0
NCFB-006260,0.34,0.08,0.13,0.0741,0.1756,0
NCFB-006261,2.2687,2.414,2.2699,3.0981,2.3802,0
NCFB-006262,0.2695,0.2971,0.0379,-0.9687,0.0836,0
NCFB-006263,0.41,0.0387,0.3607,-0.0008,0.0335,0
NCFB-006264,0.1884,0.1701,0.1276,-0.5387,0.1741,0
NCFB-006265,0.2174,0.131,0.1677,-0.7082,0.0918,0
NCFB-006266,0.0003,0.0834,0.0097,-0.0156,0.0035,0
NCFB-006267,0.182,0.1699,0.0732,0.6089,0.1179,0
NCFB-006268,0.9719,0.4716,0.0293,0.3505,0.0807,0
NCFB-006269,0.0788,0.2908,0.0651,0.4562,0.0295,0
NCFB-006270,0.3496,0.2109,0.0461,0.8561,0.0536,0
NCFB-006271,0.4481,0.2323,0.2436,-0.713,0.1499,0
NCFB-006272,0.0436,0.2706,0.0536,-0.3761,0.1127,0
NCFB-006273,0.0347,0.0822,0.1236,0.8553,0.0113,0
NCFB-006274,0.8611,0.1592,0.0853,-1.7219,0.0217,0
NCFB-006275,0.3716,0.1027,0.0848,0.7409,0.1936,0
NCFB-006276,0.0571,0.0444,0.0254,-0.8706,0.2698,0
NCFB-006277,0.144,0.2839,0.4102,-0.4374,0.1395,0
NCFB-006278,0.1676,0.0829,0.0573,0.0645,0.0857,0
NCFB-006279,0.4586,0.524,0.2479,-0.1131,0.0807,0
NCFB-006280,0.3793,0.1487,0.0971,-1.0627,0.1321,0
NCFB-006281,0.0186,0.1752,0.0304,-1.0088,0.0282,0
NCFB-006282,0.5074,0.1162,0.2465,0.0578,0.1821,0
NCFB-006283,0.3781,0.0973,0.0417,-0.4604,0.0086,0
NCFB-006284,0.109,0.0427,0.3221,0.5328,0.0923,0
NCFB-006285,0.1914,0.2425,0.0373,0.1376,0.1609,0
NCFB-006286,0.026,0.0832,0.2881,1.0652,0.215,0
NCFB-006287,0.3524,0.125,0.0289,0.965,0.0082,0
NCFB-006288,3.4473,0.9469,1.0094,4.2082,2.1001,1
NCFB-006289,0.0999,0.1512,0.0132,-0.2309,0.1756,0
NCFB-006290,0.0121,0.5098,0.2047,-0.1638,0.0512,0
NCFB-006291,0.0706,0.1918,0.1515,0.818,0.1805,0
NCFB-006292,0.3632,0.1239,0.0698,0.6596,0.1282,0
NCFB-006293,0.0244,0.4457,0.3781,-0.7894,0.0921,0
NCFB-006294,0.5391,0.0007,0.2965,0.363,0.0039,0
NCFB-006295,0.0699,0.1192,0.2807,-1.3564,0.0088,0
NCFB-006296,0.0626,0.0567,0.0403,0.1025,0.0891,0
NCFB-006297,0.3503,0.0805,0.1702,-0.2021,0.0665,0
NCFB-006298,0.682,0.0113,0.1265,0.0832,0.578,0
NCFB-006299,0.2293,0.1158,0.2185,-0.3515,0.009,0
NCFB-006300,0.6381,0.0452,0.16,-0.0037,0.0384,0
NCFB-006301,0.011,0.0732,0.0904,0.7295,0.018,0
NCFB-006302,0.0312,0.1465,0.1034,-0.7767,0.1388,0
NCFB-006303,0.4397,0.0157,0.1802,0.2225,0.1433,0
NCFB-006304,0.6775,0.0744,0.1493,-0.3315,0.0241,0
NCFB-006305,0.1478,0.1974,0.0279,-0.5964,0.3875,0
NCFB-006306,0.2526,0.2105,0.0856,-1.1662,0.0074,0
NCFB-006307,0.2345,0.2336,0.0331,0.1517,0.5724,0
NCFB-006308,0.3395,0.1668,0.0189,2.5917,0.1407,0
NCFB-006309,0.1308,0.1237,0.0308,-0.1484,0.0017,0
NCFB-006310,0.4106,0.0586,0.0683,-0.379,0.0128,0
NCFB-006311,1.4854,0.0983,0.292,0.9998,0.0375,0
NCFB-006312,0.2216,0.0556,0.3389,1.4639,0.0957,0
NCFB-006313,0.387,0.2398,0.0005,0.6013,0.3036,0
NCFB-006314,0.2121,0.0417,0.3044,-0.4686,0.0039,0
NCFB-006315,0.0917,0.0111,0.1768,-0.5621,0.1516,0
NCFB-006316,0.0949,0.0446,0.0969,0.1116,0.01,0
NCFB-006317,0.4423,0.1921,0.052,-0.6023,0.1733,0
NCFB-006318,0.3141,0.0423,0.1302,1.0639,0.172,0
NCFB-006319,0.134,0.0491,0.0725,1.1866,0.0373,0
NCFB-006320,0.5665,0.1461,0.063,-1.0682,0.0252,0
NCFB-006321,0.0562,0.2488,0.0438,-0.5629,0.0701,0
NCFB-006322,0.5694,0.0499,0.0372,-0.282,0.7888,0
NCFB-006323,0.2374,0.1115,0.0213,-0.0837,0.3232,0
NCFB-006324,0.7808,0.1175,0.257,-0.4058,0.0774,0
NCFB-006325,0.6026,0.1819,0.0055,0.1017,0.0498,0
NCFB-006326,0.0025,0.3284,0.0488,0.524,0.1151,0
NCFB-006327,2.9412,0.9608,0.9849,4.726,1.9041,1
NCFB-006328,0.3412,0.2468,0.1598,-0.7946,0.566,0
NCFB-006329,0.0729,0.0129,0.0359,0.1979,0.2581,0
NCFB-006330,0.0041,0.12,0.021,0.8557,0.0133,0
NCFB-006331,0.0545,0.1975,0.0266,-0.5283,0.0153,0
NCFB-006332,0.1183,0.0379,0.0743,-0.9944,0.1397,0
NCFB-006333,0.0851,0.2064,0.0351,-0.5137,0.0136,0
NCFB-006334,0.1417,0.029,0.1181,0.3245,0.1996,0
NCFB-006335,0.2469,0.0492,0.0391,1.1974,0.044,0
NCFB-006336,0.2337,0.2098,0.0477,1.0576,0.0023,0
NCFB-006337,0.241,0.1391,0.048,0.0484,0.0773,0
NCFB-006338,0.6949,0.1326,0.2374,-0.45,0.0522,0
NCFB-006339,0.0268,0.2376,0.7201,0.5392,0.0042,0
NCFB-006340,0.1698,0.0783,0.2193,-0.7495,0.0583,0
NCFB-006341,0.237,0.075,0.0152,0.5047,0.2483,0
NCFB-006342,0.8515,0.0193,0.381,0.5579,0.0677,0
NCFB-006343,0.1623,0.0522,0.1558,1.3086,0.0029,0
NCFB-006344,0.1507,0.2317,0.1852,0.7814,0.1529,0
NCFB-006345,0.4827,0.1907,0.2491,-0.429,0.0473,0
NCFB-006346,1.0301,0.0985,0.1218,0.5309,0.2768,0
NCFB-006347,0.4408,0.1948,0.0431,-0.1925,0.2739,0
NCFB-006348,0.1975,0.291,0.0756,-0.8673,0.0888,0
NCFB-006349,0.69,0.0625,0.1416,-0.5347,0.0831,0
NCFB-006350,0.433,0.1723,0.098,0.593,0.0224,0
NCFB-006351,0.2373,0.0646,0.0903,0.7433,0.2934,0
NCFB-006352,0.4225,0.3364,0.2827,-0.4909,0.1814,0
NCFB-006353,3.4975,0.7457,1.1256,5.1024,1.5852,1
NCFB-006354,0.126,0.1986,0.0045,-0.0627,0.2863,0
NCFB-006355,0.9292,0.1341,0.035,0.5399,0.1217,0
NCFB-006356,0.6431,0.3368,0.001,-0.2054,0.0957,0
NCFB-006357,0.647,0.3532,0.0827,0.8956,0.0747,0
NCFB-006358,0.3808,0.3014,0.0664,0.1713,0.4515,0
NCFB-006359,0.0144,0.2211,0.0476,-0.2713,0.2193,0
NCFB-006360,0.2252,0.3771,0.028,0.886,0.2046,0
NCFB-006361,0.1479,0.3638,0.0151,0.4014,0.4301,0
NCFB-006362,0.1658,0.1286,0.0937,-0.2653,0.1305,0
NCFB-006363,0.464,0.1005,0.1538,-0.4015,0.2719,0
NCFB-006364,1.109,0.2714,0.1931,-0.4482,0.0152,0
NCFB-006365,0.3946,0.2896,0.0076,-1.0254,0.0072,0
NCFB-006366,0.194,0.415,0.094,0.0848,0.0135,0
NCFB-006367,0.2306,0.0559,0.1296,-1.205,0.0319,0
NCFB-006368,0.4175,0.1928,0.1455,-0.914,0.0921,0
NCFB-006369,0.0336,0.068,0.0321,0.1808,0.0348,0
NCFB-006370,0.1377,0.0326,0.0444,0.0195,0.0313,0
NCFB-006371,0.5071,0.0453,0.0081,0.488,0.0813,0
NCFB-006372,0.2905,0.1371,0.3713,-0.4389,0.0684,0
NCFB-006373,0.1178,0.1945,0.019,-0.2887,0.0636,0
NCFB-006374,0.1509,0.2554,0.3017,0.4113,0.2107,0
NCFB-006375,2.9371,0.9345,1.4374,5.0073,1.6264,1
NCFB-006376,0.7533,0.0609,0.3467,0.1989,0.1003,0
NCFB-006377,0.7858,0.1038,0.0126,0.7915,0.0158,0
NCFB-006378,0.2217,0.2618,0.3491,0.7366,0.0763,0
NCFB-006379,0.2093,0.1048,0.0756,0.6255,0.0225,0
NCFB-006380,0.6977,0.2417,0.226,-0.8462,0.1552,0
NCFB-006381,0.2208,0.4863,0.033,0.7698,0.1527,0
NCFB-006382,0.0642,0.3754,0.1386,0.5859,0.1285,0
NCFB-006383,0.7726,0.13,0.2144,-1.6523,0.0117,0
NCFB-006384,0.0655,0.0961,0.0933,-0.1485,0.0045,0
NCFB-006385,0.2371,0.2198,0.1997,0.3147,0.0031,0
NCFB-006386,0.0087,0.0275,0.0673,1.079,0.0876,0
NCFB-006387,0.3812,0.0183,0.148,-1.8984,0.1234,0
NCFB-006388,0.0935,0.3323,0.0475,0.123,0.2769,0
NCFB-006389,0.2604,0.1315,0.1131,-0.0188,0.0388,0
NCFB-006390,0.5992,0.2069,0.0915,-0.7449,0.0176,0
NCFB-006391,0.2555,0.0283,0.1101,-0.0557,0.0438,0
NCFB-006392,0.1526,0.4144,0.123,-0.5472,0.307,0
NCFB-006393,0.0358,0.2578,0.0273,0.4282,0.0882,0
NCFB-006394,0.4383,0.1648,0.0534,-0.585,0.1504,0
NCFB-006395,1.0003,0.0799,0.0675,-1.3581,0.1593,0
NCFB-006396,0.1448,0.0899,0.0432,-0.7887,0.0093,0
NCFB-006397,0.1225,0.1368,0.0674,-0.2085,0.0371,0
NCFB-006398,0.3779,0.0402,0.1219,0.1302,0.0556,0
NCFB-006399,0.1464,0.504,0.0171,-0.5917,0.2313,0
NCFB-006400,0.9703,0.1355,0.087,0.6335,0.1669,0
NCFB-006401,0.7241,0.0037,0.0631,-0.5942,0.4865,0
NCFB-006402,0.1754,0.271,0.162,0.0362,0.1526,0
NCFB-006403,0.0052,0.1654,0.0371,0.9879,0.0211,0
NCFB-006404,0.0332,0.2767,0.0918,-0.0865,0.011,0
NCFB-006405,0.0258,0.1556,0.1266,-0.1111,0.1809,0
NCFB-006406,0.041,0.2142,0.079,0.4734,0.1358,0
NCFB-006407,0.8382,0.164,0.062,-0.9406,0.4374,0
NCFB-006408,0.0295,0.0263,0.2971,0.3657,0.1879,0
NCFB-006409,0.1801,0.0561,0.1467,-0.01,0.492,0
NCFB-006410,0.0141,0.3077,0.0307,0.7012,0.2898,0
NCFB-006411,0.5419,0.0831,0.048,0.7293,0.5919,0
NCFB-006412,1.8252,0.198,0.0144,0.8209,0.2236,0
NCFB-006413,0.2344,0.1657,0.0441,0.3206,0.045,0
NCFB-006414,0.9749,0.0706,0.2097,-0.0878,0.1338,0
NCFB-006415,0.0722,0.1434,0.1519,0.2532,0.1349,0
NCFB-006416,0.0561,0.2381,0.0309,0.3361,0.048,0
NCFB-006417,0.1116,0.1062,0.0909,0.1871,0.4464,0
NCFB-006418,3.4131,0.9708,1.1875,5.0416,1.5458,1
NCFB-006419,0.4499,0.3312,0.2668,0.2368,0.1814,0
NCFB-006420,3.4109,0.9477,1.7794,3.8722,2.14,1
NCFB-006421,0.4191,0.1989,0.3265,0.2074,0.0777,0
NCFB-006422,0.1153,0.272,0.2472,0.4393,0.24,0
NCFB-006423,0.6026,0.0156,0.3074,-0.0319,0.3116,0
NCFB-006424,0.0289,0.1393,0.1041,-0.4878,0.2677,0
NCFB-006425,0.4788,0.1956,0.1937,-1.0171,0.1099,0
NCFB-006426,0.6675,0.2177,0.0671,-0.2994,0.2325,0
NCFB-006427,0.19,0.0383,0.3449,0.3932,0.1379,0
NCFB-006428,0.6395,0.0635,0.2068,-0.5126,0.1097,0
NCFB-006429,0.3165,0.3246,0.0241,-0.0756,0.1552,0
NCFB-006430,0.0286,0.1048,0.2805,0.5626,0.0049,0
NCFB-006431,0.3283,0.026,0.0207,0.878,0.1548,0
NCFB-006432,0.0875,0.1348,0.4621,0.842,0.2011,0
NCFB-006433,0.014,0.1116,0.2071,0.441,0.0303,0
NCFB-006434,0.4062,0.2663,0.1754,0.4062,0.007,0
NCFB-006435,0.3807,0.0488,0.2686,1.7261,0.0401,0
NCFB-006436,0.6992,0.1208,0.0969,0.0512,0.0774,0
NCFB-006437,3.4136,0.9747,0.978,5.6481,1.6946,1
NCFB-006438,0.1238,0.0158,0.256,-1.1607,0.0004,0
NCFB-006439,0.2139,0.156,0.2452,0.1144,0.0823,0
NCFB-006440,0.206,0.0364,0.3103,-0.1317,0.0975,0
NCFB-006441,0.7428,0.3301,0.0253,0.6423,0.0349,0
NCFB-006442,0.2579,0.1298,0.0915,-0.618,0.1468,0
NCFB-006443,0.008,0.114,0.0004,-1.0641,0.0546,0
NCFB-006444,0.3763,0.0358,0.2681,0.3683,0.0503,0
NCFB-006445,0.0833,0.0613,0.006,-0.7443,0.3013,0
NCFB-006446,0.3847,0.3805,0.0961,0.7427,0.0702,0
NCFB-006447,0.2259,0.4071,0.0915,-0.7039,0.1381,0
NCFB-006448,0.2048,0.0718,0.0901,-1.2115,0.2143,0
NCFB-006449,0.3534,0.3443,0.0412,1.7659,0.0889,0
NCFB-006450,0.2354,0.1319,0.1368,0.523,0.0582,0
NCFB-006451,0.0143,0.1363,0.0327,-0.8418,0.2241,0
NCFB-006452,2.8271,0.7086,1.3027,3.5792,1.6467,1
NCFB-006453,0.0224,0.169,0.1426,0.2482,0.0915,0
NCFB-006454,0.0899,0.095,0.0794,-0.4095,0.1465,0
NCFB-006455,0.0142,0.0516,0.0763,0.1786,0.002,0
NCFB-006456,0.0743,0.1356,0.0465,1.8426,0.0166,0
NCFB-006457,0.4109,0.3045,0.0845,-0.4224,0.0207,0
NCFB-006458,0.3042,0.4411,0.1578,0.2023,0.0564,0
NCFB-006459,0.4231,0.0963,0.4017,1.105,0.0291,0
NCFB-006460,0.1321,0.1288,0.4722,0.835,0.4422,0
NCFB-006461,0.0057,0.033,0.157,-1.7308,0.043,0
NCFB-006462,0.1695,0.0604,0.3199,0.0682,0.0355,0
NCFB-006463,0.0791,0.1162,0.005,-0.3673,0.3128,0
NCFB-006464,0.0994,0.3452,0.0424,-0.7882,0.2263,0
NCFB-006465,0.1306,0.1209,0.544,-0.132,0.0531,0
NCFB-006466,1.1321,0.1362,0.0571,-0.7653,0.027,0
NCFB-006467,0.4657,0.2081,0.0447,0.2803,0.1593,0
NCFB-006468,0.469,0.0444,0.1691,-0.3415,0.095,0
NCFB-006469,0.3764,0.122,0.0595,0.6049,0.017,0
NCFB-006470,0.7037,0.3137,0.2314,-0.3701,0.1816,0
NCFB-006471,0.2677,0.1194,0.2427,-0.4941,0.1193,0
NCFB-006472,3.3807,0.6545,1.2653,4.4727,1.5679,1
NCFB-006473,0.5297,0.0206,0.2515,0.3063,0.0164,0
NCFB-006474,1.963,0.2442,0.0179,0.2545,0.1313,0
NCFB-006475,0.0327,0.0865,0.14,0.4013,0.0888,0
NCFB-006476,0.3137,0.0656,0.0681,0.8568,0.0584,0
NCFB-006477,0.1752,0.0255,0.1802,0.3192,0.1134,0
NCFB-006478,0.0915,0.0688,0.0897,-1.0417,0.0639,0
NCFB-006479,0.1564,0.1545,0.0168,0.2276,0.2002,0
NCFB-006480,0.3356,0.2394,0.1475,-0.237,0.9643,0
NCFB-006481,0.1374,0.0169,0.0769,0.0142,0.0361,0
NCFB-006482,0.2159,0.0733,0.0245,0.5019,0.143,0
NCFB-006483,0.7433,0.1573,0.0728,-0.2671,0.101,0
NCFB-006484,0.0967,0.3187,0.0257,0.2242,0.0694,0
NCFB-006485,0.1142,0.2742,0.0707,-0.3471,0.0124,0
NCFB-006486,0.2184,0.2448,0.0628,-0.083,0.5972,0
NCFB-006487,0.3389,0.1374,0.3143,1.119,0.202,0
NCFB-006488,0.7453,0.09,0.5175,-0.2702,0.1617,0
NCFB-006489,0.3943,0.3899,0.1121,-0.4718,0.0764,0
NCFB-006490,0.0382,0.0993,0.1779,-0.0677,0.0539,0
NCFB-006491,0.2844,0.0622,0.4412,-0.0586,0.1999,0
NCFB-006492,0.4243,0.1721,0.0289,0.3096,0.2023,0
NCFB-006493,0.2531,0.2911,0.013,0.9479,0.0995,0
NCFB-006494,0.5611,0.1457,0.0218,-0.2966,0.0789,0
NCFB-006495,0.9435,0.058,0.2056,0.0144,0.2389,0
NCFB-006496,0.3434,0.1031,0.1465,-0.2544,0.2236,0
NCFB-006497,0.0912,0.1014,0.0624,1.2898,0.5434,0
NCFB-006498,0.0349,0.0619,0.0346,-0.0014,0.1265,0
NCFB-006499,2.5311,2.347,2.3199,2.7739,2.222,0
NCFB-006500,0.5697,0.0474,0.0245,-1.652,0.1248,0
NCFB-006501,0.2524,0.1613,0.2069,0.044,0.0144,0
NCFB-006502,3.4488,0.7981,1.2706,3.5048,2.0852,1
NCFB-006503,0.0964,0.1216,0.0804,0.2242,0.0374,0
NCFB-006504,3.52,0.8226,0.7678,4.4289,1.7539,1
NCFB-006505,0.3861,0.2519,0.0376,0.2092,0.1304,0
NCFB-006506,0.1858,0.0998,0.2592,0.3188,0.0621,0
NCFB-006507,0.7348,0.0842,0.1387,0.4613,0.0386,0
NCFB-006508,0.4346,0.0924,0.0089,-0.6153,0.0145,0
NCFB-006509,0.815,0.169,0.2301,-0.0961,0.2845,0
NCFB-006510,0.5804,0.2214,0.1186,0.1969,0.0873,0
NCFB-006511,0.2224,0.055,0.0377,-0.9209,0.061,0
NCFB-006512,0.4737,0.2119,0.4376,-0.8852,0.1293,0
NCFB-006513,1.4905,0.1774,0.2428,-0.8765,0.2791,0
NCFB-006514,0.4113,0.0385,0.3662,0.9881,0.037,0
NCFB-006515,0.2817,0.1519,0.0443,0.6549,0.0458,0
NCFB-006516,0.0239,0.2824,0.1445,-0.5955,0.3096,0
NCFB-006517,0.2914,0.1158,0.1925,-0.6274,0.1089,0
NCFB-006518,0.1482,0.16,0.2746,-0.2261,0.1759,0
NCFB-006519,0.4156,0.0514,0.2655,0.0899,0.0715,0
NCFB-006520,0.0733,0.1151,0.1439,0.2039,0.0352,0
NCFB-006521,0.2266,0.2667,0.1879,-0.3521,0.1682,0
NCFB-006522,1.0632,0.245,0.0798,-0.2786,0.04,0
NCFB-006523,0.0939,0.37,0.104,-0.498,0.0818,0
NCFB-006524,0.6318,0.3086,0.1268,-0.3382,0.191,0
NCFB-006525,0.0149,0.0323,0.0342,0.2823,0.9687,0
NCFB-006526,0.5027,0.1227,0.1993,0.1317,0.182,0
NCFB-006527,0.2316,0.2336,0.0519,1.4204,0.0386,0
NCFB-006528,0.3102,0.1688,0.0324,-0.6368,0.0662,0
NCFB-006529,0.3044,0.3211,0.0502,-0.0291,0.0376,0
NCFB-006530,1.0228,0.3885,0.197,0.3531,0.0983,0
NCFB-006531,0.6151,0.133,0.1573,0.0064,0.0087,0
NCFB-006532,0.1156,0.1062,0.0446,0.3793,0.0253,0
NCFB-006533,0.3059,0.0601,0.1061,-0.0176,0.1014,0
NCFB-006534,0.1722,0.1568,0.04,-0.2943,0.0401,0
NCFB-006535,0.6989,0.0897,0.0191,1.3324,0.0088,0
NCFB-006536,0.0479,0.0629,0.0044,-0.216,0.4024,0
NCFB-006537,1.1231,0.0134,0.1479,-0.7323,0.239,0
NCFB-006538,0.0818,0.1971,0.0964,0.0964,0.2909,0
NCFB-006539,0.2296,0.1492,0.1354,-0.3517,0.0306,0
NCFB-006540,0.4686,0.0532,0.0878,0.8448,0.3546,0
NCFB-006541,0.647,0.1434,0.4055,0.4854,0.1682,0
NCFB-006542,0.6768,0.2166,0.02,0.5836,0.0232,0
NCFB-006543,0.7318,0.1719,0.001,0.4543,0.5112,0
NCFB-006544,0.3092,0.0286,0.2814,0.9928,0.0908,0
NCFB-006545,3.5168,0.8772,1.3179,4.7115,1.4553,1
NCFB-006546,0.1853,0.1355,0.1883,-0.1393,0.125,0
NCFB-006547,0.0514,0.0208,0.0812,-0.8309,0.0566,0
NCFB-006548,3.137,0.817,1.1374,4.5451,1.4363,1
NCFB-006549,0.536,0.1606,0.1032,0.3556,0.198,0
NCFB-006550,0.1465,0.0166,0.3198,0.3721,0.0216,0
NCFB-006551,0.1472,0.1597,0.0005,0.142,0.0833,0
NCFB-006552,0.2545,0.0646,0.0104,1.1057,0.0942,0
NCFB-006553,0.1197,0.1181,0.0022,-0.3263,0.1136,0
NCFB-006554,0.0325,0.3369,0.0428,-0.1251,0.5204,0
NCFB-006555,0.0913,0.5276,0.0146,0.4167,0.0763,0
NCFB-006556,0.225,0.2456,0.0832,-0.8332,0.1725,0
NCFB-006557,0.1607,0.1291,0.0018,0.3926,0.0671,0
NCFB-006558,2.9055,0.9613,0.8457,3.4563,1.643,1
NCFB-006559,0.1582,0.0375,0.0513,0.767,0.0919,0
NCFB-006560,0.1316,0.1704,0.0438,0.2092,0.0419,0
NCFB-006561,3.5716,0.7611,1.5305,4.3867,2.0568,1
NCFB-006562,0.3232,0.1037,0.0088,-0.2293,0.0221,0
NCFB-006563,0.8162,0.0664,0.1315,-0.2634,0.2495,0
NCFB-006564,0.5269,0.1072,0.446,-0.5055,0.0235,0
NCFB-006565,0.8472,0.1103,0.0511,0.2638,0.1993,0
NCFB-006566,1.0323,0.2458,0.0294,-0.4629,0.4557,0
NCFB-006567,3.637,0.9219,1.2735,3.8433,1.7406,1
NCFB-006568,0.1768,0.1468,0.4186,1.1753,0.2335,0
NCFB-006569,1.5072,0.0427,0.1919,0.5825,0.0199,0
NCFB-006570,0.3405,0.3036,0.0114,-0.2283,0.0585,0
NCFB-006571,0.1266,0.229,0.21,-0.0712,0.3972,0
NCFB-006572,0.3102,0.0131,0.1277,0.9936,0.1851,0
NCFB-006573,0.0129,0.0306,0.3534,-1.0668,0.1308,0
NCFB-006574,0.181,0.1866,0.0339,0.7275,0.0911,0
NCFB-006575,0.4972,0.1195,0.075,0.4944,0.0768,0
NCFB-006576,0.0908,0.0063,0.1578,0.4545,0.0039,0
NCFB-006577,0.0155,0.0675,0.2128,1.035,0.0534,0
NCFB-006578,0.3063,0.2358,0.0776,0.6347,0.0114,0
NCFB-006579,0.1838,0.026,0.2124,-0.2496,0.1719,0
NCFB-006580,0.2024,0.0279,0.2168,-0.1697,0.2235,0
NCFB-006581,0.6691,0.2691,0.0147,-0.2717,0.0608,0
NCFB-006582,0.3057,0.3091,0.1103,0.07,0.0698,0
NCFB-006583,0.0956,0.2212,0.0295,-0.4048,0.0169,0
NCFB-006584,0.334,0.1244,0.0094,-0.5334,0.1621,0
NCFB-006585,0.2153,0.2201,0.1325,0.2532,0.0424,0
NCFB-006586,0.2699,0.3375,0.1148,-0.9129,0.0312,0
NCFB-006587,0.4274,0.3459,0.0056,0.3536,0.0125,0
NCFB-006588,0.0711,0.0283,0.3318,0.292,0.0375,0
NCFB-006589,0.2986,0.1321,0.0343,-0.2638,0.1198,0
NCFB-006590,0.3037,0.0609,0.0192,0.8736,0.0122,0
NCFB-006591,1.0221,0.2613,0.0504,0.3238,0.9596,0
NCFB-006592,0.1384,0.0487,0.0446,2.7872,0.0364,0
NCFB-006593,0.0017,0.0491,0.219,0.5041,0.1332,0
NCFB-006594,0.0758,0.185,0.2385,-0.885,0.205,0
NCFB-006595,0.2811,0.2247,0.1888,1.4033,0.2433,0
NCFB-006596,3.2116,0.9409,1.3449,4.0332,2.1078,1
NCFB-006597,0.2078,0.0794,0.1829,0.3956,0.085,0
NCFB-006598,0.0083,0.2449,0.0564,-0.6965,0.1596,0
NCFB-006599,0.1625,0.0018,0.1693,-0.1976,0.1132,0
NCFB-006600,0.1647,0.061,0.0208,-0.5913,0.0055,0
NCFB-006601,1.7163,0.0673,0.0452,0.187,0.0916,0
NCFB-006602,0.2018,0.1524,0.0458,-0.9849,0.5232,0
NCFB-006603,0.229,0.0294,0.1378,1.2317,0.1673,0
NCFB-006604,0.1942,0.5605,0.0724,0.1949,0.0139,0
NCFB-006605,2.9355,0.9546,1.089,3.7257,1.759,1
NCFB-006606,1.0061,0.2349,0.045,-0.9542,0.0411,0
NCFB-006607,0.1812,0.18,0.1463,0.7735,0.2354,0
NCFB-006608,0.4607,0.034,0.1761,0.0881,0.1836,0
NCFB-006609,0.4234,0.1284,0.0076,0.1758,0.0649,0
NCFB-006610,0.0783,0.2606,0.0229,-1.161,0.0954,0
NCFB-006611,0.5588,0.0497,0.0338,0.3124,0.0457,0
NCFB-006612,0.2884,0.1809,0.2386,0.3734,0.1815,0
NCFB-006613,0.0384,0.0505,0.198,-0.2024,0.2118,0
NCFB-006614,3.0618,0.7021,1.3131,4.2956,1.1884,1
NCFB-006615,0.0243,0.3254,0.1827,0.3705,0.0763,0
NCFB-006616,0.2316,0.0077,0.0566,0.3363,0.0687,0
NCFB-006617,0.3085,0.1047,0.0631,-0.4663,0.026,0
NCFB-006618,0.3597,0.1177,0.2749,0.7719,0.0923,0
NCFB-006619,1.1372,0.0775,0.1306,-0.5191,0.1513,0
NCFB-006620,0.0071,0.1995,0.2411,-0.3891,0.3456,0
NCFB-006621,0.2461,0.3325,0.089,-0.9311,0.1136,0
NCFB-006622,0.8412,0.1579,0.1712,0.5425,0.3823,0
NCFB-006623,0.1189,0.2654,0.1235,-0.6028,0.1431,0
NCFB-006624,0.2967,0.2282,0.0506,-1.5365,0.0238,0
NCFB-006625,0.0378,0.1588,0.1793,0.0158,0.0954,0
NCFB-006626,0.4568,0.2231,0.311,0.7745,0.2571,0
NCFB-006627,0.028,0.3284,0.1095,-0.7614,0.1908,0
NCFB-006628,0.2744,0.3613,0.516,-0.7618,0.054,0
NCFB-006629,0.0384,0.4017,0.0686,-0.5327,0.0355,0
NCFB-006630,0.3795,0.0808,0.0302,-0.142,0.2603,0
NCFB-006631,0.1141,0.1283,0.199,1.7166,0.1106,0
NCFB-006632,0.1197,0.0147,0.0432,0.1614,0.0835,0
NCFB-006633,0.6952,0.111,0.0869,0.4988,0.1478,0
NCFB-006634,0.3859,0.1006,0.2784,0.9424,0.3223,0
NCFB-006635,0.5172,0.3152,0.279,1.6634,0.0678,0
NCFB-006636,0.0275,0.0569,0.0387,-1.0192,0.306,0
NCFB-006637,0.0867,0.0604,0.0683,-0.5482,0.2077,0
NCFB-006638,0.0297,0.2935,0.1924,-0.2798,0.1058,0
NCFB-006639,1.0287,0.2294,0.4967,0.4938,0.0365,0
NCFB-006640,0.3072,0.0597,0.0887,-0.0594,0.0975,0
NCFB-006641,0.514,0.2885,0.0872,-0.6368,0.1931,0
NCFB-006642,0.2037,0.137,0.1751,0.0173,0.6011,0
NCFB-006643,0.0094,0.1233,0.0257,-0.2731,0.2051,0
NCFB-006644,0.0302,0.0707,0.0805,-0.5478,0.0422,0
NCFB-006645,3.1537,0.8511,1.2042,5.0414,1.7103,1
NCFB-006646,0.2392,0.0645,0.1025,0.4912,0.1706,0
NCFB-006647,1.1348,0.08,0.0087,0.5531,0.1895,0
NCFB-006648,0.2808,0.3786,0.0218,0.5192,0.2566,0
NCFB-006649,0.2302,0.1752,0.0017,-0.4707,0.243,0
NCFB-006650,0.6378,0.0446,0.1035,0.5242,0.1862,0
NCFB-006651,0.0765,0.0241,0.0367,1.4515,0.0799,0
NCFB-006652,0.0504,0.1018,0.1067,0.6332,0.009,0
NCFB-006653,0.2857,0.2093,0.0085,-1.3544,0.0952,0
NCFB-006654,0.0409,0.0271,0.2553,-0.9237,0.0127,0
NCFB-006655,0.0645,0.2769,0.0743,1.0874,0.0901,0
NCFB-006656,0.6215,0.4298,0.1215,-0.596,0.0301,0
NCFB-006657,0.8951,0.097,0.2079,0.9787,0.1633,0
NCFB-006658,0.727,0.1421,0.0726,0.6315,0.262,0
NCFB-006659,1.2986,0.1112,0.0932,0.1806,0.117,0
NCFB-006660,0.0165,0.145,0.0394,-0.072,0.6713,0
NCFB-006661,0.1744,0.1544,0.0935,0.4814,0.1218,0
NCFB-006662,0.0692,0.3785,0.0794,-0.1385,0.1682,0
NCFB-006663,0.2269,0.2936,0.0725,-1.0933,0.2418,0
NCFB-006664,0.6869,0.0217,0.224,0.4472,0.0333,0
NCFB-006665,0.3912,0.1049,0.0151,0.8757,0.1107,0
NCFB-006666,0.1108,0.0806,0.1854,0.3228,0.2973,0
NCFB-006667,0.1661,0.2123,0.1139,0.2095,0.0252,0
NCFB-006668,0.4074,0.0816,0.1632,-0.0643,1.0241,0
NCFB-006669,0.102,0.21,0.033,0.6158,0.6047,0
NCFB-006670,0.038,0.2296,0.024,-0.0416,0.2379,0
NCFB-006671,0.5891,0.0594,0.2133,0.7401,0.0568,0
NCFB-006672,0.0589,0.0734,0.1008,0.1983,0.1879,0
NCFB-006673,0.1849,0.2182,0.0506,-0.2747,0.1037,0
NCFB-006674,0.015,0.0594,0.2588,-1.2551,0.3473,0
NCFB-006675,0.0035,0.3322,0.085,-0.9501,0.4209,0
NCFB-006676,0.1123,0.3167,0.2189,0.0535,0.1707,0
NCFB-006677,0.0248,0.0979,0.0776,-1.1387,0.0228,0
NCFB-006678,0.5246,0.0565,0.0586,0.3102,0.0275,0
NCFB-006679,0.0691,0.1063,0.0524,-1.5073,0.0784,0
NCFB-006680,0.1358,0.1064,0.0823,-0.7782,0.0383,0
NCFB-006681,0.581,0.0031,0.1292,0.6465,0.222,0
NCFB-006682,0.9969,0.1577,0.1936,-0.5133,0.2532,0
NCFB-006683,0.0184,0.1892,0.0811,0.4278,0.0486,0
NCFB-006684,0.7603,0.2299,0.0065,0.6203,0.0367,0
NCFB-006685,0.1532,0.0431,0.0348,0.0265,0.0435,0
NCFB-006686,0.0336,0.285,0.1258,-0.4812,0.0785,0
NCFB-006687,0.9471,0.1457,0.1469,0.181,0.0503,0
NCFB-006688,0.015,0.2564,0.0404,-0.4048,0.3386,0
NCFB-006689,0.1967,0.2022,0.0242,-0.3736,0.0309,0
NCFB-006690,0.0289,0.0144,0.0658,0.3702,0.0096,0
NCFB-006691,0.009,0.2909,0.1181,0.6637,0.4534,0
NCFB-006692,0.1162,0.062,0.0779,0.039,0.0769,0
NCFB-006693,2.8825,0.9636,1.2623,4.8178,1.9043,1
NCFB-006694,0.7133,0.1426,0.0956,0.5414,0.0798,0
NCFB-006695,0.0489,0.0452,0.1962,0.8447,0.3202,0
NCFB-006696,3.6,0.9618,0.8744,4.3316,1.748,1
NCFB-006697,0.1667,0.1975,0.1329,0.3062,0.0127,0
NCFB-006698,0.5752,0.3623,0.0041,0.8691,0.0452,0
NCFB-006699,0.7861,0.1735,0.1529,-0.4937,0.1205,0
NCFB-006700,0.4624,0.3719,0.0497,-1.2027,0.1093,0
NCFB-006701,0.0144,0.2231,0.21,-0.8354,0.4784,0
NCFB-006702,0.0928,0.1699,0.2826,0.3541,0.0174,0
NCFB-006703,0.1386,0.2572,0.2582,0.7019,0.0842,0
NCFB-006704,0.0964,0.35,0.0399,0.0024,0.3052,0
NCFB-006705,0.0825,0.1886,0.3486,-0.8496,0.0345,0
NCFB-006706,0.0068,0.3432,0.3848,-1.1391,0.0208,0
NCFB-006707,0.0356,0.0364,0.0429,-0.2874,0.688,0
NCFB-006708,0.0876,0.0748,0.1381,-0.5937,0.0074,0
NCFB-006709,0.3682,0.1279,0.1423,-1.434,0.2731,0
NCFB-006710,0.052,0.1618,0.0123,0.4974,0.1097,0
NCFB-006711,0.9271,0.2073,0.0641,0.4012,0.0191,0
NCFB-006712,0.3294,0.1586,0.1007,1.4153,0.4323,0
NCFB-006713,0.3849,0.0922,0.2142,0.6026,0.1624,0
NCFB-006714,0.108,0.2116,0.0725,-0.8208,0.2019,0
NCFB-006715,0.1424,0.0672,0.0274,1.382,0.0073,0
NCFB-006716,0.1095,0.1113,0.0533,-1.2307,0.0123,0
NCFB-006717,0.6936,0.3608,0.1088,0.1483,0.1486,0
NCFB-006718,0.3814,0.3043,0.3312,-0.1654,0.0346,0
NCFB-006719,0.0091,0.0936,0.1206,1.4726,0.2881,0
NCFB-006720,1.3687,0.1373,0.0723,-0.1272,0.0978,0
NCFB-006721,0.0932,0.1894,0.1088,0.7511,0.0475,0
NCFB-006722,0.3666,0.1129,0.0957,-1.7831,0.0913,0
NCFB-006723,0.1397,0.1549,0.3647,0.3536,0.4551,0
NCFB-006724,0.8253,0.1664,0.0441,1.0172,0.1396,0
NCFB-006725,0.3608,0.1907,0.0034,0.4462,0.5974,0
NCFB-006726,1.2969,0.128,0.398,0.6002,0.0487,0
NCFB-006727,0.941,0.0222,0.0474,0.3204,0.0365,0
NCFB-006728,0.0765,0.0665,0.1444,-0.0744,0.3553,0
NCFB-006729,0.1022,0.0602,0.257,-1.6127,0.1397,0
NCFB-006730,0.3246,0.1679,0.1244,0.7498,0.0512,0
NCFB-006731,0.6078,0.1341,0.2777,0.1515,0.0091,0
NCFB-006732,0.7241,0.1138,0.2647,0.7171,0.0113,0
NCFB-006733,3.5498,0.7995,1.2796,4.5989,1.7111,1
NCFB-006734,0.6239,0.0611,0.1404,-0.0664,0.0836,0
NCFB-006735,0.7282,0.062,0.0274,-0.1079,0.066,0
NCFB-006736,0.336,0.2197,0.1885,1.6902,0.0907,0
NCFB-006737,0.1546,0.203,0.0444,0.1907,0.3038,0
NCFB-006738,0.2298,0.197,0.0571,-0.269,0.0679,0
NCFB-006739,0.3167,0.0563,0.0898,-1.3183,0.1275,0
NCFB-006740,0.4377,0.0464,0.003,0.9492,0.0053,0
NCFB-006741,0.018,0.4189,0.0333,0.6766,0.0965,0
NCFB-006742,0.2755,0.1599,0.1011,0.5046,0.1479,0
NCFB-006743,0.6826,0.0859,0.0551,0.1441,0.1535,0
NCFB-006744,0.2769,0.3785,0.0182,0.9721,0.043,0
NCFB-006745,0.0219,0.0885,0.0276,0.2056,0.0956,0
NCFB-006746,0.0447,0.0346,0.2059,-0.514,0.1531,0
NCFB-006747,0.399,0.0521,0.0036,1.1029,0.0088,0
NCFB-006748,0.2538,0.239,0.1516,-0.938,0.0842,0
NCFB-006749,0.4239,0.1185,0.0236,1.3053,0.0075,0
NCFB-006750,0.0388,0.0051,0.2637,0.2693,0.0568,0
NCFB-006751,0.0754,0.0532,0.0957,-0.2454,0.135,0
NCFB-006752,0.6507,0.0236,0.0564,-1.1422,0.032,0
NCFB-006753,0.0544,0.4307,0.041,-1.1224,0.1163,0
NCFB-006754,0.0968,0.1468,0.0522,-0.3651,0.0775,0
NCFB-006755,0.0078,0.0651,0.0747,-0.4865,0.2213,0
NCFB-006756,0.032,0.1606,0.4823,-1.1281,0.1877,0
NCFB-006757,0.0495,0.5525,0.0363,-1.1576,0.151,0
NCFB-006758,0.6347,0.0582,0.0607,-1.6952,0.1156,0
NCFB-006759,0.2617,0.095,0.067,0.9881,0.0239,0
NCFB-006760,0.6461,0.0917,0.0329,-0.0876,0.0073,0
NCFB-006761,0.0091,0.11,0.045,-0.071,0.109,0
NCFB-006762,0.0889,0.0645,0.0139,-0.1496,0.1245,0
NCFB-006763,1.1735,0.1536,0.0876,-0.0155,0.0932,0
NCFB-006764,0.3908,0.0701,0.2592,-0.8327,0.1403,0
NCFB-006765,0.2711,0.0867,0.0307,-0.2528,0.0739,0
NCFB-006766,0.2747,0.183,0.0175,-1.0366,0.0268,0
NCFB-006767,0.1488,0.0322,0.1846,-1.019,0.0589,0
NCFB-006768,2.3237,2.1861,2.5793,2.3725,2.1717,0
NCFB-006769,0.3892,0.242,0.1927,0.3008,0.1788,0
NCFB-006770,0.1881,0.0355,0.093,1.2023,0.0035,0
NCFB-006771,0.3195,0.2476,0.0854,1.5365,0.6559,0
NCFB-006772,0.1908,0.0832,0.2528,0.2406,0.0435,0
NCFB-006773,0.2012,0.0954,0.1706,-0.2506,0.0677,0
NCFB-006774,0.7398,0.1736,0.079,-0.2769,0.6871,0
NCFB-006775,0.4692,0.288,0.0757,-0.0312,0.0172,0
NCFB-006776,1.4404,0.0774,0.0047,-0.2067,0.048,0
NCFB-006777,0.1763,0.1666,0.0945,-0.159,0.0325,0
NCFB-006778,0.0197,0.1245,0.2455,-0.2717,0.1084,0
NCFB-006779,0.0887,0.2172,0.1937,-0.1069,0.3094,0
NCFB-006780,0.0769,0.0679,0.1696,0.362,0.3256,0
NCFB-006781,0.3448,0.0536,0.0142,-0.7847,0.4902,0
NCFB-006782,0.0872,0.2912,0.0774,0.2184,0.0642,0
NCFB-006783,0.2369,0.1021,0.1369,0.355,0.1798,0
NCFB-006784,0.2129,0.0425,0.1479,-0.0322,0.1964,0
NCFB-006785,0.5528,0.062,0.0399,0.3535,0.1495,0
NCFB-006786,0.0004,0.1201,0.0154,0.659,0.0043,0
NCFB-006787,0.4301,0.0335,0.1164,-0.2054,0.0832,0
NCFB-006788,0.5562,0.0663,0.0587,0.5262,0.2971,0
NCFB-006789,0.0215,0.3509,0.0704,0.6965,0.3325,0
NCFB-006790,0.2506,0.0576,0.3826,-0.5837,0.0434,0
NCFB-006791,0.2448,0.6134,0.0158,0.6269,0.1932,0
NCFB-006792,3.4285,0.8909,1.2023,4.4304,2.0089,1
NCFB-006793,0.7364,0.0449,0.2505,-0.0024,0.008,0
NCFB-006794,0.3281,0.2291,0.2026,0.0812,0.2218,0
NCFB-006795,0.2311,0.4881,0.0641,-0.5167,0.1078,0
NCFB-006796,0.8696,0.2439,0.1513,1.3551,0.0555,0
NCFB-006797,0.0779,0.0408,0.3236,1.1232,0.0116,0
NCFB-006798,3.2419,0.9328,1.0473,4.3817,1.9417,1
NCFB-006799,0.1136,0.239,0.5678,-0.4186,0.0564,0
NCFB-006800,0.1854,0.2219,0.0612,0.3327,0.0875,0
NCFB-006801,0.1136,0.3382,0.0434,-1.7299,0.1904,0
NCFB-006802,0.3842,0.5223,0.3989,0.0537,0.0614,0
NCFB-006803,3.387,0.9033,1.5037,3.608,1.8037,1
NCFB-006804,0.1764,0.1144,0.0432,-0.512,0.2869,0
NCFB-006805,0.141,0.0462,0.2879,0.5662,0.1921,0
NCFB-006806,0.0005,0.1337,0.0071,-0.8858,0.0276,0
NCFB-006807,0.3472,0.0435,0.0655,-0.1125,0.1591,0
NCFB-006808,0.8576,0.0705,0.045,-1.2713,0.3653,0
NCFB-006809,0.5738,0.0902,0.035,-2.2754,0.213,0
NCFB-006810,0.368,0.0634,0.0317,0.1317,0.3161,0
NCFB-006811,1.3036,0.1623,0.1969,0.2235,0.3259,0
NCFB-006812,0.1065,0.0603,0.2097,-1.1518,0.1472,0
NCFB-006813,0.4657,0.0623,0.0636,0.5288,0.0384,0
NCFB-006814,0.5089,0.0632,0.0217,0.7651,0.1091,0
NCFB-006815,0.4221,0.3397,0.0445,0.1504,0.3238,0
NCFB-006816,0.3432,0.3353,0.1183,-0.3971,0.1633,0
NCFB-006817,0.1155,0.005,0.0078,-0.4436,0.0412,0
NCFB-006818,0.0648,0.0417,0.1023,0.5985,0.0054,0
NCFB-006819,0.0319,0.4785,0.0536,-0.5604,0.0265,0
NCFB-006820,0.1755,0.1288,0.0495,0.8287,0.1231,0
NCFB-006821,0.086,0.1369,0.0029,-0.9318,0.0492,0
NCFB-006822,0.4156,0.216,0.148,-0.0911,0.024,0
NCFB-006823,1.2882,0.0265,0.0684,-0.5045,0.0812,0
NCFB-006824,0.4741,0.2685,0.1889,0.6442,0.3861,0
NCFB-006825,0.4097,0.0114,0.0916,-0.1836,0.206,0
NCFB-006826,0.4956,0.2339,0.2513,-0.5718,0.0719,0
NCFB-006827,0.1017,0.1315,0.0403,0.366,0.0146,0
NCFB-006828,0.2366,0.2933,0.0378,-0.517,0.0154,0
NCFB-006829,0.2145,0.1681,0.1426,0.691,0.0809,0
NCFB-006830,0.1221,0.0167,0.0317,-0.987,0.1622,0
NCFB-006831,3.7093,0.9736,1.0806,4.7247,1.815,1
NCFB-006832,0.1281,0.2736,0.0685,0.1324,0.0149,0
NCFB-006833,0.3966,0.1147,0.1282,1.1883,0.1945,0
NCFB-006834,0.1726,0.0432,0.0158,-0.0586,0.1426,0
NCFB-006835,3.4375,0.8805,0.6545,4.9948,1.3634,1
NCFB-006836,0.5381,0.0013,0.0454,-0.9043,0.2509,0
NCFB-006837,0.1059,0.022,0.0903,0.3822,0.1048,0
NCFB-006838,0.0489,0.0165,0.1623,-0.9697,0.1805,0
NCFB-006839,0.1602,0.1515,0.0781,-0.1149,0.1334,0
NCFB-006840,0.8604,0.1874,0.0104,-0.8398,0.0426,0
NCFB-006841,0.1196,0.049,0.0673,0.767,0.0242,0
NCFB-006842,0.2685,0.209,0.0934,1.2527,0.3514,0
NCFB-006843,0.3924,0.0932,0.0323,-0.6891,0.0206,0
NCFB-006844,0.1114,0.0707,0.0917,0.5449,0.1468,0
NCFB-006845,0.7753,0.1963,0.0766,0.0259,0.0068,0
NCFB-006846,0.1031,0.0929,0.1453,-0.9331,0.0378,0
NCFB-006847,0.119,0.1584,0.1224,0.9512,0.2427,0
NCFB-006848,1.0214,0.3524,0.0305,-0.2268,0.149,0
NCFB-006849,0.2668,0.1908,0.0603,0.9545,0.1426,0
NCFB-006850,0.2705,0.0572,0.3862,-0.159,0.2102,0
NCFB-006851,1.3035,0.3622,0.2067,0.4068,0.0362,0
NCFB-006852,0.5945,0.299,0.1738,-0.5188,0.0442,0
NCFB-006853,0.0145,0.4198,0.1786,0.1692,0.0346,0
NCFB-006854,0.466,0.0292,0.0574,-1.7745,0.058,0
NCFB-006855,0.2145,0.0602,0.0286,-0.547,0.3916,0
NCFB-006856,0.0074,0.2073,0.116,0.1431,0.0184,0
NCFB-006857,0.0459,0.1021,0.057,-0.7139,0.3904,0
NCFB-006858,0.0714,0.2383,0.1977,1.7934,0.1177,0
NCFB-006859,0.9415,0.1144,0.0043,0.3046,0.1108,0
NCFB-006860,0.1166,0.2311,0.2676,-0.3803,0.0166,0
NCFB-006861,0.3344,0.097,0.2252,-0.2127,0.0546,0
NCFB-006862,3.4381,0.7739,1.0166,4.5324,1.5621,1
NCFB-006863,0.753,0.2365,0.0246,0.0259,0.8119,0
NCFB-006864,1.1399,0.1097,0.0074,-0.2846,0.0253,0
NCFB-006865,0.8556,0.0836,0.0848,0.4093,0.171,0
NCFB-006866,1.4332,0.3116,0.1662,-0.4811,0.1505,0
NCFB-006867,0.2848,0.1741,0.1166,0.9445,0.0865,0
NCFB-006868,0.1135,0.075,0.064,0.2958,0.1314,0
NCFB-006869,0.4609,0.2859,0.1599,-0.9869,0.0089,0
NCFB-006870,0.9652,0.1853,0.245,-0.4072,0.1514,0
NCFB-006871,2.3974,0.8136,1.2057,3.9193,2.3819,1
NCFB-006872,0.0139,0.3332,0.0956,1.0933,0.0181,0
NCFB-006873,0.0604,0.26,0.0894,-0.4456,0.0578,0
NCFB-006874,0.22,0.0816,0.0482,-0.6039,0.032,0
NCFB-006875,0.1176,0.055,0.0846,1.6624,0.0509,0
NCFB-006876,0.4127,0.0981,0.0479,-1.3941,0.1819,0
NCFB-006877,0.3895,0.1264,0.0375,0.4807,0.5502,0
NCFB-006878,0.0574,0.138,0.0135,-1.0357,0.0677,0
NCFB-006879,0.3383,0.0868,0.0128,-1.3198,0.267,0
NCFB-006880,0.231,0.0893,0.0273,0.2664,0.1492,0
NCFB-006881,0.0305,0.1727,0.113,0.3943,0.1912,0
NCFB-006882,0.3184,0.0408,0.2371,0.9726,0.0771,0
NCFB-006883,0.7177,0.0852,0.2561,0.9385,0.0164,0
NCFB-006884,0.5612,0.0375,0.0745,-0.9191,0.0295,0
NCFB-006885,0.0382,0.3822,0.2761,-0.2328,0.3036,0
NCFB-006886,0.234,0.0912,0.1542,0.0427,0.0636,0
NCFB-006887,0.1201,0.3112,0.1462,-0.0431,0.2916,0
NCFB-006888,0.0513,0.0361,0.0206,0.0006,0.1434,0
NCFB-006889,0.1722,0.2176,0.1398,-0.1411,0.1062,0
NCFB-006890,0.4132,0.2244,0.1038,0.7979,0.1045,0
NCFB-006891,0.1554,0.1245,0.0667,0.4117,0.1623,0
NCFB-006892,0.1706,0.1168,0.0783,-0.3355,0.0339,0
NCFB-006893,0.2283,0.0354,0.0895,-0.0156,0.0299,0
NCFB-006894,0.2725,0.2029,0.1448,-1.0597,0.1842,0
NCFB-006895,0.2907,0.0655,0.0483,1.6884,0.0795,0
NCFB-006896,0.2485,0.1434,0.0727,-0.9525,0.2434,0
NCFB-006897,0.2146,0.0618,0.0353,0.3789,0.1414,0
NCFB-006898,0.4099,0.0076,0.0295,0.2694,0.0073,0
NCFB-006899,0.0004,0.1625,0.147,0.1992,0.2155,0
NCFB-006900,0.0,0.3428,0.0843,0.1362,0.0316,0
NCFB-006901,0.0532,0.145,0.0889,-0.4412,0.0136,0
NCFB-006902,0.2392,0.1852,0.3288,-0.5351,0.0141,0
NCFB-006903,0.8458,0.1034,0.075,-0.9742,0.1707,0
NCFB-006904,0.76,0.0587,0.088,0.6947,0.248,0
NCFB-006905,0.6711,0.2057,0.3005,-0.4317,0.0014,0
NCFB-006906,0.7989,0.1006,0.0554,-0.399,0.0483,0
NCFB-006907,0.04,0.5143,0.0064,0.6,0.1818,0
NCFB-006908,0.8645,0.0755,0.3267,-0.2487,0.0496,0
NCFB-006909,0.6103,0.2394,0.0127,-0.1715,0.4501,0
NCFB-006910,0.3972,0.1897,0.1764,-0.1711,0.0237,0
NCFB-006911,0.3957,0.0433,0.0641,-1.3355,0.0056,0
NCFB-006912,0.0176,0.0161,0.3033,-0.9367,0.6557,0
NCFB-006913,0.4449,0.0688,0.3175,-0.6992,0.1717,0
NCFB-006914,0.0196,0.0224,0.0851,-0.7583,0.1672,0
NCFB-006915,0.2355,0.1035,0.0349,0.868,0.3603,0
NCFB-006916,0.1582,0.0853,0.1839,1.4103,0.0501,0
NCFB-006917,0.073,0.0478,0.1393,-0.3556,0.0746,0
NCFB-006918,0.846,0.2316,0.0286,1.2015,0.1431,0
NCFB-006919,0.1239,0.1346,0.0289,1.243,0.2982,0
NCFB-006920,0.0156,0.0069,0.0921,-0.4082,0.2535,0
NCFB-006921,0.2824,0.1234,0.553,1.0033,0.1536,0
NCFB-006922,0.6611,0.4549,0.0039,0.335,0.0643,0
NCFB-006923,3.1026,0.9779,0.9268,4.5229,1.0286,1
NCFB-006924,3.2616,0.9231,1.2525,4.4161,1.8335,1
NCFB-006925,0.9276,0.3146,0.0266,0.6895,0.0354,0
NCFB-006926,0.0149,0.1784,0.1275,-1.3662,0.1163,0
NCFB-006927,0.3275,0.1416,0.4236,-1.007,0.0104,0
NCFB-006928,0.1487,0.0591,0.0099,-1.1647,0.1953,0
NCFB-006929,0.433,0.0522,0.0714,2.2768,0.1101,0
NCFB-006930,0.0139,0.1676,0.2181,-0.0942,0.0249,0
NCFB-006931,0.1228,0.1707,0.0032,0.1901,0.0521,0
NCFB-006932,0.112,0.0865,0.0013,-0.3003,0.0613,0
NCFB-006933,0.127,0.0252,0.2612,1.2888,0.0838,0
NCFB-006934,0.1051,0.0978,0.0306,1.2835,0.6106,0
NCFB-006935,0.1206,0.055,0.1029,1.2924,0.0905,0
NCFB-006936,0.4708,0.3368,0.0634,0.1187,0.0931,0
NCFB-006937,0.8317,1.2281,2.81,0.9989,1.5266,1
NCFB-006938,0.1635,0.3945,0.1907,1.7762,0.2422,0
NCFB-006939,1.0045,0.1528,0.0212,-0.9849,0.0173,0
NCFB-006940,0.2187,0.3096,0.0972,0.6988,0.0253,0
NCFB-006941,1.1863,0.2823,0.0054,-0.3629,0.0288,0
NCFB-006942,0.0766,0.2549,0.3221,-0.8845,0.1875,0
NCFB-006943,0.7742,0.112,0.0179,0.4868,0.0126,0
NCFB-006944,0.2511,0.085,0.1735,0.0705,0.0276,0
NCFB-006945,0.1541,0.3346,0.4151,0.2047,0.6437,0
NCFB-006946,0.3529,0.2078,0.0473,-0.5,0.1123,0
NCFB-006947,0.2322,0.2997,0.2128,0.0064,0.0264,0
NCFB-006948,0.3851,0.0927,0.4018,0.1234,0.0053,0
NCFB-006949,0.3653,0.1061,0.0811,-0.4742,0.822,0
NCFB-006950,1.6364,0.4758,0.1266,-0.3687,0.0327,0
NCFB-006951,0.2327,0.0749,0.2288,1.0062,0.0484,0
NCFB-006952,3.0675,0.8537,1.3733,4.2743,2.3938,1
NCFB-006953,1.217,0.0065,0.0782,-1.2549,0.227,0
NCFB-006954,0.235,0.1716,0.1561,-0.8761,0.2158,0
NCFB-006955,0.7146,0.3543,0.2462,-0.9378,0.0152,0
NCFB-006956,0.0636,0.0226,0.3906,-0.0156,0.2475,0
NCFB-006957,0.1273,0.3413,0.3664,0.3022,0.139,0
NCFB-006958,0.2085,0.1278,0.1836,0.9049,0.0585,0
NCFB-006959,0.2347,0.2052,0.0654,0.8691,0.0048,0
NCFB-006960,0.1851,0.1011,0.0434,1.5002,0.0608,0
NCFB-006961,2.5924,0.9844,1.2534,4.477,1.3074,1
NCFB-006962,2.9027,0.944,0.7983,4.8531,2.2385,1
NCFB-006963,0.1483,0.0823,0.2363,0.0732,0.2944,0
NCFB-006964,0.3444,0.0219,0.032,0.3364,0.2046,0
NCFB-006965,0.6011,0.2061,0.1161,0.0924,0.4372,0
NCFB-006966,0.0531,0.2226,0.2034,-0.2026,0.2608,0
NCFB-006967,0.3831,0.2703,0.0118,-1.1607,0.0338,0
NCFB-006968,0.1239,0.1454,0.1495,-0.7634,0.0058,0
NCFB-006969,0.1486,0.1506,0.0106,0.2674,0.0007,0
NCFB-006970,0.1269,0.3484,0.1511,0.1641,0.0169,0
NCFB-006971,0.3418,0.1197,0.2157,-1.346,0.1324,0
NCFB-006972,0.1542,0.1135,0.1469,-0.0824,0.1639,0
NCFB-006973,0.5156,0.1562,0.017,-0.2303,0.0923,0
NCFB-006974,0.0441,0.1155,0.0088,0.6171,0.62,0
NCFB-006975,0.8167,0.2555,0.1617,-0.2016,0.0097,0
NCFB-006976,0.1276,0.1484,0.0427,-0.9168,0.0348,0
NCFB-006977,0.0672,0.1334,0.0495,-0.0926,0.072,0
NCFB-006978,0.6797,0.2282,0.2151,-0.1813,0.1529,0
NCFB-006979,0.5725,0.339,0.023,1.3681,0.0451,0
NCFB-006980,0.3242,0.0996,0.2191,-0.1964,0.2091,0
NCFB-006981,0.274,0.2127,0.4839,-0.8953,0.4103,0
NCFB-006982,0.0583,0.0847,0.2609,0.655,0.0126,0
NCFB-006983,0.8091,0.1196,0.271,1.5868,0.3962,0
NCFB-006984,0.0096,0.1631,0.0814,0.1477,0.0253,0
NCFB-006985,0.3773,0.0204,0.7402,0.2472,0.0077,0
NCFB-006986,0.274,0.0299,0.0185,-0.1766,0.0082,0
NCFB-006987,3.3455,0.9501,0.9241,4.8873,2.1027,1
NCFB-006988,0.6305,0.0837,0.0338,0.2664,0.5634,0
NCFB-006989,0.0233,0.1323,0.0502,-0.1297,0.0441,0
NCFB-006990,2.382,0.1655,0.0129,0.3967,0.5526,0
NCFB-006991,0.5383,0.0651,0.0391,0.0319,0.1026,0
NCFB-006992,0.9492,0.1992,0.0751,-1.1167,0.0491,0
NCFB-006993,3.2976,0.548,1.109,3.8045,2.1606,1
NCFB-006994,0.1021,0.2658,0.0234,-0.6657,0.0814,0
NCFB-006995,0.1992,0.0596,0.3847,-0.3309,0.0507,0
NCFB-006996,0.0554,0.456,0.2541,-0.367,0.1562,0
NCFB-006997,0.4763,0.0798,0.1329,0.8493,0.0261,0
NCFB-006998,3.4259,0.8033,1.1059,3.6743,2.045,1
NCFB-006999,0.5434,0.1195,0.0468,0.1892,0.3187,0
NCFB-007000,0.2945,0.0861,0.1132,1.6171,0.1827,0
NCFB-007001,0.3541,0.0845,0.1353,1.3155,0.1952,0
NCFB-007002,3.2661,0.8881,1.0645,4.3509,1.3689,1
NCFB-007003,0.2157,0.1139,0.001,-0.1969,0.016,0
NCFB-007004,0.1319,0.2342,0.1294,0.4842,0.1746,0
NCFB-007005,0.1808,0.032,0.4782,-1.332,0.2484,0
NCFB-007006,0.146,0.192,0.1373,0.2292,0.135,0
NCFB-007007,0.4243,0.1441,0.4657,1.1975,0.1147,0
NCFB-007008,0.0225,0.0561,0.0902,-0.6488,0.0078,0
NCFB-007009,0.2154,0.1657,0.0961,0.7101,0.002,0
NCFB-007010,2.7831,0.7953,1.5174,2.9571,1.7975,1
NCFB-007011,0.3771,0.0949,0.0283,-0.1877,0.614,0
NCFB-007012,0.0715,0.1432,0.0754,-0.545,0.4392,0
NCFB-007013,0.0859,0.1228,0.0803,-0.3481,0.0563,0
NCFB-007014,0.2438,0.1256,0.097,0.3327,0.0569,0
NCFB-007015,1.2827,0.1016,0.1444,0.2618,0.1042,0
NCFB-007016,0.0037,0.1063,0.0717,0.5758,0.2855,0
NCFB-007017,0.0356,0.1679,0.058,1.007,0.4658,0
NCFB-007018,0.0765,0.0504,0.0377,-0.6666,0.0618,0
NCFB-007019,0.4175,0.4081,0.1433,-0.9775,0.158,0
NCFB-007020,0.1576,0.2562,0.0233,-1.0729,0.0381,0
NCFB-007021,0.2048,0.1135,0.3067,0.4142,0.1476,0
NCFB-007022,1.3539,0.1809,0.0191,-0.0453,0.0749,0
NCFB-007023,0.2172,0.094,0.0099,-0.5447,0.1915,0
NCFB-007024,0.7091,0.2018,0.0743,-0.2976,0.1329,0
NCFB-007025,0.0933,0.0933,0.1453,-0.377,0.0214,0
NCFB-007026,0.0946,0.284,0.1253,-1.1856,0.0144,0
NCFB-007027,0.008,0.2736,0.3137,-0.1581,0.0742,0
NCFB-007028,0.1749,0.0734,0.2074,0.105,0.0588,0
NCFB-007029,0.0207,0.2812,0.0252,0.8778,0.033,0
NCFB-007030,0.0886,0.2633,0.0001,1.4964,0.1891,0
NCFB-007031,0.4223,0.0342,0.0137,-0.2223,0.4567,0
NCFB-007032,0.0873,0.5062,0.0043,-0.2942,0.0385,0
NCFB-007033,0.4667,0.1975,0.0046,-0.7585,0.1855,0
NCFB-007034,2.6856,0.8134,1.4104,5.3714,1.924,1
NCFB-007035,0.7128,0.089,0.0477,-0.1321,0.3052,0
NCFB-007036,0.0763,0.0493,0.0133,0.6791,0.2897,0
NCFB-007037,0.0064,0.2879,0.1883,0.2707,0.1198,0
NCFB-007038,0.8628,0.0078,0.0625,0.4946,0.0353,0
NCFB-007039,0.5522,0.2149,0.1457,-0.9187,0.3052,0
NCFB-007040,0.0327,0.1539,0.4267,-1.5071,0.0246,0
NCFB-007041,0.3188,0.1697,0.1993,-0.8732,0.0107,0
NCFB-007042,0.2459,0.0258,0.0803,-1.0543,0.1574,0
NCFB-007043,0.216,0.0788,0.0649,-0.4755,0.3821,0
NCFB-007044,3.331,0.696,1.0391,4.4149,2.2749,1
NCFB-007045,0.963,0.0688,0.0749,0.7867,0.0263,0
NCFB-007046,0.1119,0.0943,0.3457,0.9231,0.0974,0
NCFB-007047,3.0625,0.9596,0.95,4.6541,1.8614,1
NCFB-007048,0.0623,0.0677,0.0807,0.1407,0.0066,0
NCFB-007049,0.0496,0.0826,0.325,0.3018,0.0242,0
NCFB-007050,1.3906,0.0053,0.0368,0.4279,0.3123,0
NCFB-007051,0.2871,0.0889,0.0997,0.5337,0.1358,0
NCFB-007052,0.9438,0.075,0.0971,0.2565,0.6801,0
NCFB-007053,0.3805,0.0261,0.2726,-0.1709,0.0561,0
NCFB-007054,0.426,0.1436,0.0902,0.1161,0.0352,0
NCFB-007055,0.0414,0.276,0.0147,-0.2752,0.3615,0
NCFB-007056,0.0742,0.0336,0.0166,1.3202,0.21,0
NCFB-007057,0.0583,0.113,0.0425,0.3982,0.0788,0
NCFB-007058,0.0169,0.2463,0.1391,0.8314,0.0025,0
NCFB-007059,0.3101,0.1157,0.0115,0.2388,0.081,0
NCFB-007060,0.209,0.2457,0.1526,-0.304,1.1203,0
NCFB-007061,0.2735,0.4164,0.0149,1.5144,0.124,0
NCFB-007062,0.4643,0.1313,0.0842,-0.6751,0.3734,0
NCFB-007063,0.6305,0.2315,0.015,-0.7825,0.0908,0
NCFB-007064,0.7734,0.0121,0.3129,0.6993,0.2541,0
NCFB-007065,0.4942,0.0451,0.0958,-0.8422,0.0857,0
NCFB-007066,0.3221,0.2512,0.0169,0.7244,0.1763,0
NCFB-007067,0.2258,0.0486,0.088,-0.6516,0.2715,0
NCFB-007068,0.4171,0.174,0.2054,-0.0615,0.0589,0
NCFB-007069,0.4922,0.0864,0.1055,0.8927,0.0163,0
NCFB-007070,0.0001,0.2852,0.0324,0.2461,0.0737,0
NCFB-007071,0.7619,0.1552,0.2399,0.4404,0.3314,0
NCFB-007072,0.0209,0.0603,0.0109,-0.1844,0.6367,0
NCFB-007073,0.0167,0.3701,0.347,1.1491,0.2543,0
NCFB-007074,0.1868,0.1963,0.0327,-0.9823,0.166,0
NCFB-007075,0.5963,0.0383,0.0046,0.7952,0.0599,0
NCFB-007076,0.1805,0.0215,0.0617,0.553,0.6784,0
NCFB-007077,0.0475,0.0739,0.0941,-0.3853,0.0743,0
NCFB-007078,0.4179,0.033,0.1517,1.134,0.081,0
NCFB-007079,0.1229,0.1539,0.0045,-0.3162,0.0254,0
NCFB-007080,0.1992,0.1774,0.0117,1.0134,0.1067,0
NCFB-007081,0.011,0.1515,0.1752,0.8697,0.0789,0
NCFB-007082,0.1827,0.362,0.0043,0.2062,0.1027,0
NCFB-007083,0.195,0.5053,0.0487,0.4726,0.0486,0
NCFB-007084,0.0682,0.0838,0.225,1.1849,0.039,0
NCFB-007085,3.3661,0.9502,0.5853,4.672,1.5621,1
NCFB-007086,0.7948,0.2421,0.3177,-0.7934,0.3318,0
NCFB-007087,0.302,0.1335,0.3159,-0.5816,0.0071,0
NCFB-007088,0.022,0.3431,0.0257,0.7419,0.0426,0
NCFB-007089,0.1493,0.0485,0.0026,-0.1405,0.0223,0
NCFB-007090,0.0245,0.1481,0.1875,1.2745,0.0518,0
NCFB-007091,0.3156,0.0687,0.0801,-0.0316,0.2564,0
NCFB-007092,0.1084,0.0827,0.0021,0.1519,0.1145,0
NCFB-007093,0.3494,0.2763,0.0244,0.1346,0.1775,0
NCFB-007094,0.2495,0.1708,0.1048,-0.189,0.0466,0
NCFB-007095,0.087,0.0019,0.1938,-0.2722,0.1051,0
NCFB-007096,0.6507,0.318,0.0781,0.138,0.121,0
NCFB-007097,0.4463,0.0192,0.246,0.5175,0.1198,0
NCFB-007098,0.0785,0.1949,0.1294,-0.9382,0.3187,0
NCFB-007099,1.8452,0.0405,0.105,0.6332,0.1042,0
NCFB-007100,0.0776,0.3679,0.0955,-0.0942,0.1321,0
NCFB-007101,0.2213,0.1651,0.4166,-0.2608,0.0063,0
NCFB-007102,0.0484,0.2534,0.0259,-0.9912,0.1321,0
NCFB-007103,2.7587,0.9833,1.3114,4.2329,2.0032,1
NCFB-007104,2.6195,0.8585,1.0989,5.9834,1.4549,1
NCFB-007105,0.1864,0.109,0.0529,-0.4457,0.1336,0
NCFB-007106,0.1484,0.1367,0.0102,-0.3128,0.0875,0
NCFB-007107,0.5499,0.2831,0.0971,0.712,0.1424,0
NCFB-007108,0.0571,0.18,0.2439,0.1788,0.0734,0
NCFB-007109,0.0216,0.0081,0.1994,0.2692,0.1825,0
NCFB-007110,0.2181,0.2091,0.2709,-0.7718,0.0196,0
NCFB-007111,0.0176,0.0814,0.036,0.9146,0.3028,0
NCFB-007112,0.5821,0.2868,0.1314,0.7136,0.0261,0
NCFB-007113,1.7988,0.062,0.0447,0.2416,0.0436,0
NCFB-007114,0.0445,0.091,0.007,-0.3629,0.5134,0
NCFB-007115,0.2579,0.3001,0.2228,1.0157,0.097,0
NCFB-007116,0.1547,0.4296,0.1329,-0.395,0.0957,0
NCFB-007117,0.8352,0.2858,0.1524,0.1309,0.0936,0
NCFB-007118,0.1494,0.1704,0.1076,0.5423,0.0358,0
NCFB-007119,0.553,0.2121,0.076,-0.3881,0.0657,0
NCFB-007120,0.0679,0.315,0.1078,-0.2627,0.4125,0
NCFB-007121,0.1831,0.3356,0.2318,-0.4708,0.0676,0
NCFB-007122,0.7947,0.2322,0.016,0.4402,0.3549,0
NCFB-007123,1.6553,0.1843,0.1304,-0.2504,0.0281,0
NCFB-007124,0.8127,0.2226,0.204,-0.6468,0.0869,0
NCFB-007125,1.9631,0.2137,0.1314,-1.4011,0.0263,0
NCFB-007126,0.0043,0.1493,0.1863,0.306,0.1121,0
NCFB-007127,0.3978,0.0259,0.0142,-1.1939,0.049,0
NCFB-007128,0.3796,0.2956,0.1757,0.5536,0.2143,0
NCFB-007129,0.1313,0.1838,0.3909,-1.0719,0.0489,0
NCFB-007130,0.1134,0.2345,0.187,1.1438,0.0326,0
NCFB-007131,0.0826,0.0159,0.3284,-0.9512,0.2206,0
NCFB-007132,0.1804,0.2449,0.1695,-0.0854,0.1247,0
NCFB-007133,0.155,0.3939,0.006,0.9712,0.1743,0
NCFB-007134,0.0794,0.4173,0.032,-1.135,0.1926,0
NCFB-007135,0.0032,0.1831,0.0377,0.5288,0.0683,0
NCFB-007136,0.2427,0.3534,0.0683,0.0769,0.1367,0
NCFB-007137,3.1461,0.6494,1.1712,4.6238,1.18,1
NCFB-007138,0.05,0.0905,0.0036,0.3385,0.2643,0
NCFB-007139,0.009,0.1031,0.0847,-1.0882,0.0275,0
NCFB-007140,0.784,0.119,0.0563,0.889,0.3706,0
NCFB-007141,0.2084,0.1689,0.0293,-2.0525,0.3331,0
NCFB-007142,0.0046,0.0085,0.0567,-0.1231,0.1755,0
NCFB-007143,0.6907,0.1464,0.0301,0.3842,0.0512,0
NCFB-007144,0.3796,0.0901,0.0486,0.586,0.2717,0
NCFB-007145,0.6932,0.1498,0.3165,-0.2977,0.3137,0
NCFB-007146,0.2,0.2779,0.0463,0.1066,0.4823,0
NCFB-007147,0.2999,0.1494,0.1239,-0.0194,0.8771,0
NCFB-007148,0.5432,0.3372,0.4586,0.3553,0.1381,0
NCFB-007149,0.1512,0.1855,0.1474,-0.1678,0.4704,0
NCFB-007150,0.0367,0.2085,0.0732,0.7153,0.1211,0
NCFB-007151,3.0642,0.8461,1.1767,2.9172,2.1393,1
NCFB-007152,0.2324,0.0383,0.0019,-0.7005,0.0812,0
NCFB-007153,0.1059,0.4164,0.0304,0.6254,0.1245,0
NCFB-007154,0.9423,0.0224,0.0736,-0.3303,0.1339,0
NCFB-007155,0.1883,0.2196,0.1267,0.5283,0.0558,0
NCFB-007156,0.1047,0.1124,0.0457,-1.3761,0.0417,0
NCFB-007157,0.442,0.0412,0.1343,-0.1012,0.3225,0
NCFB-007158,1.0135,0.3828,0.0853,0.1608,0.0606,0
NCFB-007159,0.2268,0.0871,0.0826,-0.3543,0.1171,0
NCFB-007160,0.0281,0.2259,0.2172,0.9564,0.0051,0
NCFB-007161,2.8107,0.8639,1.2036,4.9389,2.2322,1
NCFB-007162,0.087,0.0409,0.1013,0.6838,0.0874,0
NCFB-007163,0.3678,0.1772,0.0243,-0.0244,0.1401,0
NCFB-007164,0.3461,0.0475,0.3786,0.1333,0.0295,0
NCFB-007165,0.0929,0.1637,0.0039,0.066,0.1119,0
NCFB-007166,0.3421,0.0566,0.171,0.8275,0.7337,0
NCFB-007167,0.0928,0.1682,0.06,0.5355,0.3133,0
NCFB-007168,1.6156,0.0305,0.0925,0.8989,0.267,0
NCFB-007169,0.6165,0.0583,0.1692,1.4532,0.2801,0
NCFB-007170,0.1924,0.1073,0.0257,0.7054,0.0727,0
NCFB-007171,1.2733,0.1258,0.0833,-0.212,0.3055,0
NCFB-007172,0.025,0.1947,0.1403,-0.7372,0.0443,0
NCFB-007173,0.1636,0.0569,0.0851,-0.0952,0.1216,0
NCFB-007174,0.2587,0.1885,0.021,0.1116,0.0332,0
NCFB-007175,0.1325,0.0486,0.1795,0.7191,0.2488,0
NCFB-007176,0.128,0.1307,0.0124,-0.8018,0.0331,0
NCFB-007177,0.1828,0.1787,0.0379,-0.9228,0.0891,0
NCFB-007178,0.8954,0.0492,0.0981,0.0032,0.0164,0
NCFB-007179,1.3684,0.0617,0.0109,0.6899,0.0307,0
NCFB-007180,0.2516,0.3214,0.4301,0.1986,0.1796,0
NCFB-007181,4.0605,0.8445,1.6537,4.8584,1.8812,1
NCFB-007182,0.4139,0.2901,0.024,1.0777,0.168,0
NCFB-007183,0.2919,0.1719,0.0374,0.3743,0.1603,0
NCFB-007184,0.0555,0.0542,0.0295,-0.7857,0.0549,0
NCFB-007185,1.0117,0.3932,0.0732,-0.1789,0.2007,0
NCFB-007186,0.0783,0.3503,0.0233,0.6397,0.0177,0
NCFB-007187,0.426,0.0462,0.173,0.2864,0.0346,0
NCFB-007188,0.5391,0.057,0.0087,-0.5877,0.2639,0
NCFB-007189,0.2759,0.0795,0.2312,-0.0143,0.0657,0
NCFB-007190,0.0271,0.2987,0.0308,-0.4757,0.1073,0
NCFB-007191,0.3224,0.1455,0.1886,0.5498,0.0802,0
NCFB-007192,0.1691,0.1273,0.13,-0.5803,0.2779,0
NCFB-007193,1.0523,0.0278,0.0409,0.1879,0.0465,0
NCFB-007194,0.3217,0.1832,0.0552,-1.6688,0.0854,0
NCFB-007195,0.2684,0.3221,0.0111,-0.2961,0.092,0
NCFB-007196,0.1016,0.111,0.0404,0.9246,0.2632,0
NCFB-007197,0.4181,0.1704,0.0011,0.0432,0.0254,0
NCFB-007198,0.1758,0.3532,0.1251,0.2423,0.0385,0
NCFB-007199,0.1005,0.0868,0.0474,-0.2071,0.0776,0
NCFB-007200,0.3671,0.0142,0.1161,-0.5155,0.3385,0
NCFB-007201,0.3383,0.0278,0.0493,-0.1708,0.1234,0
NCFB-007202,0.7492,0.1831,0.0859,0.4697,0.0055,0
NCFB-007203,0.0567,0.027,0.0109,-0.4572,0.0179,0
NCFB-007204,0.1933,0.138,0.0792,-0.1223,0.048,0
NCFB-007205,0.5188,0.0708,0.2084,0.6751,0.1175,0
NCFB-007206,0.489,0.2424,0.0548,0.5817,0.0668,0
NCFB-007207,0.0637,0.0583,0.0043,0.2625,0.0021,0
NCFB-007208,0.2821,0.0507,0.1868,0.16,0.1276,0
NCFB-007209,0.0118,0.1553,0.0909,-0.5765,0.017,0
NCFB-007210,0.3266,0.0661,0.0421,0.5357,0.1154,0
NCFB-007211,0.3419,0.1678,0.0614,-0.3185,0.2225,0
NCFB-007212,0.1533,0.3134,0.3285,-0.4776,0.128,0
NCFB-007213,0.4077,0.1995,0.209,-0.6998,0.0021,0
NCFB-007214,0.3968,0.0734,0.1209,-0.4786,0.0995,0
NCFB-007215,0.5929,0.1491,0.6772,0.2857,0.1318,0
NCFB-007216,0.2021,0.3124,0.0109,0.4784,0.0052,0
NCFB-007217,0.1235,0.2565,0.0556,0.0931,0.0114,0
NCFB-007218,0.0873,0.1931,0.1442,0.1591,0.0382,0
NCFB-007219,0.0515,0.2386,0.0579,-0.1653,0.0733,0
NCFB-007220,0.1535,0.266,0.1772,1.5572,0.1953,0
NCFB-007221,0.5847,0.1489,0.0757,0.7202,0.2078,0
NCFB-007222,0.016,0.0757,0.0176,0.3362,0.0271,0
NCFB-007223,0.5268,0.2304,0.0054,-0.2589,0.3473,0
NCFB-007224,0.069,0.0503,0.0165,-0.0384,0.0789,0
NCFB-007225,1.0105,0.0903,0.2431,-0.7035,0.3052,0
NCFB-007226,0.1153,0.1591,0.0126,-0.231,0.2612,0
NCFB-007227,0.272,0.1357,0.0753,0.0645,0.054,0
NCFB-007228,0.1293,0.161,0.1896,0.0765,0.0531,0
NCFB-007229,0.7219,0.0832,0.0259,-0.5152,0.0184,0
NCFB-007230,0.6038,0.2067,0.1186,0.0392,0.0151,0
NCFB-007231,0.0599,0.0396,0.0906,0.0898,0.0815,0
NCFB-007232,0.1414,0.0607,0.0446,0.5457,0.0479,0
NCFB-007233,0.355,0.1289,0.3478,0.8495,0.0837,0
NCFB-007234,0.2723,0.404,0.0468,0.0944,0.1162,0
NCFB-007235,0.1334,0.1133,0.0696,-1.0628,0.1564,0
NCFB-007236,0.4,0.0973,0.0027,-0.4611,0.3176,0
NCFB-007237,0.1086,0.0552,0.0544,-1.1577,0.1004,0
NCFB-007238,0.0509,0.1053,0.0245,-1.1521,0.1143,0
NCFB-007239,0.2297,0.0818,0.6247,0.5998,0.2011,0
NCFB-007240,0.7378,0.1134,0.2888,0.9372,0.02,0
NCFB-007241,0.1267,0.1274,0.0357,-1.7907,0.3028,0
NCFB-007242,2.7707,0.9818,1.4644,4.0821,1.3937,1
NCFB-007243,0.407,0.111,0.0863,-1.2224,0.3551,0
NCFB-007244,0.194,0.2233,0.0394,-0.3951,0.341,0
NCFB-007245,0.124,0.0519,0.077,0.2681,0.2333,0
NCFB-007246,0.3953,0.0325,0.094,0.2614,0.0509,0
NCFB-007247,2.6771,0.7268,1.2354,4.9678,2.3414,1
NCFB-007248,0.4162,0.1578,0.0613,1.2836,0.2125,0
NCFB-007249,0.0393,0.0462,0.0388,0.8654,0.1018,0
NCFB-007250,0.2423,0.0427,0.0494,-0.3124,0.0071,0
NCFB-007251,0.1077,0.2262,0.2297,-0.035,0.1177,0
NCFB-007252,0.0136,0.11,0.0298,-0.9753,0.1373,0
NCFB-007253,0.5695,0.3288,0.2949,-0.3106,0.0218,0
NCFB-007254,0.326,0.1628,0.4582,-0.7497,0.2916,0
NCFB-007255,0.7063,0.0432,0.1087,-0.5163,0.1546,0
NCFB-007256,3.9359,0.9728,1.6698,5.6167,1.0687,1
NCFB-007257,0.121,0.2566,0.1953,0.0095,0.044,0
NCFB-007258,0.1008,0.1102,0.0169,0.1234,0.2581,0
NCFB-007259,0.2106,0.1668,0.137,-0.5338,0.0619,0
NCFB-007260,0.639,0.1662,0.0185,0.209,0.2169,0
NCFB-007261,0.4031,0.152,0.0564,0.6674,0.1619,0
NCFB-007262,0.169,0.1226,0.2205,1.4188,0.0323,0
NCFB-007263,0.0193,0.1713,0.1174,0.1176,0.0173,0
NCFB-007264,0.1794,0.0998,0.0138,-0.5736,0.2938,0
NCFB-007265,1.0153,0.1106,0.1685,-0.5173,0.0203,0
NCFB-007266,0.0088,0.4694,0.2309,-0.7922,0.1662,0
NCFB-007267,0.0312,0.0942,0.3533,0.6613,0.0205,0
NCFB-007268,0.0084,0.0198,0.0532,0.6822,0.0187,0
NCFB-007269,0.0071,0.5422,0.2164,0.0968,0.0538,0
NCFB-007270,0.1423,0.1987,0.0719,-0.5119,0.1809,0
NCFB-007271,0.2288,0.0247,0.334,-0.0938,0.1594,0
NCFB-007272,0.118,0.141,0.0616,-0.0017,0.0445,0
NCFB-007273,0.1629,0.4196,0.3824,-0.1532,0.232,0
NCFB-007274,0.1389,0.4021,0.0661,-0.6156,0.065,0
NCFB-007275,0.8771,0.1649,0.0264,-0.0849,0.1686,0
NCFB-007276,0.1781,0.3276,0.1397,-0.6672,0.0907,0
NCFB-007277,0.0452,0.1225,0.0975,-0.8577,0.1105,0
NCFB-007278,0.2128,0.0479,0.0894,-0.7342,0.1741,0
NCFB-007279,1.0196,0.2048,0.0252,-0.6634,0.2931,0
NCFB-007280,0.9707,0.1612,0.2881,0.4004,0.1919,0
NCFB-007281,0.34,0.0536,0.1443,-0.1542,0.0978,0
NCFB-007282,0.0386,0.238,0.0276,-0.0604,0.0901,0
NCFB-007283,0.1836,0.0358,0.1089,-1.0303,0.0081,0
NCFB-007284,0.5179,0.2959,0.0288,0.9646,0.1637,0
NCFB-007285,0.2317,0.0686,0.0065,0.6021,0.0195,0
NCFB-007286,0.5292,0.2852,0.0053,0.4413,0.4121,0
NCFB-007287,0.4191,0.1901,0.1677,0.8762,0.5422,0
NCFB-007288,0.9636,0.0636,0.2156,0.0983,0.0901,0
NCFB-007289,0.3541,0.0973,0.0583,-0.0592,0.1601,0
NCFB-007290,0.0032,0.1586,0.0466,0.5258,0.0289,0
NCFB-007291,0.5175,0.0817,0.1435,0.1045,0.1543,0
NCFB-007292,0.096,0.0162,0.0373,0.7629,0.2,0
NCFB-007293,0.2402,0.1548,0.0859,-1.2708,0.6236,0
NCFB-007294,0.2679,0.0626,0.0523,-0.3846,0.2189,0
NCFB-007295,0.1538,0.086,0.041,0.0805,0.1308,0
NCFB-007296,0.4353,0.4037,0.0322,0.7445,0.317,0
NCFB-007297,0.072,0.0259,0.1271,0.4191,0.2139,0
NCFB-007298,0.4746,0.318,0.1028,-0.8642,0.1217,0
NCFB-007299,0.3468,0.3163,0.2543,-0.0077,0.0058,0
NCFB-007300,0.4876,0.0668,0.0223,1.1657,0.0204,0
NCFB-007301,0.7024,0.105,0.0414,-0.7522,0.0589,0
NCFB-007302,0.2757,0.3625,0.0147,0.2077,0.2322,0
NCFB-007303,0.9673,0.0304,0.3545,1.1395,0.0188,0
NCFB-007304,1.0512,0.1773,0.023,0.2085,0.109,0
NCFB-007305,0.608,0.1587,0.0402,-0.5695,0.2108,0
NCFB-007306,0.685,0.3154,0.0173,0.3845,0.0947,0
NCFB-007307,0.5205,0.22,0.0028,-1.0574,0.0951,0
NCFB-007308,0.0533,0.0701,0.0104,-1.293,0.0422,0
NCFB-007309,3.8953,0.8432,0.7684,4.9088,2.3334,1
NCFB-007310,0.2534,0.0989,0.0321,-0.468,0.0931,0
NCFB-007311,1.327,0.1376,0.0548,0.6264,0.4465,0
NCFB-007312,0.5946,0.0726,0.0407,0.6523,0.1424,0
NCFB-007313,1.0754,0.2568,0.1118,-0.5209,0.1843,0
NCFB-007314,0.0969,0.1066,0.0222,0.3927,0.2984,0
NCFB-007315,0.503,0.0782,0.0152,-0.3335,0.0116,0
NCFB-007316,0.1456,0.0836,0.0122,-0.843,0.062,0
NCFB-007317,0.3358,0.1942,0.0373,0.7583,0.0239,0
NCFB-007318,0.5942,0.2243,0.0265,0.4725,0.0993,0
NCFB-007319,0.0611,0.0558,0.3743,-0.6765,0.4389,0
NCFB-007320,0.3282,0.1482,0.1589,0.4057,0.0339,0
NCFB-007321,0.0824,0.0761,0.0432,-0.1471,0.0724,0
NCFB-007322,0.2956,0.1584,0.0602,0.0807,0.0076,0
NCFB-007323,0.2564,0.1314,0.0428,-0.22,0.1725,0
NCFB-007324,0.2379,0.0486,0.003,0.0462,0.2684,0
NCFB-007325,0.9765,0.088,0.033,0.3106,0.3953,0
NCFB-007326,0.2961,0.0073,0.1392,-0.2364,0.0062,0
NCFB-007327,0.5312,0.1455,0.1026,0.729,0.0635,0
NCFB-007328,0.3038,0.0581,0.0395,0.0342,0.045,0
NCFB-007329,0.4078,0.0649,0.026,0.1555,0.331,0
NCFB-007330,0.0407,0.0652,0.2107,0.7555,0.035,0
NCFB-007331,0.3416,0.1135,0.1551,-0.5507,0.1789,0
NCFB-007332,0.5446,0.3202,0.0007,0.8628,0.1487,0
NCFB-007333,0.292,0.4196,0.1494,-1.6295,0.2089,0
NCFB-007334,0.9234,0.0101,0.064,-0.5445,0.6095,0
NCFB-007335,0.6542,0.0819,0.0459,-0.4804,0.036,0
NCFB-007336,0.2459,0.0683,0.0593,-0.5983,0.2225,0
NCFB-007337,0.0231,0.1635,0.2035,-0.4416,0.0146,0
NCFB-007338,0.1944,0.5027,0.2098,-0.5085,0.0412,0
NCFB-007339,0.1961,0.1722,0.1486,2.0122,0.0929,0
NCFB-007340,0.3989,0.2398,0.1234,0.5917,0.0202,0
NCFB-007341,0.9078,0.2593,0.1179,-1.1347,0.1183,0
NCFB-007342,0.2412,0.0083,0.2453,0.0661,0.0819,0
NCFB-007343,0.0263,0.0378,0.0306,-0.4643,0.248,0
NCFB-007344,0.0901,0.1345,0.0265,0.588,0.1189,0
NCFB-007345,0.4872,0.0047,0.301,-0.0697,0.2127,0
NCFB-007346,0.0204,0.0485,0.2224,1.5082,0.0356,0
NCFB-007347,0.7858,0.0768,0.0474,0.1724,0.5111,0
NCFB-007348,0.6583,0.0598,0.0049,1.0806,0.1333,0
NCFB-007349,0.2012,0.107,0.0899,0.8682,0.2791,0
NCFB-007350,0.1679,0.0651,0.1557,-0.2316,0.0087,0
NCFB-007351,0.5027,0.0842,0.0502,0.0798,0.0382,0
NCFB-007352,0.0797,0.3212,0.0895,-0.7522,0.2322,0
NCFB-007353,0.1657,0.0269,0.0448,0.114,0.0569,0
NCFB-007354,0.1503,0.0468,0.1592,0.7271,0.2458,0
NCFB-007355,0.2724,0.0445,0.0576,-1.7956,0.0454,0
NCFB-007356,0.8367,0.1616,0.083,-0.3995,0.3455,0
NCFB-007357,0.186,0.1094,0.0642,-0.2902,0.1287,0
NCFB-007358,0.235,0.2729,0.019,-0.7966,0.0857,0
NCFB-007359,0.0248,0.1218,0.251,-0.0026,0.5168,0
NCFB-007360,0.0959,0.0164,0.0315,-0.1106,0.0358,0
NCFB-007361,0.1055,0.0478,0.1966,0.436,0.0606,0
NCFB-007362,0.2046,0.2124,0.0148,0.176,0.0055,0
NCFB-007363,1.0505,0.0186,0.1692,-0.099,0.1591,0
NCFB-007364,3.4466,0.7955,1.148,4.6073,1.7753,1
NCFB-007365,1.1797,0.1067,0.1099,-0.1948,0.1518,0
NCFB-007366,0.2871,0.2571,0.1607,0.0634,0.0521,0
NCFB-007367,0.0577,0.19,0.0176,0.8319,0.178,0
NCFB-007368,0.0748,0.3941,0.2293,0.4702,0.0182,0
NCFB-007369,0.175,0.2088,0.1343,-0.133,0.3017,0
NCFB-007370,0.1043,0.1833,0.0879,-0.3877,0.2034,0
NCFB-007371,0.9595,0.0393,0.0857,-0.9869,0.1085,0
NCFB-007372,0.3035,0.1113,0.0774,1.313,0.0862,0
NCFB-007373,0.0967,0.1747,0.0162,-1.2455,0.4458,0
NCFB-007374,0.311,0.0428,0.0127,-0.1333,0.0367,0
NCFB-007375,0.2836,0.0093,0.0494,-0.7047,0.0361,0
NCFB-007376,0.5647,0.4134,0.0181,0.5782,0.1142,0
NCFB-007377,0.1552,0.0787,0.1474,-1.5169,0.5614,0
NCFB-007378,0.1427,0.3658,0.0194,-0.937,0.0061,0
NCFB-007379,0.0184,0.3704,0.5494,0.5848,0.0263,0
NCFB-007380,0.7011,0.1888,0.1424,-1.6845,0.3587,0
NCFB-007381,0.2381,0.0217,0.055,0.0358,0.2975,0
NCFB-007382,0.3634,0.1818,0.066,0.3294,0.1661,0
NCFB-007383,0.0059,0.1818,0.0105,0.2743,0.0193,0
NCFB-007384,0.2324,0.1191,0.0355,-0.7398,0.311,0
NCFB-007385,0.7362,0.1422,0.1411,0.5096,0.2081,0
NCFB-007386,0.1298,0.3435,0.0505,0.997,0.1896,0
NCFB-007387,0.0534,0.0537,0.0514,-1.151,0.1316,0
NCFB-007388,0.2301,0.2733,0.2041,-2.1149,0.2342,0
NCFB-007389,0.2973,0.2427,0.0102,0.193,0.1354,0
NCFB-007390,0.0832,0.2219,0.0617,1.806,0.2523,0
NCFB-007391,0.1,0.2596,0.0101,0.673,0.1598,0
NCFB-007392,0.9304,0.0692,0.0027,-0.3193,0.0469,0
NCFB-007393,0.0537,0.0578,0.0508,0.5289,0.0516,0
NCFB-007394,0.0491,0.1339,0.0543,0.217,0.0627,0
NCFB-007395,0.2493,0.215,0.0492,-0.8066,0.8005,0
NCFB-007396,0.2462,0.1222,0.072,0.4844,0.0059,0
NCFB-007397,2.9213,0.8064,1.2083,3.5953,1.8254,1
NCFB-007398,1.1923,0.0586,0.0086,-0.0036,0.1294,0
NCFB-007399,0.0991,0.0101,0.0951,0.034,0.3633,0
NCFB-007400,0.1412,0.0333,0.146,-0.0151,0.3439,0
NCFB-007401,0.0229,0.4963,0.0601,0.1671,0.421,0
NCFB-007402,0.8887,0.3464,0.0233,-1.1103,0.0239,0
NCFB-007403,0.1711,0.0607,0.224,0.8467,0.2543,0
NCFB-007404,0.3012,0.1784,0.0058,-0.7551,0.0603,0
NCFB-007405,0.7069,0.1937,0.1822,1.1479,0.0883,0
NCFB-007406,0.0297,0.0485,0.0622,0.8123,0.1506,0
NCFB-007407,0.1079,0.0776,0.1101,0.7016,0.004,0
NCFB-007408,0.9654,0.2856,0.1015,-0.3655,0.0294,0
NCFB-007409,0.0809,0.0725,0.1165,-0.2101,0.4632,0
NCFB-007410,0.6172,0.001,0.0512,-0.085,0.0348,0
NCFB-007411,0.4848,0.7449,0.1066,-1.0322,0.0618,0
NCFB-007412,0.4176,0.12,0.0132,0.1551,0.0011,0
NCFB-007413,0.266,0.4274,0.0187,-0.7789,0.1002,0
NCFB-007414,0.0615,0.1087,0.0872,-0.0253,0.0826,0
NCFB-007415,0.1093,0.4379,0.2002,0.9288,0.0718,0
NCFB-007416,0.3192,0.1053,0.003,-0.0813,0.6526,0
NCFB-007417,0.2515,0.1065,0.0598,-0.8459,0.0665,0
NCFB-007418,0.1444,0.2049,0.0198,1.404,0.0852,0
NCFB-007419,0.5354,0.0926,0.0714,1.1258,0.0805,0
NCFB-007420,0.656,0.076,0.1813,0.3326,0.0085,0
NCFB-007421,0.0411,0.0679,0.3383,1.8579,0.1343,0
NCFB-007422,0.296,0.0517,0.0564,-0.2655,0.0147,0
NCFB-007423,0.4424,0.196,0.0403,1.0249,0.3608,0
NCFB-007424,0.0701,0.264,0.3008,-0.3029,0.2301,0
NCFB-007425,0.0552,0.1947,0.0156,-0.8121,0.1567,0
NCFB-007426,2.3036,0.8632,1.5876,5.041,2.1886,1
NCFB-007427,0.1143,0.0192,0.4266,0.2022,0.1389,0
NCFB-007428,0.156,0.1062,0.0018,-0.0064,0.4577,0
NCFB-007429,3.3982,0.8577,1.4644,4.1151,1.838,1
NCFB-007430,0.0808,0.1148,0.0482,0.1044,0.0457,0
NCFB-007431,0.1265,0.0802,0.0894,-1.2141,0.0003,0
NCFB-007432,0.0063,0.0391,0.0218,-0.5232,0.1347,0
NCFB-007433,0.1208,0.3244,0.1002,1.4285,0.1215,0
NCFB-007434,0.0449,0.0067,0.1356,-0.0915,0.0341,0
NCFB-007435,1.4619,0.1683,0.0837,0.5891,0.7444,0
NCFB-007436,0.1952,0.0056,0.0214,-0.8834,0.1334,0
NCFB-007437,0.4206,0.1132,0.0802,0.9945,0.1265,0
NCFB-007438,0.1455,0.0665,0.0082,-1.3628,0.0492,0
NCFB-007439,0.3812,0.0853,0.3228,-0.9203,0.0575,0
NCFB-007440,0.3478,0.2714,0.021,-0.0444,0.2281,0
NCFB-007441,0.2592,0.181,0.1085,0.4458,0.4324,0
NCFB-007442,0.0385,0.1509,0.1131,0.3937,0.0048,0
NCFB-007443,0.3764,0.2623,0.0934,-1.4618,0.226,0
NCFB-007444,0.198,0.1304,0.0322,0.6893,0.036,0
NCFB-007445,0.025,0.4391,0.2689,0.4356,0.0759,0
NCFB-007446,0.0265,0.2042,0.0869,1.511,0.076,0
NCFB-007447,0.0256,0.0773,0.0983,-0.1632,0.0771,0
NCFB-007448,0.0537,0.2142,0.0748,-0.2647,0.0678,0
NCFB-007449,0.0254,0.149,0.1649,0.9124,0.0562,0
NCFB-007450,0.4927,0.126,0.0368,-0.6583,0.1976,0
NCFB-007451,0.3221,0.1075,0.0871,0.0386,0.1594,0
NCFB-007452,0.6012,0.2065,0.059,-0.5617,0.1219,0
NCFB-007453,0.3431,0.0482,0.1904,-2.2613,0.3283,0
NCFB-007454,0.3152,0.0273,0.0439,0.4409,0.1945,0
NCFB-007455,0.3578,0.1843,0.4808,0.34,0.1407,0
NCFB-007456,0.5721,0.3145,0.1133,0.1858,0.0103,0
NCFB-007457,0.2443,0.0237,0.0108,-0.0494,0.0457,0
NCFB-007458,0.8211,0.0896,0.0463,-0.3617,0.5749,0
NCFB-007459,0.1111,0.0313,0.1115,-0.1986,0.0138,0
NCFB-007460,0.0235,0.2958,0.0185,-0.3843,0.119,0
NCFB-007461,0.1719,0.1723,0.3531,0.4477,0.0646,0
NCFB-007462,0.7911,0.104,0.1422,-1.7052,0.1616,0
NCFB-007463,0.825,0.0183,0.3332,-0.1308,0.1557,0
NCFB-007464,0.5815,0.3268,0.0312,0.8393,0.0514,0
NCFB-007465,0.0742,0.3913,0.3821,0.0019,0.1794,0
NCFB-007466,0.0907,0.2891,0.0483,-0.6064,0.1946,0
NCFB-007467,0.2822,0.0981,0.1515,0.4171,0.559,0
NCFB-007468,0.4332,0.0705,0.1461,-0.2083,0.0274,0
NCFB-007469,0.2585,0.3714,0.0549,0.4675,0.0464,0
NCFB-007470,0.1736,0.1454,0.0896,0.513,0.1359,0
NCFB-007471,0.2955,0.1916,0.0507,0.8251,0.184,0
NCFB-007472,0.0576,0.1605,0.3394,-0.7537,0.1159,0
NCFB-007473,0.1679,0.236,0.2104,1.7572,0.3173,0
NCFB-007474,0.104,0.0256,0.0764,1.5406,0.158,0
NCFB-007475,0.3991,0.0934,0.0529,-0.6417,0.0153,0
NCFB-007476,0.0154,0.1714,0.3238,-0.4462,0.2259,0
NCFB-007477,0.6169,0.3922,0.0588,0.2966,0.0061,0
NCFB-007478,0.0645,0.1649,0.018,-0.0004,0.1121,0
NCFB-007479,1.2195,0.0425,0.4406,0.0994,0.0051,0
NCFB-007480,0.138,0.0372,0.1193,1.1145,0.1461,0
NCFB-007481,3.1231,0.9696,1.2361,4.3052,2.3348,1
NCFB-007482,0.4299,0.2001,0.0402,-0.7379,0.1704,0
NCFB-007483,0.2537,0.0451,0.0545,-0.1181,0.0319,0
NCFB-007484,0.2209,0.0529,0.2895,-0.8107,0.3533,0
NCFB-007485,0.1378,0.3739,0.1229,1.0648,0.0596,0
NCFB-007486,0.5305,0.142,0.0694,0.5532,0.0432,0
NCFB-007487,0.1727,0.0542,0.2161,-1.3957,0.0291,0
NCFB-007488,0.0516,0.3041,0.1321,-0.1868,0.197,0
NCFB-007489,0.3778,0.1559,0.0029,0.6474,0.369,0
NCFB-007490,0.1019,0.0842,0.1829,1.1575,0.0207,0
NCFB-007491,0.4828,0.5231,0.0579,-0.7497,0.0181,0
NCFB-007492,0.2299,0.0923,0.2644,-0.3082,0.0105,0
NCFB-007493,0.1789,0.0867,0.0641,-0.2289,0.056,0
NCFB-007494,0.111,0.0368,0.0369,-0.425,0.1533,0
NCFB-007495,0.9265,0.2423,0.2164,0.0454,0.1445,0
NCFB-007496,0.2096,0.1083,0.0825,0.8015,0.0819,0
NCFB-007497,2.6915,0.672,1.124,4.1639,2.054,1
NCFB-007498,0.3815,0.3047,0.1124,-0.2572,0.0792,0
NCFB-007499,0.1747,0.0202,0.0026,-0.988,0.0251,0
NCFB-007500,0.0518,0.0056,0.0141,-0.1614,0.011,0
NCFB-007501,0.5125,0.0425,0.118,1.0522,0.1808,0
NCFB-007502,0.133,0.1445,0.2102,0.5449,0.0023,0
NCFB-007503,0.2953,0.0498,0.1497,0.6658,0.6769,0
NCFB-007504,0.0,0.1022,0.0777,-0.7116,0.0803,0
NCFB-007505,2.7144,0.9074,1.1865,4.9881,1.4777,1
NCFB-007506,0.5816,0.0407,0.0989,0.893,0.5582,0
NCFB-007507,0.2045,0.3733,0.03,0.0813,0.0058,0
NCFB-007508,1.1289,0.0051,0.1422,-1.0392,0.0216,0
NCFB-007509,0.0799,0.2969,0.1335,0.9014,0.042,0
NCFB-007510,0.3682,0.2149,0.0248,0.0717,0.0924,0
NCFB-007511,0.0024,0.0714,0.0595,0.5034,0.1108,0
NCFB-007512,0.6233,0.3029,0.1179,0.8551,0.0042,0
NCFB-007513,0.468,0.1426,0.1714,0.6204,0.001,0
NCFB-007514,0.0734,0.1359,0.0726,0.717,0.0098,0
NCFB-007515,0.3933,0.1211,0.1321,-0.053,0.4058,0
NCFB-007516,0.5517,0.0257,0.0226,-0.735,0.0807,0
NCFB-007517,0.291,0.1746,0.0406,0.5413,0.1425,0
NCFB-007518,0.8074,0.0774,0.1131,1.2097,0.1554,0
NCFB-007519,0.2705,0.0747,0.0188,-0.4892,0.0134,0
NCFB-007520,0.6003,0.0873,0.2973,0.973,0.0693,0
NCFB-007521,0.2072,0.0859,0.0653,0.6251,0.1343,0
NCFB-007522,0.1062,0.1041,0.265,1.1358,0.1006,0
NCFB-007523,0.0421,0.411,0.1791,-0.534,0.3214,0
NCFB-007524,0.2621,0.0658,0.1098,-0.3138,0.0318,0
NCFB-007525,1.0528,0.0916,0.1783,-0.0759,0.1739,0
NCFB-007526,0.2374,0.1776,0.3195,-0.0806,0.1007,0
NCFB-007527,0.53,0.1078,0.1517,0.7763,0.0129,0
NCFB-007528,0.5649,0.2942,0.2669,0.9773,0.0639,0
NCFB-007529,0.1746,0.1619,0.0374,-0.9192,0.5102,0
NCFB-007530,0.2794,0.1155,0.4045,0.4959,0.0025,0
NCFB-007531,0.3919,0.0407,0.1267,0.1415,0.0347,0
NCFB-007532,0.3559,0.0724,0.065,0.1126,0.0318,0
NCFB-007533,0.1185,0.0655,0.0111,0.5846,0.0465,0
NCFB-007534,0.073,0.1489,0.0056,-0.2206,0.0178,0
NCFB-007535,0.5088,0.541,0.1711,0.3061,0.2374,0
NCFB-007536,1.517,0.1357,0.6585,0.5463,0.5011,0
NCFB-007537,0.1627,0.0718,0.0736,0.1208,0.0265,0
NCFB-007538,0.3308,0.1149,0.1043,-1.2491,0.0619,0
NCFB-007539,3.307,0.9517,1.182,5.1441,1.827,1
NCFB-007540,0.4395,0.3289,0.0654,-0.1651,0.0211,0
NCFB-007541,0.1984,0.0285,0.0449,-0.3065,0.2135,0
NCFB-007542,0.1768,0.1559,0.1539,-0.8813,0.4396,0
NCFB-007543,0.134,0.2025,0.0544,-0.4143,0.0102,0
NCFB-007544,0.2696,0.1013,0.0342,-0.5584,0.13,0
NCFB-007545,0.3014,0.4603,0.3311,0.1767,0.1008,0
NCFB-007546,0.2323,0.0106,0.0393,1.3535,0.0006,0
NCFB-007547,0.6127,0.029,0.2908,0.8041,0.0575,0
NCFB-007548,0.2026,0.1723,0.0194,0.9589,0.1265,0
NCFB-007549,0.848,0.1149,0.0618,-0.0985,0.0235,0
NCFB-007550,0.0315,0.2411,0.0327,1.0871,0.1277,0
NCFB-007551,0.4459,0.0953,0.1182,-0.3126,0.0812,0
NCFB-007552,0.1137,0.1014,0.1756,-0.4475,0.3404,0
NCFB-007553,0.4065,0.1492,0.1365,-0.1317,0.1107,0
NCFB-007554,0.2539,0.2748,0.26,-0.4605,0.1542,0
NCFB-007555,0.3315,0.0257,0.1507,0.8301,0.0713,0
NCFB-007556,0.2251,0.1593,0.1075,-1.6476,0.0179,0
NCFB-007557,0.3956,0.1003,0.3521,-1.6074,0.1408,0
NCFB-007558,0.0597,0.2305,0.0338,0.1305,0.0554,0
NCFB-007559,0.1777,0.4465,0.01,-0.2637,0.2054,0
NCFB-007560,0.271,0.1374,0.1484,0.9191,0.0793,0
NCFB-007561,0.5321,0.1276,0.1342,-0.9505,0.2442,0
NCFB-007562,0.0434,0.2042,0.0421,0.0133,0.0246,0
NCFB-007563,0.0067,0.4128,0.7048,-1.0561,0.0283,0
NCFB-007564,0.2262,0.0462,0.1163,0.147,0.0197,0
NCFB-007565,0.1624,0.0505,0.0536,1.2849,0.0406,0
NCFB-007566,0.2205,0.009,0.1663,-2.0906,0.127,0
NCFB-007567,0.3215,0.3654,0.083,-0.5128,0.044,0
NCFB-007568,1.0647,0.158,0.2271,0.3115,0.1751,0
NCFB-007569,0.2213,0.2372,0.0507,-0.8383,0.0968,0
NCFB-007570,0.0574,0.1565,0.129,-0.0244,0.199,0
NCFB-007571,0.4942,0.1247,0.0505,1.3649,0.2441,0
NCFB-007572,0.596,0.0372,0.0975,-0.4688,0.2211,0
NCFB-007573,0.5163,0.0166,0.6499,-1.0372,0.1825,0
NCFB-007574,0.0969,0.0723,0.4879,0.057,0.1233,0
NCFB-007575,0.039,0.4561,0.042,0.7742,0.1384,0
NCFB-007576,0.366,0.3132,0.0858,0.8056,0.2668,0
NCFB-007577,0.2679,0.2182,0.0318,-0.0511,0.0846,0
NCFB-007578,0.3614,0.1686,0.0503,0.3372,0.1092,0
NCFB-007579,0.3378,0.2198,0.0592,0.3144,0.0055,0
NCFB-007580,0.0417,0.0548,0.1232,-0.2439,0.0565,0
NCFB-007581,0.3702,0.091,0.1194,0.6115,0.0569,0
NCFB-007582,0.2745,0.0393,0.1478,-0.7483,0.4996,0
NCFB-007583,3.7182,0.798,1.624,4.1544,1.4422,1
NCFB-007584,0.117,0.1001,0.0429,0.6803,0.0257,0
NCFB-007585,0.0241,0.09,0.0277,1.0298,0.0162,0
NCFB-007586,0.5215,0.0907,0.0513,0.3529,0.0126,0
NCFB-007587,0.1035,0.0952,0.0396,0.742,0.0125,0
NCFB-007588,0.0312,0.0651,0.1432,-1.4472,0.0899,0
NCFB-007589,0.4324,0.0776,0.0959,0.2301,0.2714,0
NCFB-007590,0.0644,0.4153,0.7075,-1.3198,0.052,0
NCFB-007591,0.7681,0.0691,0.1331,-0.0197,0.1281,0
NCFB-007592,2.8748,0.9793,1.329,5.2767,1.6272,1
NCFB-007593,0.3303,0.1345,0.2017,-0.5425,0.0685,0
NCFB-007594,0.1029,0.0746,0.06,-0.1517,0.3677,0
NCFB-007595,0.4116,0.5608,0.0524,-0.6974,0.2499,0
NCFB-007596,0.2084,0.3371,0.0378,0.6796,0.1425,0
NCFB-007597,0.0768,0.1242,0.0687,0.1929,0.1174,0
NCFB-007598,0.1017,0.0583,0.1244,0.0913,0.1566,0
NCFB-007599,0.0419,0.0365,0.3504,-2.0759,0.0738,0
NCFB-007600,0.6503,0.1448,0.122,-0.6901,0.0512,0
NCFB-007601,2.0273,0.2554,0.1423,0.2781,0.1528,0
NCFB-007602,0.0314,0.0529,0.1734,0.6091,0.1256,0
NCFB-007603,0.8386,0.2338,0.3135,-0.1911,0.0178,0
NCFB-007604,0.2342,0.0581,0.0739,0.5254,0.1153,0
NCFB-007605,0.208,0.0838,0.4627,0.9488,0.0229,0
NCFB-007606,0.0045,0.1229,0.1003,-0.46,0.5696,0
NCFB-007607,0.3051,0.258,0.0721,-0.7615,0.0869,0
NCFB-007608,0.3638,0.0094,0.1959,0.0432,0.0243,0
NCFB-007609,0.3245,0.1293,0.2519,-0.1453,0.1912,0
NCFB-007610,0.0188,0.2101,0.0267,-0.7381,0.0209,0
NCFB-007611,0.7458,0.342,0.1857,-0.2595,0.2514,0
NCFB-007612,0.2028,0.078,0.0082,-0.1632,0.7312,0
NCFB-007613,0.3406,0.0687,0.0847,-0.2031,0.0015,0
NCFB-007614,0.1675,0.0763,0.0684,0.1797,0.0049,0
NCFB-007615,0.0855,0.0159,0.2459,0.3757,0.0351,0
NCFB-007616,0.1099,0.4197,0.114,0.8798,0.0175,0
NCFB-007617,0.2191,0.1819,0.0491,0.4899,0.22,0
NCFB-007618,0.8093,0.0691,0.0195,-1.1263,0.1217,0
NCFB-007619,0.5698,0.2584,0.0109,0.2142,0.0414,0
NCFB-007620,0.5359,0.0576,0.1271,0.3215,0.0602,0
NCFB-007621,0.0367,0.3937,0.0476,-0.3395,0.169,0
NCFB-007622,0.7983,0.1011,0.0397,0.3683,0.2318,0
NCFB-007623,0.4544,0.0342,0.0089,-0.2727,0.319,0
NCFB-007624,0.0627,0.2187,0.1379,-0.1868,0.093,0
NCFB-007625,0.0202,0.1592,0.0541,-0.9943,0.0728,0
NCFB-007626,0.0405,0.0715,0.2012,-0.4807,0.1746,0
NCFB-007627,0.027,0.2355,0.0318,0.6472,0.1119,0
NCFB-007628,0.0141,0.1929,0.6676,0.0017,0.0116,0
NCFB-007629,0.2162,0.1041,0.1583,-0.3153,0.2755,0
NCFB-007630,3.6317,0.9223,1.675,4.9406,1.8742,1
NCFB-007631,0.1236,0.132,0.3092,-0.5121,0.0458,0
NCFB-007632,0.4779,0.0659,0.1901,0.134,0.16,0
NCFB-007633,0.2411,0.3368,0.0254,-0.7909,0.4861,0
NCFB-007634,0.1186,0.0531,0.2142,-0.5953,0.041,0
NCFB-007635,0.0731,0.1527,0.1343,0.2904,0.1899,0
NCFB-007636,0.5961,0.2447,0.0436,0.0266,0.2928,0
NCFB-007637,0.2146,0.1278,0.046,-1.4732,0.1544,0
NCFB-007638,0.5543,0.0673,0.3625,0.4946,0.0575,0
NCFB-007639,3.4004,0.8623,1.4776,4.4601,1.606,1
NCFB-007640,0.039,0.1384,0.0515,-0.7313,0.3809,0
NCFB-007641,1.2495,0.4977,0.0187,-0.0903,0.1272,0
NCFB-007642,0.1067,0.0743,0.0408,-0.5928,0.0001,0
NCFB-007643,0.3594,0.1583,0.0572,-0.082,0.1722,0
NCFB-007644,1.2241,0.1633,0.0237,-0.2172,0.0052,0
NCFB-007645,0.0839,0.3147,0.0711,-0.5142,0.1724,0
NCFB-007646,0.0146,0.0753,0.0539,-0.5035,0.1768,0
NCFB-007647,0.3272,0.0949,0.188,-0.2019,0.2468,0
NCFB-007648,0.2015,0.2099,0.1369,-0.4915,0.1294,0
NCFB-007649,0.0284,0.1216,0.012,1.611,0.5998,0
NCFB-007650,0.2753,0.1703,0.315,-1.3584,0.0537,0
NCFB-007651,0.324,0.0473,0.1833,-0.8568,0.0584,0
NCFB-007652,0.1556,0.0826,0.016,-0.2818,0.0958,0
NCFB-007653,0.4887,0.3712,0.0374,1.4242,0.2106,0
NCFB-007654,0.5732,0.0508,0.0368,-1.7426,0.0303,0
NCFB-007655,0.3666,0.1103,0.1147,1.3938,0.0278,0
NCFB-007656,0.2024,0.0173,0.0032,0.5551,0.1789,0
NCFB-007657,0.2161,0.1574,0.2587,-0.5791,0.4914,0
NCFB-007658,0.0822,0.3041,0.0637,0.7594,0.0285,0
NCFB-007659,2.6576,2.2953,2.6175,1.5165,2.3605,0
NCFB-007660,0.1126,0.4111,0.0428,-0.2116,0.2574,0
NCFB-007661,0.6759,0.0547,0.1537,-0.4244,0.0215,0
NCFB-007662,0.6043,0.0304,0.1161,0.4171,0.0849,0
NCFB-007663,0.312,0.2736,0.0268,-0.7622,0.0777,0
NCFB-007664,0.09,0.0526,0.0963,-0.5106,0.1191,0
NCFB-007665,0.1889,0.3046,0.0032,1.3189,0.482,0
NCFB-007666,0.0229,0.1158,0.0519,0.1213,0.2275,0
NCFB-007667,0.2337,0.246,0.0669,-1.0978,0.153,0
NCFB-007668,0.1754,0.0764,0.2538,0.0322,0.1726,0
NCFB-007669,0.882,0.3185,0.0649,-0.5591,0.1509,0
NCFB-007670,0.0814,0.0151,0.0331,0.5539,0.0103,0
NCFB-007671,0.7694,0.1052,0.0269,0.6235,0.4102,0
NCFB-007672,0.2516,0.2608,0.0514,-1.1192,0.3452,0
NCFB-007673,0.3085,0.1259,0.0352,-0.2218,0.142,0
NCFB-007674,0.0612,0.1059,0.0482,-1.3466,0.1088,0
NCFB-007675,0.3716,0.1549,0.2116,0.4132,0.0048,0
NCFB-007676,0.6522,0.0511,0.0215,-1.1194,0.4086,0
NCFB-007677,0.2812,0.3292,0.0869,-0.6499,0.001,0
NCFB-007678,0.5164,0.0434,0.0198,-0.7248,0.3546,0
NCFB-007679,0.2919,0.0935,0.3581,0.2037,0.005,0
NCFB-007680,0.1602,0.0615,0.0951,0.0599,0.2326,0
NCFB-007681,0.2639,0.1511,0.121,-0.3762,0.111,0
NCFB-007682,0.2162,0.0451,0.034,-0.5108,0.1935,0
NCFB-007683,0.0707,0.1761,0.026,-0.1795,0.0018,0
NCFB-007684,0.3627,0.1927,0.138,0.2357,0.057,0
NCFB-007685,0.3568,0.2853,0.1169,0.5758,0.1809,0
NCFB-007686,0.0359,0.0553,0.1311,-0.4402,0.1943,0
NCFB-007687,0.0498,0.3142,0.3086,-0.5928,0.0876,0
NCFB-007688,0.8103,0.0622,0.1747,0.5449,0.0013,0
NCFB-007689,0.0177,0.0675,0.0636,1.7298,0.4048,0
NCFB-007690,0.2545,0.0221,0.0875,0.2108,0.0111,0
NCFB-007691,0.0151,0.0304,0.0006,-1.1485,0.7849,0
NCFB-007692,0.1153,0.1614,0.0469,0.0572,0.1082,0
NCFB-007693,0.1854,0.0462,0.1426,0.5698,0.2242,0
NCFB-007694,0.1186,0.1241,0.0413,1.2494,0.0643,0
NCFB-007695,0.3661,0.1986,0.1316,-0.8631,0.0894,0
NCFB-007696,0.1897,0.0359,0.2065,0.6507,0.0183,0
NCFB-007697,0.5741,0.1186,0.1012,-0.7603,0.0754,0
NCFB-007698,0.1033,0.1148,0.0463,1.2847,0.25,0
NCFB-007699,0.211,0.0291,0.0035,0.0915,0.1051,0
NCFB-007700,0.0899,0.1418,0.0497,1.0774,0.0341,0
NCFB-007701,0.3814,0.1327,0.0699,-0.8752,0.0495,0
NCFB-007702,0.3724,0.0697,0.1158,-0.4179,0.0585,0
NCFB-007703,1.0931,0.1836,0.0134,-1.3724,0.1564,0
NCFB-007704,0.4946,0.0759,0.102,0.2541,0.5229,0
NCFB-007705,0.5618,0.0884,0.0414,0.5671,0.0882,0
NCFB-007706,0.0157,0.2591,0.4532,-0.2437,0.0824,0
NCFB-007707,0.1605,0.2193,0.0119,0.6876,0.0424,0
NCFB-007708,0.5663,0.1494,0.3056,0.3378,0.4615,0
NCFB-007709,0.0641,0.1246,0.1656,1.7872,0.0548,0
NCFB-007710,0.189,0.2831,0.2196,0.8263,0.479,0
NCFB-007711,0.3686,0.076,0.0144,-0.1925,0.205,0
NCFB-007712,0.2885,0.1737,0.0559,1.5604,0.0758,0
NCFB-007713,0.1766,0.2478,0.1662,0.7073,0.1608,0
NCFB-007714,0.2797,0.0412,0.1267,0.6869,0.1365,0
NCFB-007715,0.0141,0.0145,0.1909,0.9681,0.0045,0
NCFB-007716,0.487,0.0699,0.0572,0.5285,0.026,0
NCFB-007717,0.7328,0.0999,0.1499,-1.8294,0.027,0
NCFB-007718,0.1119,0.1373,0.0124,-0.4984,0.0203,0
NCFB-007719,0.0793,0.4122,0.169,-0.5467,0.25,0
NCFB-007720,0.597,0.0382,0.0976,0.1204,0.2408,0
NCFB-007721,0.2509,0.1273,0.0879,1.632,0.0954,0
NCFB-007722,0.1078,0.1369,0.1886,0.66,0.299,0
NCFB-007723,0.1149,0.2487,0.117,0.8861,0.064,0
NCFB-007724,0.9135,0.1686,0.0584,-0.9975,0.0316,0
NCFB-007725,0.2837,0.1815,0.2337,0.6155,0.2597,0
NCFB-007726,0.0714,0.2162,0.0151,-0.433,0.6045,0
NCFB-007727,0.1079,0.1407,0.3286,0.3968,0.0577,0
NCFB-007728,0.0485,0.1451,0.041,-1.3471,0.1898,0
NCFB-007729,0.4202,0.3243,0.0753,-0.5878,0.1736,0
NCFB-007730,0.1804,0.2428,0.1227,-0.4069,0.1142,0
NCFB-007731,0.3912,0.0316,0.0063,-0.6088,0.1011,0
NCFB-007732,0.2461,0.0285,0.0714,-0.1531,0.1375,0
NCFB-007733,2.7118,0.7274,1.2891,5.701,2.0587,1
NCFB-007734,1.2959,0.1559,0.0071,0.7765,0.0037,0
NCFB-007735,0.8762,0.0779,0.0968,-0.466,0.3286,0
NCFB-007736,0.4168,0.1475,0.0147,-0.7292,0.4119,0
NCFB-007737,1.9466,0.015,0.0182,-0.2764,0.5182,0
NCFB-007738,0.1807,0.2836,0.0386,0.6153,0.0228,0
NCFB-007739,0.1598,0.5474,0.0607,1.348,0.2029,0
NCFB-007740,0.3083,0.2783,0.234,0.4292,0.0974,0
NCFB-007741,0.4153,0.1092,0.0978,-0.4888,0.1511,0
NCFB-007742,0.7792,0.0955,0.2343,1.2859,0.0057,0
NCFB-007743,0.5629,0.122,0.0844,0.7889,0.11,0
NCFB-007744,0.3079,0.1143,0.2063,0.0638,0.097,0
NCFB-007745,0.1709,0.1521,0.0823,0.6006,0.1007,0
NCFB-007746,0.2542,0.0159,0.0787,-0.4994,0.0208,0
NCFB-007747,0.1126,0.0364,0.0496,-0.2692,0.038,0
NCFB-007748,0.0962,0.0478,0.0374,-0.4177,0.0336,0
NCFB-007749,0.0041,0.0332,0.4494,0.3149,0.0267,0
NCFB-007750,0.4257,0.0344,0.0784,0.1421,0.0438,0
NCFB-007751,0.019,0.1389,0.1176,-0.4249,0.1502,0
NCFB-007752,0.0471,0.0566,0.1708,-0.3376,0.0202,0
NCFB-007753,0.6058,0.2628,0.093,0.0928,0.0094,0
NCFB-007754,0.0599,0.2057,0.1649,-1.2313,0.16,0
NCFB-007755,0.1214,0.0895,0.0873,0.326,0.1867,0
NCFB-007756,2.8157,0.8685,1.0868,5.2033,1.62,1
NCFB-007757,0.0891,0.3031,0.0492,-0.7261,0.2371,0
NCFB-007758,0.2251,0.134,0.1517,-0.1209,0.1552,0
NCFB-007759,0.2248,0.1363,0.1499,-0.884,0.2637,0
NCFB-007760,3.0291,0.844,1.31,5.4039,1.5302,1
NCFB-007761,0.1419,0.0638,0.2105,0.9756,0.0191,0
NCFB-007762,3.4333,0.9263,1.2793,4.4808,1.8943,1
NCFB-007763,2.5441,0.8612,1.3783,4.5707,1.8537,1
NCFB-007764,0.0983,0.2339,0.0226,0.999,0.0082,0
NCFB-007765,0.4801,0.0761,0.0585,0.1544,0.0538,0
NCFB-007766,1.024,0.1156,0.0348,-0.9533,0.4668,0
NCFB-007767,0.0931,0.2201,0.0365,-0.4018,0.1475,0
NCFB-007768,0.0305,0.1489,0.0261,-0.4989,0.0799,0
NCFB-007769,0.6579,0.0777,0.0038,0.7405,0.0109,0
NCFB-007770,0.2234,0.2427,0.0224,0.0489,0.0211,0
NCFB-007771,0.4817,0.1127,0.0228,-0.7875,0.0166,0
NCFB-007772,0.0217,0.1064,0.0372,-1.1956,0.2102,0
NCFB-007773,0.4111,0.1519,0.0326,-0.8133,0.0397,0
NCFB-007774,0.0087,0.078,0.0652,1.4341,0.0228,0
NCFB-007775,0.1402,0.2223,0.1488,0.8263,0.343,0
NCFB-007776,0.1275,0.0919,0.3081,-0.1511,0.0547,0
NCFB-007777,0.0742,0.2053,0.0215,0.8163,0.1456,0
NCFB-007778,0.2415,0.1689,0.1385,0.8872,0.0423,0
NCFB-007779,0.3813,0.2918,0.4553,-1.0756,0.049,0
NCFB-007780,0.2653,0.0885,0.142,-0.1177,0.0559,0
NCFB-007781,0.2613,0.2882,0.3177,-0.4856,0.1512,0
NCFB-007782,0.1334,0.341,0.0215,0.3909,0.0074,0
NCFB-007783,0.6334,0.0325,0.0159,0.3643,0.0905,0
NCFB-007784,0.0508,0.1067,0.009,0.4538,0.5396,0
NCFB-007785,0.652,0.1496,0.23,-0.4754,0.0198,0
NCFB-007786,0.9453,0.1891,0.0603,1.1658,0.0459,0
NCFB-007787,1.0644,0.0685,0.0529,1.6783,0.0893,0
NCFB-007788,0.1163,0.0928,0.1119,0.2188,0.0506,0
NCFB-007789,0.3343,0.291,0.0051,-0.7757,0.0855,0
NCFB-007790,0.0767,0.342,0.1646,0.4976,0.1654,0
NCFB-007791,0.7325,0.1866,0.1034,0.4888,0.1856,0
NCFB-007792,0.2074,0.1127,0.0575,-0.2383,0.2386,0
NCFB-007793,0.0539,0.131,0.018,0.2748,0.0629,0
NCFB-007794,3.0151,0.7466,1.3192,4.1858,1.8345,1
NCFB-007795,0.121,0.0937,0.0815,-0.2847,0.0709,0
NCFB-007796,0.0286,0.0336,0.0273,0.3687,0.0158,0
NCFB-007797,0.3502,0.2039,0.0591,-0.0039,0.3267,0
NCFB-007798,2.2903,0.1042,0.1491,-0.539,0.0457,0
NCFB-007799,0.7191,0.1347,0.0563,0.0412,0.0292,0
NCFB-007800,0.9588,0.0524,0.1452,0.1997,0.1105,0
NCFB-007801,0.1007,0.1191,0.1729,0.6474,0.2158,0
NCFB-007802,0.6668,0.4346,0.0113,0.087,0.0473,0
NCFB-007803,0.2311,0.0163,0.1673,0.9314,0.0483,0
NCFB-007804,0.0293,0.086,0.1153,-0.691,0.1996,0
NCFB-007805,0.0216,0.1587,0.0387,1.7741,0.0926,0
NCFB-007806,0.3603,0.2608,0.0271,-0.5607,0.0125,0
NCFB-007807,0.6367,0.3267,0.0913,-0.8172,0.2838,0
NCFB-007808,0.0164,0.1979,0.0067,0.1271,0.3431,0
NCFB-007809,0.2965,0.0313,0.0373,0.3364,0.1145,0
NCFB-007810,0.7173,0.2752,0.0343,0.3662,0.0951,0
NCFB-007811,0.67,0.1868,0.2286,0.4941,0.2048,0
NCFB-007812,0.0089,0.1141,0.0288,1.139,0.2049,0
NCFB-007813,1.1598,0.1245,0.3376,-0.8465,0.102,0
NCFB-007814,0.8499,0.3393,0.0048,-0.5704,0.147,0
NCFB-007815,0.1644,0.209,0.0863,-0.1615,0.077,0
NCFB-007816,1.14,0.1424,0.1339,-0.3532,0.4151,0
NCFB-007817,0.6195,0.2163,0.1851,-0.0048,0.1652,0
NCFB-007818,2.1451,0.0649,0.1254,0.3484,0.3419,0
NCFB-007819,0.4229,0.2211,0.134,-0.7007,0.039,0
NCFB-007820,0.3105,0.134,0.1435,0.2935,0.0295,0
NCFB-007821,0.5533,0.1349,0.0454,1.2099,0.2764,0
NCFB-007822,0.0351,0.0271,0.0101,-0.0049,0.0105,0
NCFB-007823,0.4966,0.0916,0.268,-0.3273,0.0991,0
NCFB-007824,0.0352,0.281,0.1282,0.49,0.1184,0
NCFB-007825,0.1552,0.1815,0.1246,0.1688,0.0351,0
NCFB-007826,0.4021,0.1117,0.1133,0.5307,0.2666,0
NCFB-007827,0.1191,0.0296,0.1109,0.6484,0.0849,0
NCFB-007828,0.1242,0.1215,0.1083,-0.4127,0.248,0
NCFB-007829,0.4127,0.1127,0.0259,1.3152,0.1389,0
NCFB-007830,0.3141,0.553,0.0324,0.8953,0.1152,0
NCFB-007831,0.1961,0.0452,0.0515,0.5282,0.1619,0
NCFB-007832,3.2692,0.9912,1.1524,5.6807,1.2847,1
NCFB-007833,0.5687,0.1878,0.1425,0.6053,0.4229,0
NCFB-007834,0.0682,0.1849,0.0023,0.3448,0.1791,0
NCFB-007835,0.0807,0.3325,0.0531,-0.194,0.0126,0
NCFB-007836,3.1233,0.7972,1.4764,4.8671,2.0482,1
NCFB-007837,0.1541,0.3099,0.0196,-0.1348,0.4978,0
NCFB-007838,0.677,0.0689,0.1043,0.252,0.0625,0
NCFB-007839,0.6411,0.2782,0.1773,-0.394,0.1747,0
NCFB-007840,0.416,0.1196,0.0171,-0.0026,0.0362,0
NCFB-007841,3.2371,0.961,0.7155,4.3697,1.8816,1
NCFB-007842,0.849,0.2589,0.2137,0.7797,0.021,0
NCFB-007843,0.1257,0.1285,0.066,-1.5665,0.1281,0
NCFB-007844,0.373,0.1768,0.1396,0.0065,0.0955,0
NCFB-007845,0.0433,0.2927,0.1393,-0.882,0.527,0
NCFB-007846,0.1991,0.1193,0.0054,0.9829,0.3997,0
NCFB-007847,0.3802,0.0707,0.03,0.7599,0.0399,0
NCFB-007848,0.1979,0.291,0.0273,0.7958,0.0315,0
NCFB-007849,0.3538,0.309,0.3199,1.4542,0.1138,0
NCFB-007850,2.2596,2.387,2.2772,2.4819,2.441,0
NCFB-007851,1.6617,0.2738,0.1747,0.5856,0.0625,0
NCFB-007852,0.2935,0.3408,0.0987,0.6628,0.0978,0
NCFB-007853,0.152,0.23,0.0768,-0.574,0.3074,0
NCFB-007854,0.4523,0.0946,0.0566,-1.0579,0.327,0
NCFB-007855,0.2455,0.2023,0.1058,0.0319,0.1608,0
NCFB-007856,2.0188,0.1473,0.0564,1.2469,0.1333,0
NCFB-007857,0.0078,0.1996,0.16,-0.1855,0.2024,0
NCFB-007858,0.0576,0.0228,0.1414,0.3853,0.575,0
NCFB-007859,0.1727,0.2189,0.3862,-0.7882,0.1619,0
NCFB-007860,0.2231,0.378,0.2202,-0.9614,0.136,0
NCFB-007861,0.0769,0.1245,0.2061,-0.176,0.047,0
NCFB-007862,0.1044,0.2013,0.1569,-0.3467,0.1018,0
NCFB-007863,0.9236,0.0694,0.1176,-1.3697,0.1059,0
NCFB-007864,0.3069,0.1743,0.0182,-0.2497,0.1764,0
NCFB-007865,0.0743,0.1462,0.029,-0.7493,0.0992,0
NCFB-007866,0.2493,0.1225,0.1531,0.3815,0.0048,0
NCFB-007867,0.3411,0.2322,0.175,-1.0671,0.1364,0
NCFB-007868,0.4121,0.5241,0.1258,0.3618,0.0123,0
NCFB-007869,0.1891,0.0715,0.0389,0.0892,0.3929,0
NCFB-007870,0.0721,0.1028,0.4414,-0.8304,0.0011,0
NCFB-007871,0.0743,0.0393,0.0237,-0.3262,0.1059,0
NCFB-007872,0.2306,0.164,0.1196,0.7897,0.1448,0
NCFB-007873,0.0005,0.0347,0.0832,0.1825,0.0663,0
NCFB-007874,0.2813,0.0291,0.1193,-1.008,0.0157,0
NCFB-007875,3.1712,0.905,1.1939,4.3634,2.0844,1
NCFB-007876,0.0124,0.1293,0.0548,0.5571,0.0982,0
NCFB-007877,0.0616,0.3003,0.2247,-0.2901,0.1755,0
NCFB-007878,0.8599,0.1369,0.1852,0.5291,0.1397,0
NCFB-007879,0.9506,0.0203,0.0355,0.4891,0.1433,0
NCFB-007880,0.2418,0.2531,0.0648,-0.8703,0.1311,0
NCFB-007881,0.108,0.0186,0.8427,0.1797,0.0237,0
NCFB-007882,1.0889,0.0817,0.2917,-0.1154,0.0745,0
NCFB-007883,0.1609,0.3344,0.1112,-1.3803,0.1161,0
NCFB-007884,0.3369,0.1222,0.0302,0.6609,0.1124,0
NCFB-007885,0.4386,0.114,0.067,-0.6388,0.0138,0
NCFB-007886,0.0728,0.2531,0.0694,0.0902,0.0698,0
NCFB-007887,0.6324,0.2299,0.0752,1.4495,0.0128,0
NCFB-007888,0.3457,0.4004,0.0598,-0.5209,0.1142,0
NCFB-007889,0.3382,0.1236,0.1242,0.7181,0.0326,0
NCFB-007890,0.1055,0.1531,0.007,-0.8988,0.0221,0
NCFB-007891,0.2123,0.4229,0.0413,0.1573,0.3932,0
NCFB-007892,0.2332,0.0283,0.2641,-1.0174,0.127,0
NCFB-007893,0.6263,0.0746,0.08,0.3715,0.5152,0
NCFB-007894,0.2239,0.2653,0.0526,0.2829,0.151,0
NCFB-007895,0.031,0.2238,0.2515,-0.1638,0.0053,0
NCFB-007896,0.5833,0.274,0.0882,-1.1717,0.0478,0
NCFB-007897,1.0656,0.1821,0.0395,-0.6801,0.5142,0
NCFB-007898,0.0487,0.1165,0.2765,0.2869,0.1409,0
NCFB-007899,0.294,0.0612,0.1745,-0.0358,0.1626,0
NCFB-007900,0.0713,0.1476,0.0597,-0.3242,0.0953,0
NCFB-007901,1.0867,0.1136,0.1443,-0.4148,0.004,0
NCFB-007902,0.3081,0.2292,0.2826,0.0493,0.1532,0
NCFB-007903,0.4382,0.1429,0.0006,0.1102,0.2832,0
NCFB-007904,0.2293,0.2111,0.0924,0.7184,0.3492,0
NCFB-007905,0.3838,0.3205,0.0498,1.2165,0.0663,0
NCFB-007906,0.2467,0.1754,0.2995,-0.3864,0.077,0
NCFB-007907,0.4988,0.0845,0.3326,-0.0938,0.0656,0
NCFB-007908,1.0585,0.1742,0.0559,-1.2531,0.0074,0
NCFB-007909,0.2116,0.1661,0.1146,0.3997,0.3676,0
NCFB-007910,0.3012,0.22,0.2843,-0.1453,0.2637,0
NCFB-007911,0.1558,0.0284,0.03,0.6825,0.0151,0
NCFB-007912,0.1853,0.3051,0.0212,1.0766,0.0629,0
NCFB-007913,0.3949,0.1462,0.1022,-0.3871,0.0108,0
NCFB-007914,0.1141,0.0019,0.0526,-0.4599,0.0061,0
NCFB-007915,0.1124,0.0699,0.1269,-0.1974,0.0177,0
NCFB-007916,0.3233,0.0155,0.1082,-1.437,0.1931,0
NCFB-007917,0.2948,0.1805,0.098,-0.0804,0.3269,0
NCFB-007918,0.4871,0.1183,0.0574,1.0055,0.3638,0
NCFB-007919,0.9213,0.1658,0.2369,-0.6595,0.5358,0
NCFB-007920,0.4531,0.2457,0.1095,0.1211,0.1487,0
NCFB-007921,2.7663,0.8186,0.7281,4.8539,1.8702,1
NCFB-007922,0.0033,0.106,0.0899,0.7742,0.0384,0
NCFB-007923,3.3942,0.8322,0.789,4.5779,1.7461,1
NCFB-007924,0.2081,0.0501,0.0022,-0.9039,0.1263,0
NCFB-007925,0.4438,0.11,0.0055,-1.02,0.0283,0
NCFB-007926,0.684,0.0267,0.0087,-0.5446,0.036,0
NCFB-007927,0.119,0.0089,0.0003,0.3454,0.1258,0
NCFB-007928,0.0197,0.1275,0.2205,0.1015,0.083,0
NCFB-007929,0.1366,0.2429,0.2483,-0.4222,0.3754,0
NCFB-007930,0.1353,0.2597,0.2197,-0.4922,0.3184,0
NCFB-007931,0.0712,0.0056,0.0144,0.6839,0.1832,0
NCFB-007932,0.0501,0.0822,0.0947,1.9853,0.1721,0
NCFB-007933,0.377,0.1171,0.1464,-0.647,0.0512,0
NCFB-007934,0.3812,0.0168,0.0922,0.4764,0.0458,0
NCFB-007935,0.1296,0.0317,0.0947,1.3215,0.2009,0
NCFB-007936,0.1953,0.1145,0.1227,-0.8778,0.0737,0
NCFB-007937,0.1178,0.1003,0.0072,-0.3176,0.0728,0
NCFB-007938,0.6144,0.0926,0.2208,0.1593,0.1449,0
NCFB-007939,0.1534,0.3835,0.1453,1.0476,0.024,0
NCFB-007940,0.9716,0.2126,0.0521,-0.5031,0.1289,0
NCFB-007941,0.0746,0.0163,0.0514,0.723,0.0349,0
NCFB-007942,0.1333,0.1656,0.0734,-0.7415,0.5109,0
NCFB-007943,0.0658,0.2622,0.1811,-0.9771,0.1185,0
NCFB-007944,0.0524,0.2046,0.0166,0.0528,0.4703,0
NCFB-007945,0.028,0.2433,0.0192,-0.9481,0.005,0
NCFB-007946,0.0672,0.0755,0.1494,-0.844,0.137,0
NCFB-007947,0.3556,0.1116,0.1111,-0.3167,0.0904,0
NCFB-007948,0.0232,0.0839,0.2418,0.0716,0.0055,0
NCFB-007949,0.1597,0.1287,0.0977,-0.1783,0.0641,0
NCFB-007950,0.1344,0.0611,0.2075,-0.8001,0.0285,0
NCFB-007951,3.0037,0.9643,1.055,4.3825,1.2418,1
NCFB-007952,0.2104,0.1401,0.1304,-0.9931,0.0192,0
NCFB-007953,0.0595,0.0606,0.1216,0.3962,0.4264,0
NCFB-007954,2.9347,0.7603,1.1247,4.3305,1.8876,1
NCFB-007955,0.4335,0.2606,0.1229,0.9721,0.1426,0
NCFB-007956,0.6743,0.1495,0.1072,0.2752,0.0324,0
NCFB-007957,0.1766,0.3898,0.0585,0.8352,0.0862,0
NCFB-007958,0.2319,0.0839,0.478,-0.5048,0.1844,0
NCFB-007959,0.104,0.1194,0.0118,-1.227,0.2006,0
NCFB-007960,0.0245,0.0499,0.0105,1.1875,0.1782,0
NCFB-007961,0.5743,0.1284,0.1115,-0.1195,0.061,0
NCFB-007962,0.365,0.0725,0.0484,-0.7825,0.0125,0
NCFB-007963,0.2083,0.1014,0.0415,-0.7281,0.0116,0
NCFB-007964,0.743,0.282,0.3452,-0.366,0.065,0
NCFB-007965,0.0571,0.0869,0.0034,0.6019,0.1251,0
NCFB-007966,0.0627,0.2592,0.0458,0.3533,0.0092,0
NCFB-007967,0.9383,0.2953,0.1026,-0.1422,0.0114,0
NCFB-007968,0.2364,0.2902,0.1462,1.3362,0.2328,0
NCFB-007969,0.0608,0.3264,0.2321,-0.7276,0.086,0
NCFB-007970,0.1202,0.1887,0.0692,0.8505,0.158,0
NCFB-007971,0.0821,0.2082,0.0172,0.4102,0.0189,0
NCFB-007972,0.5709,0.3336,0.3811,0.1496,0.012,0
NCFB-007973,0.4168,0.0329,0.0396,0.9751,0.009,0
NCFB-007974,0.3585,0.1749,0.0798,-0.0205,0.0043,0
NCFB-007975,0.0253,0.1203,0.3599,1.6164,0.0985,0
NCFB-007976,0.2532,0.3144,0.0736,-1.4777,0.0137,0
NCFB-007977,0.3616,0.2238,0.021,0.2453,0.104,0
NCFB-007978,3.439,0.9033,1.0096,4.6115,1.7872,1
NCFB-007979,0.2452,0.3139,0.0892,-1.0724,0.0073,0
NCFB-007980,1.0053,0.1842,0.0748,-0.5391,0.2637,0
NCFB-007981,0.841,0.0701,0.6453,-0.0395,0.0923,0
NCFB-007982,0.2466,0.0736,0.0222,-0.0594,0.0756,0
NCFB-007983,0.2679,0.1162,0.107,0.6217,0.1469,0
NCFB-007984,0.7655,0.3072,0.118,1.0558,0.0418,0
NCFB-007985,0.4017,0.2497,0.1085,-1.1094,0.1584,0
NCFB-007986,0.2489,0.0609,0.0751,0.2066,0.0812,0
NCFB-007987,0.2267,0.1992,0.0875,0.2951,0.1348,0
NCFB-007988,0.0157,0.261,0.3592,-0.056,0.0652,0
NCFB-007989,0.005,0.1388,0.0133,-0.1838,0.2443,0
NCFB-007990,1.3793,0.0602,0.0619,0.9786,0.0653,0
NCFB-007991,0.0311,0.0445,0.0658,0.5719,0.0545,0
NCFB-007992,0.5924,0.0125,0.0848,0.4138,0.1486,0
NCFB-007993,1.0828,0.1184,0.0061,1.2264,0.4159,0
NCFB-007994,0.9759,0.0363,0.0801,0.9208,0.0234,0
NCFB-007995,0.5062,0.0319,0.0093,0.1829,0.6342,0
NCFB-007996,0.2328,0.459,0.2019,0.6488,0.064,0
NCFB-007997,0.3009,0.1686,0.1305,0.3534,0.1995,0
NCFB-007998,0.2128,0.1094,0.0314,-0.2229,0.1579,0
NCFB-007999,0.1276,0.1651,0.1486,-0.2806,0.4522,0
NCFB-008000,0.0458,0.1167,0.3268,0.6646,0.0611,0
NCFB-008001,0.0778,0.3948,0.0223,-0.2371,0.1015,0
NCFB-008002,2.9595,0.79,1.1092,5.0835,1.6832,1
NCFB-008003,1.5029,0.174,0.0193,-1.1332,0.1609,0
NCFB-008004,0.4239,0.0137,0.1188,-0.6022,0.2555,0
NCFB-008005,0.0906,0.048,0.4118,0.2652,0.023,0
NCFB-008006,1.0606,0.364,0.0116,0.232,0.1005,0
NCFB-008007,0.4181,0.4211,0.0778,-0.7081,0.0513,0
NCFB-008008,0.2738,0.2312,0.0152,0.2796,0.024,0
NCFB-008009,0.1532,0.0237,0.0043,0.0566,0.1033,0
NCFB-008010,0.9197,0.1023,0.0759,0.4436,0.1205,0
NCFB-008011,0.8987,0.3178,0.0122,-1.4505,0.0218,0
NCFB-008012,0.4506,0.2005,0.0806,-0.5213,0.091,0
NCFB-008013,0.2729,0.1049,0.0985,0.3254,0.0566,0
NCFB-008014,0.5485,0.1321,0.173,0.1674,0.2471,0
NCFB-008015,0.0396,0.0097,0.22,0.2524,0.021,0
NCFB-008016,0.1134,0.0678,0.0368,-0.7787,0.0011,0
NCFB-008017,0.1839,0.188,0.01,-0.4114,0.012,0
NCFB-008018,0.4523,0.0876,0.2453,-0.6503,0.3647,0
NCFB-008019,0.3586,0.0896,0.0903,-0.7994,0.4917,0
NCFB-008020,0.1882,0.2838,0.017,0.0485,0.0585,0
NCFB-008021,0.5835,0.1698,0.0035,-0.0741,0.0119,0
NCFB-008022,0.0529,0.2205,0.1751,0.1267,0.6475,0
NCFB-008023,0.381,0.2005,0.2467,-0.8008,0.1683,0
NCFB-008024,0.0958,0.0693,0.3676,-1.4322,0.2247,0
NCFB-008025,0.2254,0.3514,0.0514,-0.6549,0.4029,0
NCFB-008026,0.2114,0.1421,0.0511,-0.6229,0.3068,0
NCFB-008027,0.082,0.0586,0.0868,-0.8553,0.188,0
NCFB-008028,0.0475,0.0697,0.1067,-0.3749,0.2717,0
NCFB-008029,0.093,0.2178,0.2621,-0.7639,0.0474,0
NCFB-008030,0.2557,0.5525,0.3188,-1.7722,0.126,0
NCFB-008031,0.4317,0.1597,0.2888,0.4963,0.0307,0
NCFB-008032,0.1403,0.0114,0.1621,-0.7101,0.109,0
NCFB-008033,0.156,0.1083,0.0948,-0.3886,0.1695,0
NCFB-008034,0.3104,0.0439,0.0737,-0.1892,0.0145,0
NCFB-008035,0.1256,0.2009,0.2136,0.3879,0.1056,0
NCFB-008036,0.21,0.1265,0.0084,-0.5292,0.0606,0
NCFB-008037,0.2784,0.265,0.0694,-0.1651,0.0374,0
NCFB-008038,0.0769,0.076,0.1549,-0.8373,0.2586,0
NCFB-008039,0.3959,0.1271,0.0436,-0.7911,0.0755,0
NCFB-008040,0.7233,0.0652,0.6835,-1.3056,0.2004,0
NCFB-008041,0.3697,0.509,0.1443,1.2688,0.1326,0
NCFB-008042,0.4093,0.0938,0.2289,-1.2028,0.1279,0
NCFB-008043,0.1134,0.2095,0.0377,-1.0914,0.04,0
NCFB-008044,0.2305,0.2716,0.3303,0.0259,0.0469,0
NCFB-008045,0.1282,0.0401,0.1118,-0.0366,0.0578,0
NCFB-008046,0.0723,0.5459,0.0787,-0.6996,0.1697,0
NCFB-008047,0.0175,0.1675,0.0263,-1.0529,0.2362,0
NCFB-008048,0.1277,0.1583,0.0571,0.6707,0.0576,0
NCFB-008049,0.0713,0.1488,0.019,-0.8762,0.052,0
NCFB-008050,0.0622,0.172,0.2589,0.6056,0.1208,0
NCFB-008051,0.2332,0.2293,0.3714,0.8608,0.0095,0
NCFB-008052,0.2375,0.0643,0.0376,-1.1667,0.3907,0
NCFB-008053,0.0589,0.1753,0.0845,0.9611,0.2884,0
NCFB-008054,0.2749,0.3412,0.0234,-0.1223,0.0434,0
NCFB-008055,0.4159,0.0956,0.1515,-0.2915,0.6348,0
NCFB-008056,0.4637,0.0432,0.3888,-0.2524,0.1855,0
NCFB-008057,0.2028,0.1161,0.1433,-0.0746,0.235,0
NCFB-008058,0.0579,0.095,0.1055,0.3644,0.0748,0
NCFB-008059,0.3299,0.316,0.1838,0.6979,0.0359,0
NCFB-008060,0.3874,0.1177,0.0195,0.4361,0.2787,0
NCFB-008061,0.987,0.0822,0.0597,-0.7447,0.2477,0
NCFB-008062,0.1253,0.0331,0.0366,-0.0054,0.0019,0
NCFB-008063,0.3513,0.188,0.1926,-0.0748,0.0047,0
NCFB-008064,1.3677,0.1122,0.0108,-0.2953,0.0103,0
NCFB-008065,0.0386,0.1812,0.0817,0.7226,0.0791,0
NCFB-008066,0.396,0.1743,0.2628,0.0167,0.0725,0
NCFB-008067,0.1711,0.211,0.0702,0.986,0.1328,0
NCFB-008068,0.9337,0.2708,0.1388,0.3705,0.105,0
NCFB-008069,2.775,0.8026,0.8104,5.4085,1.8266,1
NCFB-008070,0.2694,0.5572,0.1846,-0.0659,0.4182,0
NCFB-008071,0.9204,0.3921,0.1599,-0.4644,0.0042,0
NCFB-008072,0.0112,0.1576,0.018,0.2069,0.1545,0
NCFB-008073,0.2905,0.1036,0.4671,1.5425,0.0002,0
NCFB-008074,0.4485,0.1303,0.0105,0.8426,0.2369,0
NCFB-008075,0.2127,0.0332,0.0085,-1.5568,0.1129,0
NCFB-008076,0.4146,0.297,0.0666,0.1755,0.0737,0
NCFB-008077,3.0692,0.7109,1.5843,4.1249,1.8781,1
NCFB-008078,0.158,0.1135,0.1425,-1.4892,0.0397,0
NCFB-008079,1.3893,0.0914,0.0265,-0.239,0.0681,0
NCFB-008080,0.8044,0.2898,0.0596,-0.6854,0.3061,0
NCFB-008081,0.0019,0.0693,0.1033,1.0832,0.3189,0
NCFB-008082,0.1858,0.2615,0.1719,-1.6583,0.0953,0
NCFB-008083,0.1066,0.1936,0.4704,-0.2519,0.2469,0
NCFB-008084,0.083,0.0422,0.1951,0.9224,0.0113,0
NCFB-008085,0.3426,0.1129,0.0977,-0.2544,0.0996,0
NCFB-008086,0.3466,0.2038,0.0319,0.0161,0.0012,0
NCFB-008087,0.1421,0.1229,0.1005,0.5503,0.3101,0
NCFB-008088,0.2108,0.1654,0.0338,0.3288,0.0009,0
NCFB-008089,0.5089,0.0636,0.0175,0.0356,0.1244,0
NCFB-008090,0.0348,0.225,0.097,0.1233,0.0192,0
NCFB-008091,0.069,0.0315,0.1859,-0.9255,0.0637,0
NCFB-008092,0.0448,0.0338,0.074,0.0897,0.0545,0
NCFB-008093,0.2359,0.0151,0.2194,-0.359,0.1477,0
NCFB-008094,0.1376,0.2952,0.2168,-0.3265,0.0883,0
NCFB-008095,0.0111,0.1152,0.0193,-0.7417,0.1277,0
NCFB-008096,0.1521,0.0412,0.076,0.353,0.1638,0
NCFB-008097,0.1048,0.066,0.168,0.1028,0.0535,0
NCFB-008098,0.1759,0.0343,0.0525,-0.5653,0.17,0
NCFB-008099,0.0835,0.2957,0.0057,-0.7293,0.0173,0
NCFB-008100,0.8558,0.4762,0.0813,-0.1537,0.069,0
NCFB-008101,0.463,0.0652,0.0302,-0.2157,0.0047,0
NCFB-008102,0.3957,0.1457,0.0393,0.5373,0.1574,0
NCFB-008103,0.3298,0.1166,0.0603,0.3498,0.0393,0
NCFB-008104,0.2579,0.0812,0.0991,0.2059,0.179,0
NCFB-008105,0.0684,0.1874,0.27,0.8841,0.2663,0
NCFB-008106,0.3175,0.1997,0.3085,0.6321,0.0314,0
NCFB-008107,0.64,0.1287,0.001,-1.2788,0.1746,0
NCFB-008108,0.3551,0.1612,0.0327,-0.2912,0.1437,0
NCFB-008109,0.0084,0.088,0.0412,-0.9732,0.5249,0
NCFB-008110,0.3947,0.1876,0.1255,0.5508,0.0211,0
NCFB-008111,0.83,0.0462,0.0075,1.0897,0.2068,0
NCFB-008112,0.6256,0.0938,0.0823,-0.1931,0.2293,0
NCFB-008113,0.351,0.1485,0.0698,-0.2004,0.0774,0
NCFB-008114,0.0001,0.1554,0.2198,-0.2347,0.0281,0
NCFB-008115,0.0391,0.1383,0.0463,-1.1011,0.0592,0
NCFB-008116,0.8498,0.4113,0.0258,-0.3676,0.2293,0
NCFB-008117,0.3684,0.2509,0.3426,-0.1579,0.4389,0
NCFB-008118,0.54,0.2509,0.1332,0.1448,0.2194,0
NCFB-008119,1.0435,0.0398,0.0987,0.2763,0.2056,0
NCFB-008120,0.0418,0.1499,0.0496,0.3643,0.0276,0
NCFB-008121,0.2961,0.231,0.0415,-0.7973,0.133,0
NCFB-008122,0.5338,0.026,0.029,-1.4184,0.2407,0
NCFB-008123,0.0079,0.0748,0.0797,0.7132,0.2491,0
NCFB-008124,0.2728,0.2426,0.0456,-0.8267,0.1047,0
NCFB-008125,0.147,0.0107,0.3439,0.2505,0.0792,0
NCFB-008126,0.1193,0.1746,0.213,0.5503,0.0369,0
NCFB-008127,0.4237,0.0942,0.1559,0.8954,0.0303,0
NCFB-008128,3.2009,0.6756,1.2578,4.8771,2.1838,1
NCFB-008129,0.6924,0.4036,0.141,0.6161,0.2807,0
NCFB-008130,0.0768,0.0121,0.072,-0.2383,0.3116,0
NCFB-008131,0.2221,0.1004,0.022,-0.1715,0.0778,0
NCFB-008132,0.6429,0.1043,0.0512,0.5085,0.0042,0
NCFB-008133,0.0589,0.3636,0.0472,-0.9161,0.2401,0
NCFB-008134,0.1599,0.532,0.1179,0.0162,0.1142,0
NCFB-008135,0.2632,0.1586,0.0653,-0.6582,0.2954,0
NCFB-008136,0.0264,0.0614,0.0621,-0.1022,0.0619,0
NCFB-008137,0.1461,0.0859,0.0822,-1.2312,0.0538,0
NCFB-008138,0.2495,0.0216,0.0587,-0.9233,0.0194,0
NCFB-008139,0.6994,0.2177,0.1935,-0.4114,0.3268,0
NCFB-008140,0.1631,0.0597,0.0507,0.5076,0.0181,0
NCFB-008141,0.0296,0.0291,0.0763,-0.9357,0.024,0
NCFB-008142,0.7911,0.1149,0.1305,0.0164,0.0035,0
NCFB-008143,0.1814,0.0116,0.0016,-0.0904,0.1019,0
NCFB-008144,0.167,0.2409,0.3755,-0.7683,0.0197,0
NCFB-008145,0.3993,0.2911,0.0108,0.7659,0.1031,0
NCFB-008146,0.1254,0.1524,0.1149,-0.3994,0.0037,0
NCFB-008147,0.1377,0.1323,0.1274,-0.8612,0.0175,0
NCFB-008148,0.3691,0.4248,0.3768,-0.7211,0.0736,0
NCFB-008149,0.2582,0.0737,0.0029,-0.3782,0.0149,0
NCFB-008150,0.4096,0.1984,0.1751,-0.0341,0.0175,0
NCFB-008151,0.2519,0.0698,0.3172,0.369,0.5238,0
NCFB-008152,0.1662,0.2318,0.431,-0.9012,0.4895,0
NCFB-008153,0.5829,0.0364,0.0088,0.1156,0.4414,0
NCFB-008154,0.6053,0.1311,0.184,0.5209,0.1004,0
NCFB-008155,0.158,0.2832,0.082,0.5955,0.0646,0
NCFB-008156,0.0476,0.0734,0.1547,1.0739,0.1093,0
NCFB-008157,2.691,0.9949,1.0786,5.1832,2.4555,1
NCFB-008158,0.272,0.1564,0.0912,0.5618,0.0857,0
NCFB-008159,2.016,0.0873,0.0572,0.6349,0.0529,0
NCFB-008160,0.8122,0.1243,0.0429,0.4718,0.0213,0
NCFB-008161,3.2647,0.8953,0.9778,3.9325,1.8298,1
NCFB-008162,0.3742,0.1056,0.0763,-0.168,0.1699,0
NCFB-008163,0.6288,0.0397,0.0901,-0.6453,0.2736,0
NCFB-008164,0.2658,0.1444,0.0704,0.3902,0.0303,0
NCFB-008165,0.2898,0.0275,0.0541,-0.4929,0.0041,0
NCFB-008166,0.1877,0.0195,0.1106,0.7211,0.0571,0
NCFB-008167,0.2603,0.1649,0.07,0.7148,0.0199,0
NCFB-008168,1.3518,0.2047,0.0993,-0.9485,0.0362,0
NCFB-008169,0.1995,0.1085,0.0353,1.442,0.1257,0
NCFB-008170,0.1693,0.1188,0.1598,0.9643,0.1212,0
NCFB-008171,0.4323,0.0468,0.4815,-0.2056,0.0498,0
NCFB-008172,0.4381,0.1137,0.2897,-0.1807,0.4213,0
NCFB-008173,0.0086,0.1547,0.0207,0.7571,0.1969,0
NCFB-008174,1.2259,0.1052,0.2533,0.511,0.0546,0
NCFB-008175,0.1123,0.0341,0.1217,0.6506,0.0961,0
NCFB-008176,0.0297,0.0612,0.2989,0.6862,0.2698,0
NCFB-008177,0.3505,0.0413,0.1029,-0.9444,0.0592,0
NCFB-008178,0.3684,0.04,0.2319,0.0371,0.0028,0
NCFB-008179,0.627,0.1507,0.0723,-0.2902,0.0423,0
NCFB-008180,0.8916,0.1109,0.2605,-1.5895,0.0566,0
NCFB-008181,0.2144,0.1437,0.2601,1.8374,0.0086,0
NCFB-008182,0.1738,0.0718,0.4213,0.0292,0.1438,0
NCFB-008183,0.014,0.3584,0.3572,-0.8208,0.1097,0
NCFB-008184,0.3072,0.0341,0.2978,-0.245,0.0385,0
NCFB-008185,4.3249,0.8084,1.2289,3.3553,2.1946,1
NCFB-008186,0.0262,0.0614,0.142,-0.2076,0.061,0
NCFB-008187,0.0777,0.1152,0.1952,1.4811,0.018,0
NCFB-008188,0.0094,0.0568,0.1924,0.2991,0.0748,0
NCFB-008189,0.0269,0.1346,0.3136,-0.4576,0.4318,0
NCFB-008190,0.0831,0.1026,0.1467,-0.2054,0.4276,0
NCFB-008191,0.1965,0.2872,0.1348,0.7838,0.1203,0
NCFB-008192,0.0749,0.2258,0.3874,-0.1758,0.1092,0
NCFB-008193,0.2941,0.2361,0.2222,-0.2883,0.1142,0
NCFB-008194,0.3229,0.115,0.4332,-0.7275,0.1081,0
NCFB-008195,0.3711,0.3922,0.1084,0.8921,0.1501,0
NCFB-008196,0.2539,0.0451,0.1443,0.6746,0.0397,0
NCFB-008197,0.3603,0.0852,0.1631,-0.0471,0.1767,0
NCFB-008198,0.1333,0.0639,0.1916,0.3913,0.1151,0
NCFB-008199,0.568,0.3287,0.0091,0.1076,0.0964,0
NCFB-008200,0.2489,0.1473,0.0633,0.1272,0.0457,0
NCFB-008201,0.2657,0.1019,0.1309,0.9263,0.749,0
NCFB-008202,0.1501,0.3347,0.1963,0.0565,0.0597,0
NCFB-008203,1.1521,0.2884,0.1946,0.7221,0.3061,0
NCFB-008204,0.9689,0.1647,0.0529,-0.6697,0.0785,0
NCFB-008205,0.5937,0.0755,0.1494,-1.5357,0.0317,0
NCFB-008206,0.0548,0.2178,0.0164,-0.2798,0.0326,0
NCFB-008207,0.8526,0.0876,0.1216,-0.1891,0.1438,0
NCFB-008208,0.7056,0.0187,0.0591,-0.5474,0.0112,0
NCFB-008209,1.13,1.0703,0.2663,3.7526,-0.5736,1
NCFB-008210,0.3043,0.2987,0.0752,-0.9216,0.0011,0
NCFB-008211,0.0208,0.2767,0.3273,1.136,0.0549,0
NCFB-008212,0.6653,0.0991,0.1493,-0.5455,0.0417,0
NCFB-008213,0.0866,0.0329,0.2369,-0.1625,0.2827,0
NCFB-008214,0.428,0.2639,0.136,0.5214,0.0001,0
NCFB-008215,0.1985,0.113,0.1245,0.8106,0.0999,0
NCFB-008216,0.2152,0.145,0.1267,-1.5386,0.0395,0
NCFB-008217,0.2801,0.2479,0.1606,0.2205,0.0691,0
NCFB-008218,0.0048,0.1216,0.3048,-1.8076,0.0411,0
NCFB-008219,0.2638,0.1755,0.1595,-0.2499,0.1166,0
NCFB-008220,0.062,0.0035,0.2675,1.386,0.0637,0
NCFB-008221,0.0064,0.2151,0.1328,-1.0185,0.1072,0
NCFB-008222,0.441,0.0817,0.0834,1.3157,0.1868,0
NCFB-008223,0.3421,0.1684,0.102,-0.0843,0.0396,0
NCFB-008224,0.1344,0.1238,0.1454,-0.5542,0.3856,0
NCFB-008225,0.4439,0.0125,0.0177,0.3774,0.035,0
NCFB-008226,0.9161,0.1512,0.0081,-0.813,0.16,0
NCFB-008227,0.015,0.0313,0.0289,-0.9632,0.1843,0
NCFB-008228,0.4189,0.0107,0.05,1.5299,0.3319,0
NCFB-008229,0.1327,0.1383,0.082,1.0571,0.0835,0
NCFB-008230,0.2213,0.0994,0.3352,0.0999,0.0456,0
NCFB-008231,0.2752,0.1494,0.0767,-0.9308,0.1144,0
NCFB-008232,0.1365,0.0337,0.1877,-0.9084,0.5219,0
NCFB-008233,0.0187,0.0003,0.1619,-0.4566,0.0157,0
NCFB-008234,0.489,0.101,0.2956,-0.9593,0.0145,0
NCFB-008235,0.7698,0.0826,0.1696,-1.1604,0.025,0
NCFB-008236,0.5723,0.3885,0.3913,0.3914,0.1509,0
NCFB-008237,0.7103,0.2469,0.0267,0.1768,0.5249,0
NCFB-008238,0.4948,0.0126,0.0641,0.991,0.0129,0
NCFB-008239,3.5057,0.7646,1.4429,4.8402,1.7807,1
NCFB-008240,0.0758,0.1161,0.3239,1.0867,0.1085,0
NCFB-008241,0.0902,0.1424,0.0575,-0.6908,0.1111,0
NCFB-008242,0.0724,0.0847,0.0986,-0.2942,0.0524,0
NCFB-008243,0.0667,0.1554,0.1041,0.1161,0.5196,0
NCFB-008244,1.099,0.0606,0.0258,0.0316,0.2835,0
NCFB-008245,0.1205,0.0642,0.1759,0.1812,0.0558,0
NCFB-008246,0.2324,0.0649,0.0708,0.4907,0.0106,0
NCFB-008247,0.1218,0.2118,0.0588,-0.5253,0.1804,0
NCFB-008248,0.0494,0.4116,0.0343,0.4052,0.0097,0
NCFB-008249,0.3814,0.0703,0.2046,-0.9737,0.0686,0
NCFB-008250,0.8951,0.2142,0.2296,-0.2834,0.0279,0
NCFB-008251,0.2562,0.2662,0.0376,0.2534,0.1132,0
NCFB-008252,0.0328,0.1187,0.0455,0.739,0.0397,0
NCFB-008253,0.0788,0.1438,0.4403,-0.1205,0.0072,0
NCFB-008254,0.0676,0.075,0.0701,-0.9517,0.0857,0
NCFB-008255,0.2181,0.2222,0.1442,0.5507,0.0419,0
NCFB-008256,1.4135,0.1982,0.0977,0.0311,0.1167,0
NCFB-008257,0.3142,0.0175,0.0026,0.9308,0.1195,0
NCFB-008258,0.0535,0.2152,0.1139,0.6718,0.104,0
NCFB-008259,0.502,0.0263,0.0096,-0.2138,0.2407,0
NCFB-008260,0.243,0.0725,0.0116,0.0774,0.2579,0
NCFB-008261,0.3808,0.2863,0.1162,0.1173,0.003,0
NCFB-008262,0.3861,0.3771,0.2234,-0.3829,0.0919,0
NCFB-008263,0.3297,0.2173,0.4159,0.4684,0.1133,0
NCFB-008264,0.0578,0.0532,0.0324,-0.6477,0.2595,0
NCFB-008265,0.7969,0.1181,0.0401,1.2089,0.0426,0
NCFB-008266,0.8612,0.1981,0.4047,0.023,0.0202,0
NCFB-008267,0.3022,0.1081,0.0514,-0.5239,0.0668,0
NCFB-008268,0.2983,0.0594,0.0679,0.0015,0.0285,0
NCFB-008269,0.2191,0.3656,0.2027,-0.7793,0.2151,0
NCFB-008270,0.6916,0.1945,0.1175,-0.9461,0.0346,0
NCFB-008271,0.0492,0.0126,0.0629,0.2279,0.1262,0
NCFB-008272,0.2643,0.0934,0.071,-0.4395,0.2669,0
NCFB-008273,0.0273,0.0762,0.0631,-0.4293,0.8036,0
NCFB-008274,0.2846,0.1993,0.0363,-0.7251,0.8219,0
NCFB-008275,0.2124,0.0686,0.0813,-0.0351,0.0539,0
NCFB-008276,0.0957,0.173,0.1852,-1.2628,0.3444,0
NCFB-008277,0.1605,0.0647,0.2031,0.2121,0.0305,0
NCFB-008278,0.5617,0.1072,0.0482,-1.215,0.0492,0
NCFB-008279,0.0108,0.1657,0.2322,-1.0368,0.2874,0
NCFB-008280,0.1024,0.0411,0.0347,-0.0733,0.2816,0
NCFB-008281,0.2092,0.0966,0.0276,-0.662,0.2457,0
NCFB-008282,0.5301,0.1291,0.1219,-0.0227,0.2402,0
NCFB-008283,0.099,0.0121,0.029,-0.1235,0.0792,0
NCFB-008284,0.3162,0.3464,0.0816,0.3451,0.0098,0
NCFB-008285,1.5898,0.0799,0.1126,0.2995,0.2258,0
NCFB-008286,0.9621,0.0101,0.2886,0.1355,0.0088,0
NCFB-008287,0.2083,0.0061,0.2335,0.1022,0.2981,0
NCFB-008288,0.3683,0.0639,0.2212,-1.547,0.1245,0
NCFB-008289,0.4833,0.339,0.1051,-0.1585,0.2364,0
NCFB-008290,0.9438,0.2654,0.21,0.0537,0.2428,0
NCFB-008291,0.243,0.1105,0.1781,-0.241,0.1595,0
NCFB-008292,0.0348,0.0933,0.2609,-1.5868,0.0213,0
NCFB-008293,0.6107,0.2111,0.1528,-0.3095,0.0568,0
NCFB-008294,0.0386,0.2546,0.1327,0.2529,0.2057,0
NCFB-008295,0.2174,0.5128,0.304,0.3112,0.7168,0
NCFB-008296,0.3153,0.1065,0.0084,-0.7152,0.328,0
NCFB-008297,0.1598,0.2346,0.0529,0.4383,0.2116,0
NCFB-008298,0.2132,0.1576,0.1759,-0.9896,0.0534,0
NCFB-008299,3.4047,0.9819,0.7279,3.7787,1.7433,1
NCFB-008300,0.0903,0.2996,0.1226,-0.7673,0.116,0
NCFB-008301,0.6278,0.0884,0.0339,-0.0223,0.1918,0
NCFB-008302,0.2827,0.2304,0.0809,-0.0166,0.026,0
NCFB-008303,0.4894,0.0892,0.0341,-0.7483,0.2584,0
NCFB-008304,0.439,0.0743,0.1281,-0.7524,0.1994,0
NCFB-008305,0.5724,0.1061,0.2015,0.8108,0.006,0
NCFB-008306,0.7666,0.0871,0.4121,-0.4369,0.4674,0
NCFB-008307,0.0431,0.1096,0.3381,0.0443,0.068,0
NCFB-008308,0.0367,0.3534,0.0008,-1.6101,0.0438,0
NCFB-008309,0.0352,0.1096,0.0906,-0.735,0.0275,0
NCFB-008310,0.553,0.3668,0.0312,0.7624,0.1583,0
NCFB-008311,3.5787,0.898,0.8147,4.5231,2.11,1
NCFB-008312,0.2452,0.0691,0.2361,-0.6698,0.1045,0
NCFB-008313,0.4227,0.0716,0.0503,-0.5306,0.2037,0
NCFB-008314,0.2353,0.1301,0.0223,-0.8253,0.0454,0
NCFB-008315,0.1231,0.2857,0.2627,-0.7982,0.0223,0
NCFB-008316,0.2189,0.3038,0.0175,0.2786,0.1837,0
NCFB-008317,0.1952,0.266,0.1494,0.072,0.1062,0
NCFB-008318,0.092,0.1092,0.0566,1.2907,0.1639,0
NCFB-008319,0.0596,0.1547,0.0733,1.5932,0.1811,0
NCFB-008320,0.7325,0.1412,0.0085,-0.3431,0.2182,0
NCFB-008321,0.5687,0.0965,0.0487,-0.3937,0.0699,0
NCFB-008322,0.1384,0.2182,0.1176,-0.3917,0.0032,0
NCFB-008323,0.2159,0.3231,0.0567,0.5828,0.0059,0
NCFB-008324,0.1672,0.3384,0.0743,0.7087,0.0466,0
NCFB-008325,0.1921,0.0296,0.0142,-0.1103,0.0095,0
NCFB-008326,0.0313,0.1343,0.0199,-0.1792,0.1085,0
NCFB-008327,0.3622,0.3059,0.1406,0.0002,0.0557,0
NCFB-008328,0.108,0.2541,0.0586,-0.448,0.543,0
NCFB-008329,0.002,0.284,0.142,-0.4123,0.3941,0
NCFB-008330,0.0726,0.2318,0.0662,-0.6812,0.0767,0
NCFB-008331,0.0945,0.0464,0.232,-0.5568,0.2511,0
NCFB-008332,0.3277,0.0751,0.0691,-0.5026,0.339,0
NCFB-008333,0.0634,0.134,0.0344,-0.4742,0.2351,0
NCFB-008334,0.1351,0.1936,0.0058,-0.8682,0.1863,0
NCFB-008335,0.1545,0.1855,0.0296,-0.3717,0.1082,0
NCFB-008336,0.0417,0.199,0.0252,0.881,0.1541,0
NCFB-008337,0.0373,0.1539,0.0047,-0.6344,0.3681,0
NCFB-008338,0.025,0.1578,0.1157,0.9036,0.1777,0
NCFB-008339,1.3057,0.04,0.291,-0.5481,0.1871,0
NCFB-008340,0.9818,0.0903,0.1112,-1.0472,0.0046,0
NCFB-008341,0.1029,0.216,0.0239,1.003,0.0532,0
NCFB-008342,0.0082,0.1309,0.0607,0.3232,0.022,0
NCFB-008343,0.1983,0.1136,0.114,-0.9942,0.2613,0
NCFB-008344,0.4287,0.1441,0.016,-0.55,0.0823,0
NCFB-008345,0.2075,0.3774,0.0148,1.8862,0.0062,0
NCFB-008346,0.1524,0.2011,0.0222,-1.1098,0.1808,0
NCFB-008347,0.3083,0.155,0.3773,-0.5648,0.0382,0
NCFB-008348,0.3844,0.2072,0.0712,0.4699,0.0377,0
NCFB-008349,0.1618,0.5421,0.1014,0.5253,0.3592,0
NCFB-008350,0.1859,0.3278,0.2443,0.1506,0.1295,0
NCFB-008351,0.7414,0.0252,0.0188,-0.0398,0.1018,0
NCFB-008352,0.2772,0.3838,0.0537,0.282,0.0397,0
NCFB-008353,0.395,0.3497,0.2431,-0.0276,0.0297,0
NCFB-008354,0.757,0.3607,0.0872,-0.2681,0.0193,0
NCFB-008355,1.0538,0.0799,0.146,0.0869,0.1627,0
NCFB-008356,0.5161,0.0388,0.193,-0.4561,0.7099,0
NCFB-008357,0.0302,0.1125,0.0036,-0.6585,0.4841,0
NCFB-008358,0.212,0.0975,0.2942,-0.1572,0.3071,0
NCFB-008359,0.0286,0.1679,0.0992,-0.0208,0.1502,0
NCFB-008360,0.1255,0.0238,0.0707,-0.2874,0.0006,0
NCFB-008361,0.223,0.0452,0.0829,0.1069,0.2312,0
NCFB-008362,0.2918,0.3282,0.1385,-0.6025,0.0911,0
NCFB-008363,1.3919,0.396,0.0669,1.472,0.1148,0
NCFB-008364,0.343,0.2947,0.0278,0.9723,0.1787,0
NCFB-008365,0.1617,0.1553,0.0462,1.1812,0.0824,0
NCFB-008366,0.4682,0.1067,0.2831,-0.9629,0.1933,0
NCFB-008367,0.4364,0.1317,0.0251,-0.5101,0.23,0
NCFB-008368,0.6206,0.1392,0.0752,0.594,0.1133,0
NCFB-008369,0.4313,0.0948,0.0605,-0.286,0.043,0
NCFB-008370,0.0616,0.1319,0.2054,0.4558,0.0779,0
NCFB-008371,0.245,0.0799,0.0858,-0.5124,0.0194,0
NCFB-008372,0.4762,0.3219,0.0893,0.8931,0.0804,0
NCFB-008373,0.4408,0.5546,0.1648,-0.0002,0.3243,0
NCFB-008374,0.1174,0.1821,0.0798,-0.3678,0.4923,0
NCFB-008375,0.4103,0.0666,0.0563,-0.1753,0.1237,0
NCFB-008376,0.008,0.0653,0.0531,-0.048,0.0616,0
NCFB-008377,0.2017,0.0236,0.2497,0.1231,0.1773,0
NCFB-008378,0.0293,0.0579,0.0109,-0.3593,0.1569,0
NCFB-008379,0.6109,0.1997,0.1392,0.787,0.045,0
NCFB-008380,0.5801,0.0316,0.0411,0.8335,0.0119,0
NCFB-008381,0.2377,0.0444,0.2951,-1.17,0.029,0
NCFB-008382,0.9199,0.1139,0.0854,0.2027,0.0975,0
NCFB-008383,0.755,0.1746,0.2347,0.3256,0.1288,0
NCFB-008384,0.0143,0.0801,0.0368,-2.0371,0.0865,0
NCFB-008385,0.6034,0.1198,0.005,-0.3348,0.0024,0
NCFB-008386,0.5565,0.1464,0.3209,0.4114,0.3869,0
NCFB-008387,0.1751,0.2185,0.0472,-0.4243,0.0275,0
NCFB-008388,0.0319,0.0406,0.2594,-0.7021,0.1002,0
NCFB-008389,0.1135,0.3333,0.0359,-0.5403,0.0443,0
NCFB-008390,3.5286,0.8889,0.9356,4.3097,0.8893,1
NCFB-008391,0.7238,0.0462,0.0135,-0.4152,0.0932,0
NCFB-008392,0.3755,0.0162,0.117,1.4572,0.1082,0
NCFB-008393,0.5872,0.2111,0.0113,-1.2774,0.1229,0
NCFB-008394,0.2508,0.2208,0.1961,0.9844,0.0244,0
NCFB-008395,0.5843,0.1571,0.04,-0.7174,0.224,0
NCFB-008396,0.0594,0.0617,0.1227,-1.3207,0.0774,0
NCFB-008397,0.6619,0.1333,0.1003,0.2096,0.406,0
NCFB-008398,0.6278,0.089,0.1016,0.2522,0.027,0
NCFB-008399,0.5706,0.2362,0.0047,0.5923,0.1751,0
NCFB-008400,0.2789,0.0952,0.0414,-0.6134,0.1782,0
NCFB-008401,0.2044,0.2634,0.0519,-1.0642,0.2949,0
NCFB-008402,0.104,0.2782,0.2538,0.7702,0.0526,0
NCFB-008403,0.5081,0.0849,0.0496,-0.7365,0.053,0
NCFB-008404,0.4406,0.2573,0.074,0.2759,0.1433,0
NCFB-008405,0.5178,0.0535,0.423,1.2223,0.3326,0
NCFB-008406,0.5711,0.2317,0.0441,-0.8459,0.1225,0
NCFB-008407,0.0359,0.0964,0.1096,-0.5243,0.0065,0
NCFB-008408,0.7668,0.1376,0.0897,0.0043,0.0129,0
NCFB-008409,1.0292,0.3696,0.1779,0.0617,0.2326,0
NCFB-008410,3.0199,0.8035,1.6103,3.7193,1.9894,1
NCFB-008411,0.5402,0.0169,0.0222,-0.0888,0.3313,0
NCFB-008412,0.1905,0.0309,0.1166,-0.7563,0.2078,0
NCFB-008413,0.238,0.1411,0.1279,-1.5718,0.1038,0
NCFB-008414,0.1517,0.1926,0.0511,-0.1603,0.0654,0
NCFB-008415,0.0371,0.3089,0.1493,-0.1861,0.0031,0
NCFB-008416,0.2453,0.0586,0.0267,1.527,0.0341,0
NCFB-008417,0.2516,0.069,0.1254,0.8021,0.0746,0
NCFB-008418,0.1535,0.0321,0.3215,0.298,0.0593,0
NCFB-008419,0.1559,0.138,0.1295,0.3895,0.0759,0
NCFB-008420,0.0222,0.122,0.1836,-1.0288,0.2074,0
NCFB-008421,0.4925,0.0358,0.0693,-1.3234,0.0202,0
NCFB-008422,0.1775,0.1227,0.0917,0.0982,0.0255,0
NCFB-008423,2.8125,0.7601,0.8278,4.4451,2.3172,1
NCFB-008424,0.3622,0.4081,0.1282,-1.1505,0.0984,0
NCFB-008425,0.1705,0.1853,0.1555,-1.4895,0.6656,0
NCFB-008426,0.1075,0.1578,0.1466,-0.9794,0.4244,0
NCFB-008427,3.2272,0.9706,1.0335,3.7799,1.7086,1
NCFB-008428,0.2444,0.0211,0.0949,1.2256,0.0625,0
NCFB-008429,0.9913,0.0731,0.0639,0.2518,0.2917,0
NCFB-008430,0.212,0.439,0.178,-1.0793,0.1867,0
NCFB-008431,0.684,0.1,0.0744,0.304,0.1535,0
NCFB-008432,0.0148,0.4483,0.1146,-0.4946,0.0888,0
NCFB-008433,0.0651,0.1618,0.005,-1.0037,0.0968,0
NCFB-008434,1.395,0.1069,0.3506,-0.5954,0.1236,0
NCFB-008435,0.2119,0.2245,0.1336,-1.9457,0.109,0
NCFB-008436,0.1274,0.0211,0.0081,0.3957,0.0928,0
NCFB-008437,0.0147,0.0048,0.1484,-0.5348,0.1504,0
NCFB-008438,0.3477,0.0237,0.2473,0.3013,0.0563,0
NCFB-008439,0.0994,0.0237,0.0802,0.5347,0.1627,0
NCFB-008440,0.1305,0.131,0.196,0.3575,0.0546,0
NCFB-008441,0.2349,0.0117,0.1726,0.1843,0.0131,0
NCFB-008442,0.7405,0.0565,0.3007,-0.8814,0.0341,0
NCFB-008443,0.0995,0.2336,0.0302,-0.7559,0.0015,0
NCFB-008444,0.0188,0.0986,0.0577,0.7614,0.0342,0
NCFB-008445,0.5791,0.0612,0.1954,-0.8105,0.1449,0
NCFB-008446,0.0494,0.0663,0.0259,0.3564,0.0372,0
NCFB-008447,0.0953,0.0644,0.2152,0.0241,0.0861,0
NCFB-008448,0.3441,0.0451,0.0645,-0.5277,0.0208,0
NCFB-008449,0.2691,0.0998,0.1232,-1.15,0.0306,0
NCFB-008450,0.3873,0.2232,0.164,-0.3738,0.3294,0
NCFB-008451,0.3213,0.1524,0.4826,0.2963,0.2297,0
NCFB-008452,0.8053,0.2086,0.543,-2.1243,0.0083,0
NCFB-008453,0.3495,0.1191,0.1498,-0.1103,0.1524,0
NCFB-008454,0.2106,0.0673,0.0211,-0.181,0.2466,0
NCFB-008455,0.5723,0.1366,0.0073,0.2563,0.1174,0
NCFB-008456,1.1779,0.2368,0.0939,0.8907,0.1138,0
NCFB-008457,0.0949,0.0909,0.2066,-0.2186,0.3499,0
NCFB-008458,0.0026,0.178,0.0371,-0.0607,0.0511,0
NCFB-008459,2.4008,2.3042,2.1734,1.7533,2.2359,0
NCFB-008460,0.4383,0.1243,0.1403,-1.2568,0.0153,0
NCFB-008461,0.1014,0.0504,0.1417,0.6445,0.1865,0
NCFB-008462,0.5541,0.2316,0.1481,0.2659,0.0029,0
NCFB-008463,0.3266,0.0088,0.5885,-0.0409,0.0021,0
NCFB-008464,0.2016,0.5471,0.0066,0.3433,0.4062,0
NCFB-008465,0.0045,0.0217,0.0533,-1.0215,0.2877,0
NCFB-008466,0.3152,0.2235,0.0182,0.2834,0.0477,0
NCFB-008467,0.5505,0.139,0.0609,0.1243,0.1142,0
NCFB-008468,1.67,0.0148,0.0186,0.5887,0.0138,0
NCFB-008469,0.1774,0.4784,0.002,0.2461,0.0955,0
NCFB-008470,0.1167,0.3145,0.2475,0.391,0.0174,0
NCFB-008471,0.0227,0.3962,0.023,0.0964,0.0282,0
NCFB-008472,0.1864,0.2476,0.076,-1.5343,0.0561,0
NCFB-008473,0.4166,0.2609,0.0044,-0.2113,0.0231,0
NCFB-008474,0.5924,0.2661,0.1626,0.0233,0.3606,0
NCFB-008475,0.2669,0.2021,0.0733,0.4656,0.1086,0
NCFB-008476,0.6313,0.1046,0.121,-0.4919,0.0825,0
NCFB-008477,0.1897,0.0105,0.0741,0.0638,0.1726,0
NCFB-008478,0.4123,0.184,0.0475,-0.1685,0.4765,0
NCFB-008479,0.0187,0.0994,0.036,1.0518,0.4782,0
NCFB-008480,0.1593,0.0381,0.2726,-0.3367,0.6132,0
NCFB-008481,0.8342,0.1623,0.2739,0.2819,0.1676,0
NCFB-008482,0.1766,0.0913,0.002,-0.6301,0.0235,0
NCFB-008483,0.2625,0.0662,0.0237,0.1907,0.2089,0
NCFB-008484,0.2063,0.0865,0.0434,0.3161,0.106,0
NCFB-008485,0.9736,0.213,0.0639,-0.3225,0.1273,0
NCFB-008486,0.0739,0.2022,0.0116,-0.3069,0.0755,0
NCFB-008487,0.9395,0.1738,0.3629,-1.0019,0.4495,0
NCFB-008488,1.0711,0.2029,0.2329,-0.4368,0.1104,0
NCFB-008489,0.7128,0.1124,0.0738,0.421,0.0051,0
NCFB-008490,0.1496,0.0063,0.1621,1.3856,0.0624,0
NCFB-008491,0.4026,0.0545,0.0017,-0.863,0.0387,0
NCFB-008492,0.2505,0.1087,0.0551,-0.169,0.0068,0
NCFB-008493,1.1642,0.2465,0.169,0.9485,0.23,0
NCFB-008494,0.4615,0.0372,0.0711,0.7758,0.0761,0
NCFB-008495,0.2101,0.134,0.0553,-0.9343,0.0271,0
NCFB-008496,0.1105,0.6724,0.0148,-0.4887,0.0563,0
NCFB-008497,0.237,0.0706,0.3486,-1.1976,0.0385,0
NCFB-008498,0.9698,0.0365,0.2699,0.1414,0.1104,0
NCFB-008499,0.367,0.5135,0.134,0.5515,0.2866,0
NCFB-008500,0.0469,0.1704,0.2143,0.5724,0.3929,0
NCFB-008501,0.0483,0.273,0.245,-0.9718,0.0862,0
NCFB-008502,0.0564,0.4342,0.0222,-0.0882,0.2006,0
NCFB-008503,0.7471,0.0926,0.2405,-0.7271,0.1178,0
NCFB-008504,0.1301,0.1607,0.1832,-0.5894,0.1958,0
NCFB-008505,0.1554,0.309,0.0573,-0.6108,0.1264,0
NCFB-008506,0.2891,0.2311,0.2982,-0.8604,0.0353,0
NCFB-008507,0.0429,0.064,0.092,-0.5833,0.0999,0
NCFB-008508,0.1297,0.0539,0.0539,1.4411,0.1374,0
NCFB-008509,0.0099,0.2002,0.0498,-0.084,0.0803,0
NCFB-008510,1.4208,0.0705,0.315,-0.1025,0.0003,0
NCFB-008511,0.4641,0.0362,0.1408,0.1292,0.0066,0
NCFB-008512,0.2309,0.0295,0.0351,-1.293,0.4348,0
NCFB-008513,0.071,0.182,0.1669,0.0774,0.0373,0
NCFB-008514,0.5926,0.379,0.1727,0.7485,0.1258,0
NCFB-008515,0.0957,0.1758,0.0856,-0.1462,0.0606,0
NCFB-008516,0.6885,0.1445,0.0178,0.5993,0.1952,0
NCFB-008517,1.419,0.312,0.1287,0.434,0.0093,0
NCFB-008518,0.0361,0.3656,0.0186,1.1883,0.1529,0
NCFB-008519,0.0192,0.0771,0.0876,0.2627,0.0468,0
NCFB-008520,0.5471,0.2942,0.1345,0.091,0.215,0
NCFB-008521,0.0038,0.0781,0.1178,0.3651,0.0759,0
NCFB-008522,0.3326,0.17,0.0745,0.1679,0.1062,0
NCFB-008523,3.4486,0.5483,1.2254,4.9467,2.2563,1
NCFB-008524,0.0841,0.1146,0.1551,-0.792,0.3135,0
NCFB-008525,0.3193,0.0665,0.6617,0.0565,0.0419,0
NCFB-008526,0.0074,0.1779,0.1078,0.0099,0.1021,0
NCFB-008527,0.0036,0.0622,0.519,0.826,0.3695,0
NCFB-008528,0.388,0.1981,0.1658,-0.4977,0.0662,0
NCFB-008529,0.0202,0.2358,0.1646,0.073,0.1822,0
NCFB-008530,0.1786,0.2868,0.0526,-0.9195,0.12,0
NCFB-008531,0.3671,0.2986,0.1571,-0.5627,0.0323,0
NCFB-008532,0.0256,0.3149,0.0769,-0.8633,0.0439,0
NCFB-008533,0.4091,0.1039,0.0581,-0.1524,0.044,0
NCFB-008534,0.2607,0.2739,0.1444,0.4936,0.038,0
NCFB-008535,0.1326,0.034,0.075,0.0111,0.2056,0
NCFB-008536,0.1356,0.1899,0.0585,0.0012,0.0327,0
NCFB-008537,0.0433,0.0282,0.0551,-0.3742,0.0201,0
NCFB-008538,0.089,0.247,0.0397,1.1556,0.039,0
NCFB-008539,0.2947,0.0206,0.0688,1.6708,0.0439,0
NCFB-008540,0.1918,0.3098,0.0597,0.9486,0.0829,0
NCFB-008541,0.116,0.0492,0.0451,1.0361,0.3145,0
NCFB-008542,0.174,0.0975,0.0477,1.5104,0.2671,0
NCFB-008543,0.1946,0.0303,0.3022,0.532,0.2504,0
NCFB-008544,0.1236,0.1669,0.0881,0.8608,0.0783,0
NCFB-008545,0.2087,0.1206,0.112,-0.151,0.4729,0
NCFB-008546,0.1511,0.0265,0.0801,0.5208,0.1655,0
NCFB-008547,0.0084,0.1152,0.0097,-0.6193,0.0603,0
NCFB-008548,0.2832,0.1598,0.2647,-0.0339,0.2924,0
NCFB-008549,0.1459,0.2319,0.0244,0.2491,0.227,0
NCFB-008550,0.1332,0.1865,0.0556,0.064,0.0487,0
NCFB-008551,0.2977,0.066,0.0553,0.3757,0.1559,0
NCFB-008552,0.2102,0.1023,0.0096,0.902,0.0959,0
NCFB-008553,0.3868,0.0479,0.1135,0.0031,0.5523,0
NCFB-008554,0.0699,0.1113,0.0714,-0.6115,0.0602,0
NCFB-008555,0.1143,0.1539,0.1236,0.4955,0.0547,0
NCFB-008556,0.059,0.2124,0.0556,0.5881,0.2492,0
NCFB-008557,0.006,0.1472,0.0548,-0.5898,0.1213,0
NCFB-008558,0.0821,0.0316,0.1094,-0.8634,0.0031,0
NCFB-008559,0.508,0.1692,0.0982,-1.8999,0.2519,0
NCFB-008560,0.8033,0.2052,0.0495,0.4565,0.008,0
NCFB-008561,0.3031,0.5224,0.1331,0.6042,0.1399,0
NCFB-008562,3.5693,0.9023,0.9908,4.8046,2.2434,1
NCFB-008563,0.1036,0.2312,0.1815,0.7596,0.1199,0
NCFB-008564,0.2234,0.243,0.0115,-0.5254,0.3768,0
NCFB-008565,0.1563,0.104,0.0533,0.8127,0.0224,0
NCFB-008566,0.4359,0.1809,0.075,0.3432,0.0389,0
NCFB-008567,1.0396,0.1159,0.0503,0.3344,0.1049,0
NCFB-008568,0.0936,0.2138,0.2753,0.6225,0.0072,0
NCFB-008569,0.0427,0.0567,0.3688,-1.4859,0.0356,0
NCFB-008570,0.094,0.0778,0.0583,-1.1548,0.0058,0
NCFB-008571,0.0506,0.0413,0.058,0.6409,0.2026,0
NCFB-008572,0.3911,0.2428,0.0443,-0.4944,0.0067,0
NCFB-008573,0.1272,0.1538,0.2135,0.0391,0.0141,0
NCFB-008574,0.3245,0.1468,0.2285,0.8847,0.0005,0
NCFB-008575,0.2857,0.1193,0.0224,0.2339,0.045,0
NCFB-008576,0.1913,0.2935,0.0508,0.6025,0.0829,0
NCFB-008577,0.0145,0.1307,0.1678,-0.4577,0.6354,0
NCFB-008578,0.3561,0.2141,0.0978,-1.4108,0.1967,0
NCFB-008579,0.9454,0.1999,0.075,1.0548,0.166,0
NCFB-008580,0.4789,0.2286,0.0796,0.5053,0.122,0
NCFB-008581,3.6231,0.8027,0.9871,3.5482,1.9346,1
NCFB-008582,0.0568,0.2121,0.043,0.1587,0.0664,0
NCFB-008583,0.3157,0.5218,0.1374,0.2314,0.0729,0
NCFB-008584,0.2849,0.1308,0.0743,-0.9937,0.4236,0
NCFB-008585,0.203,0.1119,0.0769,1.2412,0.0278,0
NCFB-008586,0.0031,0.0724,0.1705,0.6034,0.028,0
NCFB-008587,0.3631,0.0595,0.0341,0.5255,0.1151,0
NCFB-008588,0.8963,0.2608,0.3545,-0.1101,0.8421,0
NCFB-008589,0.002,0.1137,0.0917,-0.3236,0.0389,0
NCFB-008590,0.1416,0.123,0.087,0.0277,0.0423,0
NCFB-008591,1.4697,0.0574,0.0817,-0.4327,0.3124,0
NCFB-008592,0.0109,0.0041,0.0122,-0.4984,0.1462,0
NCFB-008593,0.5255,0.0978,0.1027,-0.9217,0.3234,0
NCFB-008594,0.8984,0.1621,0.0042,0.2757,0.2911,0
NCFB-008595,0.7882,0.2503,0.0852,-0.6607,0.2338,0
NCFB-008596,0.7409,0.1749,0.1664,1.1939,0.0616,0
NCFB-008597,0.0323,0.008,0.5437,-0.325,0.1895,0
NCFB-008598,0.0707,0.0089,0.1349,1.555,0.056,0
NCFB-008599,0.1966,0.3417,0.207,-0.3621,0.2009,0
NCFB-008600,0.2965,0.1852,0.0422,1.3081,0.1439,0
NCFB-008601,0.2799,0.3253,0.0705,-0.78,0.2477,0
NCFB-008602,0.0898,0.1421,0.1165,0.8486,0.0851,0
NCFB-008603,1.0021,0.0933,0.0232,0.3795,0.2139,0
NCFB-008604,0.0765,0.0804,0.3005,0.9483,0.0067,0
NCFB-008605,1.0025,0.1474,0.0867,-0.3988,0.1699,0
NCFB-008606,0.3381,0.1452,0.0246,0.6864,0.2023,0
NCFB-008607,0.2723,0.0466,0.019,0.0173,0.0024,0
NCFB-008608,0.3212,0.352,0.256,-0.1192,0.0355,0
NCFB-008609,0.8579,0.0818,0.0765,-0.2256,0.0925,0
NCFB-008610,0.1567,0.2278,0.094,1.399,0.2038,0
NCFB-008611,0.0476,0.1229,0.0046,-0.0351,0.0584,0
NCFB-008612,0.4977,0.0862,0.0571,-0.2913,0.0108,0
NCFB-008613,0.5307,0.0333,0.0044,-0.5242,0.0011,0
NCFB-008614,3.3123,0.9137,1.3312,3.8985,1.4455,1
NCFB-008615,0.1429,0.3159,0.0939,0.1218,0.366,0
NCFB-008616,0.115,0.0727,0.0983,-0.1735,0.1425,0
NCFB-008617,0.1366,0.3436,0.0441,0.436,0.04,0
NCFB-008618,0.1054,0.0506,0.0094,-0.1383,0.0257,0
NCFB-008619,0.0471,0.0411,0.0403,0.3199,0.0389,0
NCFB-008620,0.018,0.2291,0.0522,0.2954,0.2808,0
NCFB-008621,0.8943,0.0893,0.0388,0.3373,0.3468,0
NCFB-008622,0.028,0.5544,0.3554,-0.9415,0.2544,0
NCFB-008623,0.1176,0.1567,0.1169,0.3472,0.0434,0
NCFB-008624,0.1571,0.1703,0.0768,-0.4598,0.0168,0
NCFB-008625,1.0517,0.0728,0.0651,-0.9873,0.0398,0
NCFB-008626,0.4404,0.1864,0.0961,-0.4821,0.0819,0
NCFB-008627,0.1441,0.2507,0.175,0.892,0.1343,0
NCFB-008628,0.0334,0.1123,0.0056,0.6453,0.2916,0
NCFB-008629,0.1395,0.1658,0.0708,-0.9513,0.2193,0
NCFB-008630,3.8387,0.7064,1.209,3.528,1.9111,1
NCFB-008631,0.2463,0.0667,0.1157,-0.6447,0.1259,0
NCFB-008632,0.0093,0.0904,0.0162,-0.5524,0.192,0
NCFB-008633,0.1128,0.0215,0.0651,0.168,0.1632,0
NCFB-008634,0.0015,0.1167,0.0228,0.3113,0.1018,0
NCFB-008635,0.5471,0.0341,0.0618,0.2413,0.1595,0
NCFB-008636,0.793,0.1701,0.1679,1.491,0.0918,0
NCFB-008637,0.13,0.1819,0.0732,-0.3997,0.1978,0
NCFB-008638,3.1767,0.8757,1.0351,3.8553,1.6358,1
NCFB-008639,1.0136,0.053,0.1772,-1.3292,0.0021,0
NCFB-008640,0.011,0.0011,0.0444,0.6287,0.2383,0
NCFB-008641,0.1977,0.0296,0.1385,-0.5835,0.1474,0
NCFB-008642,0.1484,0.1451,0.398,-0.1612,0.048,0
NCFB-008643,0.083,0.1805,0.097,0.1752,0.0871,0
NCFB-008644,0.2692,0.1779,0.1473,-0.1121,0.018,0
NCFB-008645,0.2021,0.1351,0.0439,-0.0581,0.0527,0
NCFB-008646,0.127,0.109,0.06,0.1232,0.1699,0
NCFB-008647,0.054,0.2382,0.0116,0.3883,0.0234,0
NCFB-008648,0.0449,0.0677,0.3203,-0.7601,0.0743,0
NCFB-008649,3.1525,0.9208,0.8636,4.3695,2.0207,1
NCFB-008650,0.2378,0.2209,0.307,-0.2235,0.055,0
NCFB-008651,0.0336,0.3555,0.0804,0.4183,0.0223,0
NCFB-008652,0.0738,0.2704,0.1514,-0.4733,0.2423,0
NCFB-008653,0.1695,0.0853,0.07,-1.1247,0.5094,0
NCFB-008654,0.5006,0.1575,0.0782,-1.3549,0.3306,0
NCFB-008655,0.3896,0.1381,0.0239,0.0712,0.2686,0
NCFB-008656,1.323,0.2143,0.0155,0.0777,0.0519,0
NCFB-008657,0.5747,0.0545,0.1479,-0.146,0.041,0
NCFB-008658,2.5963,0.6092,1.1717,3.9176,1.4697,1
NCFB-008659,0.1172,0.2213,0.1108,-0.4064,0.3066,0
NCFB-008660,0.7465,0.0487,0.3196,-0.9293,0.0034,0
NCFB-008661,0.2024,0.0524,0.0102,-0.2355,0.0782,0
NCFB-008662,0.123,0.0779,0.0081,0.0598,0.1095,0
NCFB-008663,0.0294,0.0992,0.4291,0.2868,0.0833,0
NCFB-008664,0.0029,0.1633,0.0149,0.8698,0.0662,0
NCFB-008665,0.0521,0.0258,0.2903,0.667,0.077,0
NCFB-008666,0.1372,0.0697,0.0858,1.8273,0.117,0
NCFB-008667,1.2263,0.1661,0.1913,0.0333,0.0953,0
NCFB-008668,1.5484,0.0999,0.0445,2.0722,0.1335,0
NCFB-008669,0.5738,0.2775,0.0999,-0.6134,0.2056,0
NCFB-008670,0.846,0.2697,0.0055,0.8764,0.0576,0
NCFB-008671,0.1269,0.1413,0.072,-0.594,0.2794,0
NCFB-008672,0.1705,0.3377,0.0735,0.9081,0.6655,0
NCFB-008673,0.1432,0.3646,0.5532,-0.0986,0.5028,0
NCFB-008674,0.1173,0.0641,0.3128,0.0546,0.022,0
NCFB-008675,0.3245,0.2893,0.0885,-0.2035,0.3689,0
NCFB-008676,0.2147,0.1799,0.0935,-1.4697,0.6942,0
NCFB-008677,0.0322,0.2376,0.0826,0.2119,0.162,0
NCFB-008678,0.3925,0.2021,0.0725,-0.1483,0.1653,0
NCFB-008679,2.7337,0.9342,1.1217,3.7492,1.9953,1
NCFB-008680,0.2879,0.2143,0.0414,-0.1942,0.0581,0
NCFB-008681,0.1971,0.0101,0.1513,0.357,0.2274,0
NCFB-008682,0.1832,0.0375,0.0397,1.6653,0.1789,0
NCFB-008683,0.0383,0.1682,0.1281,-0.0677,0.4348,0
NCFB-008684,0.0035,0.0913,0.5535,-0.412,0.0103,0
NCFB-008685,0.0669,0.0516,0.0842,0.9437,0.2334,0
NCFB-008686,0.1009,0.0961,0.189,-0.9308,0.3372,0
NCFB-008687,0.0034,0.0761,0.023,-0.0974,0.0121,0
NCFB-008688,0.4298,0.0465,0.0383,1.3425,0.1416,0
NCFB-008689,0.0831,0.0471,0.2174,-0.5782,0.6273,0
NCFB-008690,0.4569,0.1452,0.4694,-0.8783,0.2285,0
NCFB-008691,0.2351,0.0931,0.1187,-0.5123,0.1008,0
NCFB-008692,0.6433,0.1366,0.4287,0.537,0.3173,0
NCFB-008693,0.4324,0.0369,0.2425,-0.3628,0.0288,0
NCFB-008694,0.4372,0.1764,0.0587,-0.2814,0.052,0
NCFB-008695,0.1423,0.5163,0.1243,0.4783,0.0278,0
NCFB-008696,0.705,0.021,0.0014,1.0597,0.3585,0
NCFB-008697,0.3799,0.1472,0.1187,0.1827,0.0508,0
NCFB-008698,0.154,0.1647,0.0615,-0.4042,0.0899,0
NCFB-008699,0.0739,0.1636,0.1991,0.3559,0.0277,0
NCFB-008700,0.0088,0.0593,0.09,0.1511,0.0783,0
NCFB-008701,0.7395,0.1453,0.1326,0.2565,0.2052,0
NCFB-008702,0.1041,0.0094,0.0271,0.5722,0.0078,0
NCFB-008703,0.6029,0.1446,0.3505,-0.5391,0.2098,0
NCFB-008704,0.0134,0.1524,0.2569,0.19,0.1074,0
NCFB-008705,0.0107,0.0694,0.1372,-0.5029,0.1193,0
NCFB-008706,0.377,0.1445,0.0293,0.2216,0.0082,0
NCFB-008707,0.3727,0.4149,0.0125,-0.7407,0.3345,0
NCFB-008708,0.3258,0.4529,0.0551,-0.5815,0.1373,0
NCFB-008709,0.0134,0.0123,0.1548,-0.9883,0.104,0
NCFB-008710,0.2945,0.06,0.0229,-0.3677,0.1367,0
NCFB-008711,0.3531,0.2036,0.1555,0.9579,0.0253,0
NCFB-008712,0.0243,0.1795,0.0253,-0.2129,0.2623,0
NCFB-008713,0.8281,0.1752,0.0603,-0.1832,0.0274,0
NCFB-008714,0.337,0.1347,0.0433,-0.0067,0.0109,0
NCFB-008715,0.4576,0.1048,0.0224,0.2189,0.1271,0
NCFB-008716,0.9141,0.0666,0.1112,0.5666,0.1746,0
NCFB-008717,0.1406,0.1945,0.2503,-0.9244,0.053,0
NCFB-008718,0.1475,0.3194,0.3098,-0.4175,0.0886,0
NCFB-008719,1.2287,0.0474,0.0096,-0.1339,0.2992,0
NCFB-008720,0.0144,0.2503,0.1152,-1.0397,0.0104,0
NCFB-008721,0.0695,0.0511,0.0225,0.3549,0.2998,0
NCFB-008722,0.2224,0.1395,0.0418,-0.3471,0.0088,0
NCFB-008723,0.2073,0.4999,0.2184,0.6564,0.2189,0
NCFB-008724,0.2145,0.2176,0.1028,1.3021,0.3865,0
NCFB-008725,0.299,0.2292,0.0312,-0.4955,0.0594,0
NCFB-008726,0.1121,0.0116,0.2301,0.4704,0.0279,0
NCFB-008727,0.1091,0.1279,0.0469,-0.8458,0.4586,0
NCFB-008728,0.421,0.1842,0.0371,-0.4413,0.3977,0
NCFB-008729,0.6867,0.2106,0.1013,2.2857,0.0167,0
NCFB-008730,0.0991,0.0276,0.0336,0.0803,0.0408,0
NCFB-008731,0.2926,0.1975,0.1445,-0.256,0.3646,0
NCFB-008732,0.1493,0.3299,0.0262,-0.0903,0.2031,0
NCFB-008733,0.4563,0.1646,0.0684,0.892,0.0173,0
NCFB-008734,0.5048,0.0458,0.0723,1.3417,0.136,0
NCFB-008735,0.5457,0.1896,0.1309,-0.8496,0.0082,0
NCFB-008736,0.0593,0.3507,0.0195,0.4439,0.0477,0
NCFB-008737,0.1527,0.0955,0.0391,0.1002,0.2127,0
NCFB-008738,0.3252,0.0864,0.1262,-0.6087,0.082,0
NCFB-008739,0.1682,0.0465,0.1184,0.1064,0.2911,0
NCFB-008740,0.0204,0.281,0.0365,-0.9666,0.0109,0
NCFB-008741,0.008,0.0478,0.0288,-0.2462,0.2566,0
NCFB-008742,0.5352,0.1005,0.1498,0.622,0.0218,0
NCFB-008743,3.0257,0.9594,0.9857,6.4837,1.7309,1
NCFB-008744,0.0027,0.23,0.1371,1.6137,0.1658,0
NCFB-008745,0.177,0.15,0.0743,1.0815,0.0876,0
NCFB-008746,0.4616,0.082,0.0522,0.2778,0.1069,0
NCFB-008747,0.0348,0.0749,0.2007,1.2441,0.0669,0
NCFB-008748,0.1642,0.3892,0.016,0.7764,0.0496,0
NCFB-008749,0.5253,0.1889,0.033,-0.7097,0.1825,0
NCFB-008750,0.0481,0.0739,0.0394,-0.0528,0.0912,0
NCFB-008751,0.6215,0.0451,0.0498,-0.6138,0.3917,0
NCFB-008752,0.4491,0.2424,0.274,-0.3408,0.0713,0
NCFB-008753,0.7852,0.2143,0.0576,-0.1232,0.0832,0
NCFB-008754,0.3516,0.4606,0.1067,0.8819,0.0056,0
NCFB-008755,0.1175,0.2044,0.0304,-0.05,0.0551,0
NCFB-008756,0.285,0.3714,0.1241,-0.0806,0.0945,0
NCFB-008757,3.7498,0.9352,0.9372,4.8752,1.8522,1
NCFB-008758,2.048,0.1742,0.0723,0.7857,0.2322,0
NCFB-008759,0.6981,0.2325,0.0375,0.398,0.1188,0
NCFB-008760,0.1137,0.2052,0.0191,0.4858,0.182,0
NCFB-008761,0.3473,0.0718,0.2787,-1.0675,0.2758,0
NCFB-008762,0.3954,0.2335,0.1121,1.421,0.036,0
NCFB-008763,0.6422,0.304,0.2755,1.5519,0.5374,0
NCFB-008764,0.3095,0.0264,0.1443,0.5129,0.068,0
NCFB-008765,0.6844,0.2188,0.3669,-0.7725,0.0279,0
NCFB-008766,0.0252,0.1776,0.1275,-0.2419,0.0614,0
NCFB-008767,0.3766,0.1898,0.137,0.1105,0.3921,0
NCFB-008768,0.1809,0.2239,0.0197,1.0338,0.1222,0
NCFB-008769,0.0701,0.4034,0.2866,0.0068,0.112,0
NCFB-008770,0.5959,0.1651,0.0456,-0.86,0.0682,0
NCFB-008771,0.5229,0.0574,0.1323,0.4764,0.0963,0
NCFB-008772,0.2449,0.2815,0.0473,-0.3964,0.237,0
NCFB-008773,0.1938,0.016,0.0425,-0.8263,0.3016,0
NCFB-008774,0.4591,0.0122,0.0752,0.1686,0.0177,0
NCFB-008775,0.2608,0.0578,0.1065,0.3734,0.3044,0
NCFB-008776,0.2609,0.0574,0.0056,0.341,0.0407,0
NCFB-008777,0.3552,0.0544,0.0799,0.5232,0.0159,0
NCFB-008778,0.2937,0.1452,0.0216,-0.0565,0.1094,0
NCFB-008779,0.1492,0.2092,0.1122,-1.0937,0.0819,0
NCFB-008780,0.1858,0.027,0.0863,0.6799,0.2337,0
NCFB-008781,0.2179,0.0185,0.146,0.3551,0.2242,0
NCFB-008782,0.6639,0.2762,0.1443,-0.2566,0.0382,0
NCFB-008783,0.1894,0.2852,0.0762,1.465,0.0744,0
NCFB-008784,0.6172,0.0086,0.0326,0.1352,0.3122,0
NCFB-008785,0.0639,0.1304,0.0973,-0.9617,0.0131,0
NCFB-008786,0.559,0.1699,0.2737,-0.0048,0.1469,0
NCFB-008787,0.4877,0.0463,0.2857,-0.1389,0.0301,0
NCFB-008788,0.0615,0.3702,0.0299,0.2975,0.0761,0
NCFB-008789,0.2132,0.0869,0.0242,1.3666,0.2424,0
NCFB-008790,0.3712,0.063,0.0931,0.4331,0.1183,0
NCFB-008791,0.0433,0.0963,0.0087,-0.535,0.0633,0
NCFB-008792,0.9327,0.2525,0.3527,-0.2885,0.0088,0
NCFB-008793,0.3815,0.1886,0.1022,0.4795,0.1661,0
NCFB-008794,0.697,0.0327,0.1025,0.4717,0.1053,0
NCFB-008795,0.3054,0.4211,0.1151,0.8345,0.042,0
NCFB-008796,0.0137,0.0073,0.0526,-0.5978,0.333,0
NCFB-008797,0.1438,0.3405,0.0153,0.0199,0.2005,0
NCFB-008798,0.2554,0.2433,0.075,1.1352,0.2944,0
NCFB-008799,0.039,0.3153,0.0728,-0.4686,0.0778,0
NCFB-008800,3.6489,0.6997,1.2819,3.3278,1.7417,1
NCFB-008801,0.2755,0.1727,0.0043,0.0011,0.0496,0
NCFB-008802,0.9316,0.0232,0.0596,0.1524,0.1292,0
NCFB-008803,0.2723,0.0936,0.1665,-0.8223,0.0414,0
NCFB-008804,0.1604,0.125,0.1245,1.4887,0.1741,0
NCFB-008805,0.6522,0.1639,0.0709,0.3392,0.0029,0
NCFB-008806,0.1108,0.1042,0.0277,1.0121,0.1907,0
NCFB-008807,0.3118,0.0289,0.0561,-0.6605,0.0239,0
NCFB-008808,0.7036,0.1517,0.0288,-1.3108,0.2089,0
NCFB-008809,0.24,0.0841,0.0274,-0.3113,0.6046,0
NCFB-008810,0.3291,0.2244,0.017,-0.0104,0.4809,0
NCFB-008811,0.3525,0.0431,0.0779,-0.5247,0.3273,0
NCFB-008812,0.0928,0.0898,0.0897,-0.5093,0.0181,0
NCFB-008813,0.3743,0.0353,0.2019,0.5745,0.4307,0
NCFB-008814,0.3866,0.0735,0.3841,1.0511,0.0652,0
NCFB-008815,0.0113,0.2764,0.0351,-0.2061,0.471,0
NCFB-008816,0.3176,0.1855,0.2219,0.2709,0.1591,0
NCFB-008817,0.1956,0.0706,0.0983,-0.001,0.0054,0
NCFB-008818,0.266,0.3007,0.3309,1.3326,0.2864,0
NCFB-008819,0.0799,0.0753,0.3485,0.2354,0.0474,0
NCFB-008820,0.2703,0.0834,0.0122,-0.2402,0.3247,0
NCFB-008821,0.0526,0.2247,0.023,0.069,0.0186,0
NCFB-008822,0.0465,0.086,0.0328,0.84,0.3735,0
NCFB-008823,1.3513,0.1826,0.0752,0.7112,0.0807,0
NCFB-008824,0.2562,0.0286,0.1669,-1.1598,0.2178,0
NCFB-008825,1.1798,0.1467,0.1699,-0.1224,0.2738,0
NCFB-008826,0.8874,0.0933,0.1493,1.2505,0.1143,0
NCFB-008827,0.035,0.0046,0.0344,0.8526,0.0042,0
NCFB-008828,0.7089,0.2633,0.0661,1.9333,0.1828,0
NCFB-008829,0.0318,0.0241,0.0147,0.8899,0.3433,0
NCFB-008830,3.1703,0.9816,1.3552,3.8514,1.5292,1
NCFB-008831,0.4586,0.1251,0.0296,0.659,0.0104,0
NCFB-008832,0.0673,0.194,0.0458,0.1897,0.0658,0
NCFB-008833,0.0542,0.0308,0.0844,0.6722,0.0466,0
NCFB-008834,0.6808,0.1982,0.171,0.604,0.0224,0
NCFB-008835,0.7278,0.4067,0.0227,0.4045,0.2202,0
NCFB-008836,0.2305,0.2233,0.1031,-1.2323,0.1789,0
NCFB-008837,0.1765,0.0562,0.0333,0.6185,0.0245,0
NCFB-008838,0.0015,0.2011,0.0362,0.206,0.0485,0
NCFB-008839,0.3201,0.1254,0.0707,-0.3645,0.7591,0
NCFB-008840,0.0786,0.0142,0.0831,-0.2555,0.2037,0
NCFB-008841,0.0001,0.2019,0.0634,0.6489,0.4342,0
NCFB-008842,0.1899,0.0354,0.0942,-0.5753,0.096,0
NCFB-008843,0.3487,0.1782,0.0502,0.5337,0.0298,0
NCFB-008844,0.1491,0.0314,0.1438,0.2552,0.0018,0
NCFB-008845,0.0629,0.27,0.0786,-0.6846,0.6715,0
NCFB-008846,0.1149,0.3001,0.0796,1.0924,0.0255,0
NCFB-008847,0.3959,0.3006,0.3024,0.9617,0.1078,0
NCFB-008848,0.7471,0.0394,0.0728,0.5925,0.0198,0
NCFB-008849,0.5672,0.1042,0.1046,-0.3221,0.0852,0
NCFB-008850,0.1325,0.2116,0.0297,0.4331,0.0312,0
NCFB-008851,0.0418,0.1303,0.2138,0.013,0.043,0
NCFB-008852,0.7216,0.1456,0.1308,0.0141,0.0411,0
NCFB-008853,0.3907,0.2847,0.2006,0.6925,0.2481,0
NCFB-008854,0.2505,0.077,0.0586,-0.3876,0.0174,0
NCFB-008855,0.0215,0.0499,0.0277,-0.616,0.0201,0
NCFB-008856,1.1332,0.0452,0.0505,0.8249,0.0688,0
NCFB-008857,0.5909,0.1254,0.0263,-0.5426,0.0679,0
NCFB-008858,0.7271,0.4562,0.257,0.3271,0.0884,0
NCFB-008859,0.5303,0.1279,0.0537,0.4245,0.2021,0
NCFB-008860,0.1627,0.1597,0.0591,-0.5812,0.0362,0
NCFB-008861,0.1893,0.2072,0.0483,-0.3408,0.1179,0
NCFB-008862,0.0831,0.1174,0.2507,-0.0394,0.0746,0
NCFB-008863,0.3011,0.311,0.1084,0.3358,0.0126,0
NCFB-008864,0.1541,0.341,0.0099,0.6986,0.4064,0
NCFB-008865,2.9843,0.7361,0.9408,3.7858,1.9175,1
NCFB-008866,0.0747,0.0187,0.3254,-0.6746,0.1418,0
NCFB-008867,0.0842,0.0632,0.1734,0.6103,0.2776,0
NCFB-008868,1.2456,0.1357,0.1228,-0.4848,0.073,0
NCFB-008869,0.3238,0.2972,0.0383,0.0739,0.1813,0
NCFB-008870,0.1416,0.1195,0.2879,-1.1035,0.0364,0
NCFB-008871,0.0258,0.1749,0.1134,-1.6149,0.0311,0
NCFB-008872,0.4688,0.133,0.1319,0.0223,0.1588,0
NCFB-008873,0.2173,0.2053,0.026,0.1128,0.019,0
NCFB-008874,0.5984,0.3435,0.024,-0.3931,0.0566,0
NCFB-008875,0.1617,0.2338,0.1463,1.2506,0.0921,0
NCFB-008876,1.0826,0.0374,0.2249,0.8961,0.0312,0
NCFB-008877,0.1651,0.0904,0.0181,1.6328,0.1275,0
NCFB-008878,0.8347,0.1015,0.1808,0.8448,0.0556,0
NCFB-008879,0.0143,0.1396,0.296,0.4498,0.1576,0
NCFB-008880,0.08,0.0319,0.3856,-0.4861,0.0714,0
NCFB-008881,0.2508,0.2457,0.0406,0.4799,0.0039,0
NCFB-008882,0.3151,0.2665,0.1527,0.0169,0.3112,0
NCFB-008883,0.2565,0.1079,0.297,-0.6534,0.0378,0
NCFB-008884,3.2758,0.9486,1.6867,4.1884,1.466,1
NCFB-008885,0.0955,0.1432,0.2695,-0.3268,0.055,0
NCFB-008886,0.0187,0.1861,0.0528,0.3712,0.0587,0
NCFB-008887,0.6397,0.3275,0.1623,0.2605,0.2224,0
NCFB-008888,0.3476,0.1386,0.0219,-0.4538,0.2685,0
NCFB-008889,0.1069,0.0872,0.2519,0.1706,0.0121,0
NCFB-008890,3.5201,0.8784,1.8225,4.4189,1.6363,1
NCFB-008891,0.2554,0.111,0.0045,-0.6943,0.1393,0
NCFB-008892,0.0755,0.0125,0.0031,0.3872,0.4229,0
NCFB-008893,0.0185,0.3166,0.2545,0.7642,0.2762,0
NCFB-008894,0.4861,0.1152,0.2757,-0.0319,0.0982,0
NCFB-008895,0.2399,0.0527,0.1982,-0.3847,0.1917,0
NCFB-008896,0.698,0.4485,0.1381,0.9739,0.0947,0
NCFB-008897,0.0575,0.0966,0.1421,0.3649,0.1209,0
NCFB-008898,0.7988,0.0424,0.1572,0.7036,0.0209,0
NCFB-008899,1.0091,0.2042,0.057,0.2309,0.0907,0
NCFB-008900,0.0139,0.2216,0.292,0.1355,0.1024,0
NCFB-008901,0.3793,0.1496,0.1079,0.8428,0.3152,0
NCFB-008902,0.1309,0.0156,0.0991,1.0143,0.2056,0
NCFB-008903,0.848,0.3358,0.096,0.5299,0.0561,0
NCFB-008904,0.57,0.2854,0.1778,-1.1434,0.2836,0
NCFB-008905,0.1009,0.5455,0.0237,-0.5376,0.1778,0
NCFB-008906,0.2261,0.0931,0.0896,0.1977,0.1387,0
NCFB-008907,0.129,0.0162,0.173,-0.0623,0.2106,0
NCFB-008908,0.3371,0.0517,0.034,-0.7025,0.0802,0
NCFB-008909,0.3244,0.1418,0.1769,1.8991,0.0079,0
NCFB-008910,0.5297,0.0783,0.142,-0.0518,0.0608,0
NCFB-008911,0.1776,0.1649,0.1129,0.4891,0.2436,0
NCFB-008912,1.28,0.2172,0.088,-0.1483,0.0338,0
NCFB-008913,0.7338,0.2612,0.0243,-1.0411,0.0154,0
NCFB-008914,0.4063,0.3541,0.2479,1.2693,0.0834,0
NCFB-008915,0.0853,0.4023,0.0648,1.713,0.0998,0
NCFB-008916,0.4426,0.0958,0.2591,-0.0464,0.3764,0
NCFB-008917,0.1272,0.0453,0.0046,1.2418,0.1523,0
NCFB-008918,0.2146,0.1903,0.0072,0.3879,0.0119,0
NCFB-008919,0.986,0.12,0.251,0.1322,0.0396,0
NCFB-008920,0.0845,0.119,0.1297,-0.029,0.0319,0
NCFB-008921,0.2569,0.1273,0.1308,0.7247,0.2639,0
NCFB-008922,1.8626,0.7837,1.0748,-0.0354,1.5996,1
NCFB-008923,0.4737,0.1133,0.2561,0.1834,0.1129,0
NCFB-008924,0.0298,0.4291,0.3674,-0.4726,0.1999,0
NCFB-008925,0.5095,0.0039,0.0895,0.6534,0.1382,0
NCFB-008926,0.1228,0.2671,0.0814,0.4749,0.1145,0
NCFB-008927,0.5865,0.5436,0.1082,-0.1237,0.07,0
NCFB-008928,0.1236,0.0518,0.1625,1.2,0.249,0
NCFB-008929,0.1215,0.0671,0.1727,-0.8753,0.1627,0
NCFB-008930,0.233,0.1195,0.6414,0.8917,0.0197,0
NCFB-008931,0.1409,0.0425,0.1485,0.1356,0.0012,0
NCFB-008932,0.1065,0.0653,0.0304,-1.0116,0.1612,0
NCFB-008933,0.2413,0.228,0.125,0.6951,0.8093,0
NCFB-008934,0.0119,0.3063,0.0806,0.4223,0.2001,0
NCFB-008935,0.5783,0.1494,0.1087,-0.7992,0.1249,0
NCFB-008936,0.5128,0.0092,0.0653,-0.1716,0.1054,0
NCFB-008937,0.0123,0.111,0.0504,0.606,0.2183,0
NCFB-008938,0.1171,0.2784,0.1583,0.7182,0.2687,0
NCFB-008939,0.5227,0.0055,0.2123,0.4546,0.418,0
NCFB-008940,0.1184,0.2839,0.1308,0.4903,0.1228,0
NCFB-008941,0.3549,0.113,0.1226,-0.0328,0.0132,0
NCFB-008942,0.2689,0.0208,0.1428,0.4173,0.1961,0
NCFB-008943,1.2262,0.0607,0.1948,-0.4829,0.3483,0
NCFB-008944,1.4601,0.0906,0.0316,0.4805,0.0225,0
NCFB-008945,0.5115,0.0579,0.0716,-0.0709,0.4168,0
NCFB-008946,0.3674,0.2884,0.1672,-0.5465,0.0287,0
NCFB-008947,0.2316,0.0626,0.1896,-0.3478,0.0138,0
NCFB-008948,0.3585,0.3159,0.0857,-0.4225,0.2772,0
NCFB-008949,0.3657,0.0505,0.1997,-1.331,0.0906,0
NCFB-008950,0.0647,0.1648,0.0417,-0.8404,0.0419,0
NCFB-008951,0.1415,0.0204,0.0459,0.1272,0.3656,0
NCFB-008952,0.3439,0.0178,0.0559,-1.2012,0.3734,0
NCFB-008953,0.358,0.3177,0.078,-0.1256,0.2677,0
NCFB-008954,0.0691,0.2163,0.148,1.2902,0.2295,0
NCFB-008955,0.4143,0.0817,0.0422,-0.2352,0.0018,0
NCFB-008956,0.508,0.3196,0.25,-0.2232,0.3374,0
NCFB-008957,0.0387,0.1869,0.0533,-0.2438,0.2437,0
NCFB-008958,0.1616,0.1635,0.0275,0.7292,0.0456,0
NCFB-008959,0.2932,0.3217,0.0721,1.1023,0.1439,0
NCFB-008960,0.7992,0.0789,0.0871,-0.3653,0.0877,0
NCFB-008961,0.0659,0.0512,0.0963,0.9193,0.8737,0
NCFB-008962,0.3454,0.3225,0.2498,0.7472,0.0175,0
NCFB-008963,0.128,0.3648,0.0499,-0.0267,0.0093,0
NCFB-008964,3.3233,0.7031,0.8614,5.6498,1.6379,1
NCFB-008965,1.0265,0.1187,0.0107,0.862,0.1632,0
NCFB-008966,0.7892,0.0697,0.0916,0.8158,0.023,0
NCFB-008967,0.3891,0.111,0.3246,-0.3731,0.1314,0
NCFB-008968,0.0124,0.1559,0.0949,0.7296,0.6995,0
NCFB-008969,0.063,0.1749,0.1362,0.751,0.0893,0
NCFB-008970,0.1231,0.1932,0.0079,1.4258,0.4726,0
NCFB-008971,0.0299,0.1583,0.0842,-0.9174,0.0909,0
NCFB-008972,1.001,0.0622,0.0869,-0.4669,0.11,0
NCFB-008973,0.1465,0.0757,0.0646,0.7307,0.0339,0
NCFB-008974,0.294,0.0743,0.1161,-0.4034,0.0343,0
NCFB-008975,3.0461,0.8232,1.34,4.5319,2.0061,1
NCFB-008976,0.6747,0.1414,0.3647,-0.9294,0.3426,0
NCFB-008977,0.2314,0.0183,0.0479,-0.6068,0.57,0
NCFB-008978,0.3299,0.1881,0.071,0.4986,0.0397,0
NCFB-008979,0.1552,0.2758,0.0046,-0.2034,0.0114,0
NCFB-008980,0.0675,0.0408,0.0327,0.2346,0.1003,0
NCFB-008981,0.5023,0.5159,0.0745,-0.1931,0.3597,0
NCFB-008982,0.1377,0.0841,0.0895,1.0765,0.0097,0
NCFB-008983,0.185,0.3243,0.3735,0.7951,0.1019,0
NCFB-008984,0.3553,0.0316,0.13,1.0968,0.2289,0
NCFB-008985,0.0525,0.0959,0.0342,-0.7888,0.0039,0
NCFB-008986,3.7715,0.8971,1.0705,3.2157,2.3351,1
NCFB-008987,0.2005,0.1659,0.0389,1.1302,0.04,0
NCFB-008988,0.4513,0.1803,0.1257,0.7375,0.2397,0
NCFB-008989,0.3174,0.0697,0.1663,0.7717,0.0812,0
NCFB-008990,0.6138,0.2698,0.2507,-1.0238,0.1124,0
NCFB-008991,1.1308,2.0433,-0.3003,1.6694,1.3108,1
NCFB-008992,0.2184,0.1003,0.309,-0.1282,0.0437,0
NCFB-008993,0.8169,0.2377,0.1388,-0.3005,0.056,0
NCFB-008994,0.005,0.2161,0.0235,0.4473,0.1818,0
NCFB-008995,0.1011,0.097,0.0976,-0.5771,0.0552,0
NCFB-008996,0.0108,0.3826,0.1133,0.1687,0.4707,0
NCFB-008997,0.5177,0.1766,0.2318,-0.1717,0.0348,0
NCFB-008998,0.6416,0.1033,0.0347,-0.0078,0.0811,0
NCFB-008999,0.2414,0.1666,0.1211,-0.4511,0.6581,0
NCFB-009000,0.0334,0.2176,0.0565,1.0355,0.011,0
NCFB-009001,0.6317,0.0403,0.0192,-1.0023,0.0767,0
NCFB-009002,0.1048,0.1995,0.084,-0.3998,0.0073,0
NCFB-009003,0.0625,0.2477,0.0956,0.3384,0.0071,0
NCFB-009004,0.0331,0.1211,0.06,-0.4309,0.1101,0
NCFB-009005,0.0782,0.0874,0.0911,0.9053,0.0577,0
NCFB-009006,0.5825,0.3522,0.0657,0.2311,0.0873,0
NCFB-009007,3.345,0.8461,1.2169,4.1234,1.708,1
NCFB-009008,0.1145,0.2655,0.1307,0.4069,0.3095,0
NCFB-009009,0.7338,0.1344,0.1555,-0.4583,0.1124,0
NCFB-009010,0.1917,0.2904,0.3378,0.337,0.1828,0
NCFB-009011,0.3506,0.5558,0.1266,0.5567,0.0562,0
NCFB-009012,0.5351,0.0433,0.078,-0.1529,0.1557,0
NCFB-009013,1.5104,0.2579,0.1788,-0.1894,0.2257,0
NCFB-009014,0.3718,0.0309,0.0452,1.178,0.0711,0
NCFB-009015,0.0013,0.2329,0.0232,-0.5873,0.0075,0
NCFB-009016,0.1575,0.0462,0.0328,-1.3505,0.3058,0
NCFB-009017,0.0483,0.1098,0.142,0.9725,0.0408,0
NCFB-009018,0.9984,0.2675,0.0155,1.479,0.018,0
NCFB-009019,0.0465,0.085,0.0285,0.5266,0.0585,0
NCFB-009020,0.2129,0.4788,0.0483,-1.2617,0.0168,0
NCFB-009021,0.4051,0.083,0.1498,1.1144,0.3534,0
NCFB-009022,0.0667,0.1372,0.0137,-0.0876,0.0903,0
NCFB-009023,0.0655,0.0071,0.0373,0.0779,0.1081,0
NCFB-009024,0.6359,0.1594,0.0871,-0.4533,0.2832,0
NCFB-009025,0.078,0.0545,0.0275,0.6207,0.0017,0
NCFB-009026,3.1465,0.6622,0.7826,3.7793,2.1468,1
NCFB-009027,0.1096,0.238,0.1647,0.1694,0.2034,0
NCFB-009028,0.1121,0.1423,0.2444,-1.0075,0.0136,0
NCFB-009029,0.044,0.273,0.0239,0.2744,0.0501,0
NCFB-009030,0.0931,0.1022,0.0304,-0.9565,0.1326,0
NCFB-009031,0.6775,0.0897,0.1001,-0.1088,0.0383,0
NCFB-009032,0.0198,0.0274,0.0117,0.2682,0.0046,0
NCFB-009033,0.0773,0.0977,0.0766,-0.6927,0.0456,0
NCFB-009034,0.2661,0.2138,0.0503,0.1209,0.0601,0
NCFB-009035,0.3024,0.1683,0.1527,1.781,0.0625,0
NCFB-009036,0.7232,0.2322,0.4504,-0.2955,0.1866,0
NCFB-009037,0.3771,0.0208,0.2078,1.7517,0.0462,0
NCFB-009038,0.492,0.0792,0.2233,1.7444,0.1529,0
NCFB-009039,0.2472,0.0933,0.0937,0.8556,0.1168,0
NCFB-009040,0.079,0.1965,0.0812,1.9687,0.2365,0
NCFB-009041,0.1743,0.0772,0.1127,0.1552,0.3123,0
NCFB-009042,0.2566,0.2932,0.0413,0.5178,0.0249,0
NCFB-009043,0.3801,0.1023,0.0293,0.9988,0.0267,0
NCFB-009044,0.3737,0.1348,0.147,-0.4199,0.1887,0
NCFB-009045,1.6969,0.1509,0.0949,0.4501,0.0972,0
NCFB-009046,0.1429,0.0825,0.0973,0.1017,0.04,0
NCFB-009047,0.8601,0.1965,0.1795,0.452,0.2815,0
NCFB-009048,0.104,0.2357,0.1275,1.4533,0.0046,0
NCFB-009049,0.1546,0.1066,0.0955,0.1076,0.0012,0
NCFB-009050,0.0421,0.0634,0.1482,0.562,0.1174,0
NCFB-009051,0.0798,0.3031,0.313,0.4326,0.3618,0
NCFB-009052,0.0934,0.1725,0.198,-0.4798,0.0084,0
NCFB-009053,0.2852,0.0496,0.1512,-0.5454,0.065,0
NCFB-009054,0.19,0.2294,0.1073,0.6592,0.1671,0
NCFB-009055,0.0663,0.0328,0.0324,0.6348,0.0027,0
NCFB-009056,0.5759,0.0576,0.0764,-0.5242,0.1678,0
NCFB-009057,0.4648,0.1175,0.0194,0.0363,0.1592,0
NCFB-009058,0.1197,0.3858,0.019,1.1717,0.0123,0
NCFB-009059,1.3877,0.115,0.1841,-0.5334,0.008,0
NCFB-009060,0.0575,0.1752,0.0766,0.1114,0.2509,0
NCFB-009061,0.0258,0.2841,0.1384,-0.0905,0.2581,0
NCFB-009062,0.4713,0.205,0.0027,-0.9636,0.1045,0
NCFB-009063,0.2788,0.3187,0.1325,1.5661,0.059,0
NCFB-009064,0.3951,0.1834,0.0635,-0.4877,0.0887,0
NCFB-009065,0.4878,0.2387,0.0416,1.3601,0.0611,0
NCFB-009066,3.1497,0.8503,0.8691,4.2052,1.3688,1
NCFB-009067,0.1735,0.1438,0.1052,0.8947,0.2499,0
NCFB-009068,0.3503,0.0871,0.022,-0.6517,0.1309,0
NCFB-009069,1.1487,0.0184,0.1816,0.4546,0.1482,0
NCFB-009070,0.3124,0.212,0.1298,1.6562,0.1047,0
NCFB-009071,0.4068,0.3301,0.1507,0.6105,0.1025,0
NCFB-009072,0.025,0.213,0.3911,0.8037,0.0052,0
NCFB-009073,0.0525,0.1296,0.3637,-0.0073,0.1889,0
NCFB-009074,0.0997,0.0581,0.0149,-0.4229,0.0456,0
NCFB-009075,0.2143,0.1545,0.2151,0.0314,0.2443,0
NCFB-009076,0.0246,0.0864,0.0275,-0.5807,0.3101,0
NCFB-009077,1.2263,0.1632,0.0142,0.3024,0.0342,0
NCFB-009078,0.5896,0.2706,0.1253,-0.0109,0.0062,0
NCFB-009079,0.0244,0.2439,0.4444,-0.8143,0.0646,0
NCFB-009080,0.0456,0.1289,0.1299,1.2896,0.1342,0
NCFB-009081,0.7577,0.0465,0.0981,0.5646,0.0189,0
NCFB-009082,0.0558,0.0276,0.0289,-0.8273,0.0081,0
NCFB-009083,1.842,0.0578,0.0051,0.8533,0.0933,0
NCFB-009084,0.2589,0.1179,0.2667,0.5605,0.0483,0
NCFB-009085,0.3761,0.1315,0.2319,0.6146,0.5908,0
NCFB-009086,0.533,0.0231,0.0545,0.332,0.1918,0
NCFB-009087,0.4532,0.1281,0.1101,-0.0447,0.0327,0
NCFB-009088,0.2752,0.022,0.0011,0.0492,0.1423,0
NCFB-009089,0.3972,0.0659,0.0934,-0.5011,0.1102,0
NCFB-009090,0.0977,0.1364,0.0373,0.485,0.1275,0
NCFB-009091,0.0155,0.1292,0.1638,1.3417,0.0732,0
NCFB-009092,0.5633,0.1494,0.0138,0.3019,0.07,0
NCFB-009093,0.1718,0.1771,0.0208,-0.3262,0.1171,0
NCFB-009094,0.0918,0.1197,0.1443,-1.0628,0.1208,0
NCFB-009095,0.3267,0.2183,0.0165,0.5781,0.0589,0
NCFB-009096,0.3649,0.0666,0.1907,-0.982,0.0715,0
NCFB-009097,0.0628,0.0864,0.034,0.5717,0.0238,0
NCFB-009098,0.2974,0.0144,0.2628,-0.9609,0.3326,0
NCFB-009099,2.4477,0.85,0.8918,5.3989,1.5869,1
NCFB-009100,0.2641,0.1872,0.2109,0.1672,0.1254,0
NCFB-009101,0.0864,0.3716,0.0405,1.0489,0.1181,0
NCFB-009102,0.1555,0.0563,0.0381,-0.0829,0.2936,0
NCFB-009103,0.2607,0.0567,0.0792,0.1576,0.216,0
NCFB-009104,0.0693,0.2285,0.144,-0.9821,0.1835,0
NCFB-009105,0.0656,0.2188,0.0644,0.3097,0.1136,0
NCFB-009106,0.3828,0.0243,0.0167,1.0875,0.4112,0
NCFB-009107,0.1673,0.1348,0.101,0.2301,0.0091,0
NCFB-009108,0.3371,0.1863,0.0507,1.1948,0.0863,0
NCFB-009109,0.4565,0.1619,0.106,-0.0339,0.2477,0
NCFB-009110,0.253,0.15,0.0097,0.312,0.0179,0
NCFB-009111,0.0084,0.1993,0.2187,0.9061,0.1424,0
NCFB-009112,0.1331,0.1328,0.2309,-0.0342,0.0993,0
NCFB-009113,0.0642,0.3202,0.2061,-0.5277,0.1199,0
NCFB-009114,0.0659,0.307,0.2313,-0.2343,0.0711,0
NCFB-009115,2.9271,0.8785,0.604,4.8872,1.6544,1
NCFB-009116,0.7848,0.0485,0.0419,0.4457,0.0106,0
NCFB-009117,0.7087,0.101,0.0828,-0.3283,0.0698,0
NCFB-009118,0.6643,0.1509,0.0334,-0.3393,0.319,0
NCFB-009119,0.1488,0.1506,0.1561,-0.2315,0.0184,0
NCFB-009120,0.0614,0.2306,0.0123,0.9236,0.1686,0
NCFB-009121,0.8948,0.0877,0.1143,1.4835,0.0244,0
NCFB-009122,3.4665,0.9053,1.3201,4.6431,2.3569,1
NCFB-009123,0.0387,0.0318,0.0575,-0.4642,0.097,0
NCFB-009124,0.4168,0.2913,0.0589,-0.1208,0.0792,0
NCFB-009125,0.1421,0.0474,0.1066,-0.0299,0.4672,0
NCFB-009126,0.0531,0.2058,0.4369,-0.3016,0.0179,0
NCFB-009127,0.2752,0.1863,0.0103,0.1045,0.0017,0
NCFB-009128,0.0294,0.0691,0.01,0.9734,0.2587,0
NCFB-009129,0.2509,0.0657,0.0772,0.6278,0.0272,0
NCFB-009130,0.1239,0.0481,0.3626,0.3637,0.3785,0
NCFB-009131,0.4833,0.1175,0.0167,-0.5094,0.349,0
NCFB-009132,0.501,0.0652,0.1333,0.1807,0.0938,0
NCFB-009133,0.183,0.0367,0.048,-0.2403,0.3814,0
NCFB-009134,0.0532,0.0159,0.0355,1.4913,0.4686,0
NCFB-009135,0.3683,0.1035,0.0033,-0.7875,0.0036,0
NCFB-009136,0.1852,0.1825,0.0544,-0.1564,0.0509,0
NCFB-009137,0.4745,0.2134,0.1248,-0.3742,0.1133,0
NCFB-009138,0.0042,0.3658,0.1074,-0.509,0.3658,0
NCFB-009139,0.0174,0.0769,0.0506,1.16,0.0025,0
NCFB-009140,0.2575,0.0617,0.3383,-0.9547,0.0925,0
NCFB-009141,0.5766,0.1806,0.0748,-0.7618,0.0011,0
NCFB-009142,0.0799,0.243,0.3415,0.5975,0.2249,0
NCFB-009143,0.3519,0.0593,0.145,-0.4527,0.1581,0
NCFB-009144,0.0621,0.5276,0.1244,0.6616,0.0436,0
NCFB-009145,0.1817,0.0524,0.0537,0.3828,0.0783,0
NCFB-009146,0.0456,0.1334,0.0203,-1.081,0.1193,0
NCFB-009147,3.6531,0.9181,1.3459,5.2574,1.9652,1
NCFB-009148,0.1078,0.1242,0.0944,-0.8765,0.2364,0
NCFB-009149,0.8425,0.245,0.0366,1.387,0.0657,0
NCFB-009150,0.014,0.0297,0.171,-0.5797,0.3242,0
NCFB-009151,0.4245,0.1519,0.0943,-0.8151,0.0061,0
NCFB-009152,0.089,0.0026,0.156,-0.8887,0.4702,0
NCFB-009153,0.3687,0.0914,0.2168,-1.1679,0.0018,0
NCFB-009154,0.1172,0.3672,0.0032,0.3055,0.239,0
NCFB-009155,0.2221,0.1295,0.1407,-0.1438,0.6669,0
NCFB-009156,0.1471,0.1455,0.2346,0.8928,0.2835,0
NCFB-009157,0.0053,0.0418,0.3364,1.0362,0.1729,0
NCFB-009158,0.208,0.1491,0.0567,1.3537,0.1546,0
NCFB-009159,0.6928,0.0079,0.503,0.7633,0.2318,0
NCFB-009160,0.2325,0.1358,0.1649,0.2849,0.0447,0
NCFB-009161,0.2686,0.0838,0.0779,1.5545,0.1426,0
NCFB-009162,0.1046,0.008,0.0682,0.8548,0.3999,0
NCFB-009163,0.0975,0.252,0.0663,-1.2975,0.0394,0
NCFB-009164,0.571,0.1335,0.1483,-0.7085,0.1835,0
NCFB-009165,0.9593,0.0251,0.0822,-0.0766,0.0199,0
NCFB-009166,0.5595,0.0464,0.2097,0.6523,0.0507,0
NCFB-009167,0.0792,0.0531,0.2308,0.1852,0.075,0
NCFB-009168,0.0173,0.1036,0.0079,0.5028,0.256,0
NCFB-009169,0.0755,0.1409,0.0155,0.7676,0.15,0
NCFB-009170,0.0042,0.1575,0.0746,-0.8965,0.0223,0
NCFB-009171,0.1162,0.1469,0.4474,-0.5809,0.0491,0
NCFB-009172,0.6654,0.1293,0.0977,-0.4091,0.1676,0
NCFB-009173,4.0304,0.8831,1.2768,4.0071,2.0605,1
NCFB-009174,0.2236,0.2358,0.0721,0.318,0.348,0
NCFB-009175,0.6118,0.2383,0.0573,0.0725,0.7266,0
NCFB-009176,0.2847,0.2229,0.3488,0.2736,0.0492,0
NCFB-009177,0.7925,0.1599,0.2173,1.1245,0.1733,0
NCFB-009178,0.0832,0.2075,0.1181,0.8637,0.3821,0
NCFB-009179,0.3151,0.3497,0.2574,0.4596,0.2792,0
NCFB-009180,0.2435,0.0641,0.1938,-0.4025,0.1907,0
NCFB-009181,0.6729,0.2787,0.3249,0.5274,0.1245,0
NCFB-009182,0.4172,0.1646,0.0758,0.6881,0.0056,0
NCFB-009183,1.0528,0.0617,0.5619,0.5793,0.101,0
NCFB-009184,0.0953,0.2544,0.0966,-1.4318,0.1228,0
NCFB-009185,0.2039,0.0843,0.1922,-0.2544,0.0133,0
NCFB-009186,0.2127,0.2161,0.0639,0.8711,0.0171,0
NCFB-009187,0.0311,0.4755,0.0572,-0.3886,0.1094,0
NCFB-009188,0.0069,0.0324,0.0148,-1.347,0.0169,0
NCFB-009189,1.5825,0.0874,0.0248,0.0853,0.0189,0
NCFB-009190,0.7915,0.0916,0.01,0.5476,0.1201,0
NCFB-009191,0.623,0.0092,0.2391,-0.4661,0.3196,0
NCFB-009192,0.2867,0.0631,0.0296,0.3454,0.067,0
NCFB-009193,0.2665,0.0462,0.0511,-0.0451,0.2168,0
NCFB-009194,0.3463,0.0647,0.1538,0.7308,0.186,0
NCFB-009195,0.1707,0.0622,0.1522,-0.4786,0.1812,0
NCFB-009196,0.0847,0.0884,0.0541,0.1538,0.2623,0
NCFB-009197,0.0445,0.4097,0.0932,1.3914,0.0319,0
NCFB-009198,0.1463,0.0622,0.2133,-0.1858,0.1453,0
NCFB-009199,0.7988,0.2725,0.028,-0.7041,0.3586,0
NCFB-009200,0.546,0.1219,0.1372,0.1,0.0236,0
NCFB-009201,0.6497,0.1237,0.0575,0.2042,0.209,0
NCFB-009202,0.4922,0.0711,0.1737,1.397,0.0835,0
NCFB-009203,0.5635,0.2877,0.1404,1.5566,0.0275,0
NCFB-009204,0.0723,0.1328,0.1326,0.6812,0.0689,0
NCFB-009205,0.686,0.1956,0.0175,1.3499,0.1143,0
NCFB-009206,0.4459,0.5167,0.3815,1.016,0.088,0
NCFB-009207,0.4259,0.2331,0.1537,-0.2864,0.0576,0
NCFB-009208,0.2685,0.0733,0.2516,-1.1358,0.3389,0
NCFB-009209,0.0146,0.1443,0.0158,-0.5775,0.1509,0
NCFB-009210,1.0195,0.1735,0.2767,-0.0264,0.1608,0
NCFB-009211,0.0275,0.2961,0.1642,-0.834,0.1029,0
NCFB-009212,0.0787,0.1693,0.0593,1.2374,0.0818,0
NCFB-009213,0.0902,0.1945,0.0784,1.1316,0.2803,0
NCFB-009214,1.3335,0.1613,0.068,-0.9529,0.3988,0
NCFB-009215,0.2912,0.0212,0.002,0.8787,0.1887,0
NCFB-009216,0.0828,0.1506,0.5743,-0.246,0.0298,0
NCFB-009217,0.0673,0.161,0.2751,0.428,0.0217,0
NCFB-009218,0.3873,0.2033,0.0664,0.3015,0.0876,0
NCFB-009219,0.0248,0.1394,0.14,0.1419,0.0154,0
NCFB-009220,0.0646,0.0882,0.229,-0.3995,0.2177,0
NCFB-009221,0.153,0.0397,0.4438,1.8378,0.0367,0
NCFB-009222,3.4522,0.8096,1.0737,4.2574,1.7071,1
NCFB-009223,0.0446,0.2623,0.2191,2.3531,0.0206,0
NCFB-009224,0.2995,0.1815,0.0346,0.1751,0.2802,0
NCFB-009225,0.2042,0.1085,0.0115,0.596,0.2575,0
NCFB-009226,0.2753,0.1252,0.0014,0.8395,0.0402,0
NCFB-009227,0.4517,0.1187,0.049,-1.4073,0.1313,0
NCFB-009228,0.4511,0.2694,0.0051,-0.5532,0.5853,0
NCFB-009229,0.1298,0.0378,0.0663,-0.6423,0.0064,0
NCFB-009230,0.2486,0.0422,0.0021,-0.4535,0.3538,0
NCFB-009231,0.4312,0.0406,0.456,-0.8629,0.6797,0
NCFB-009232,0.0335,0.0735,0.0549,0.2162,0.3396,0
NCFB-009233,0.3493,0.0663,0.0454,0.5109,0.051,0
NCFB-009234,0.0179,0.2331,0.0867,0.3813,0.0583,0
NCFB-009235,0.1051,0.028,0.0994,-0.5217,0.0725,0
NCFB-009236,0.078,0.0925,0.1776,0.2672,0.0236,0
NCFB-009237,0.1423,0.338,0.0841,-0.2175,0.1408,0
NCFB-009238,1.4562,0.0194,0.0166,0.923,0.0017,0
NCFB-009239,0.7292,0.0238,0.2485,0.7437,0.0063,0
NCFB-009240,1.2648,0.3887,0.0462,0.0279,0.2308,0
NCFB-009241,0.863,0.1014,0.0112,0.0081,0.0196,0
NCFB-009242,0.0237,0.2163,0.0369,-0.3533,0.0235,0
NCFB-009243,1.1585,0.0729,0.0767,-0.0292,0.0043,0
NCFB-009244,0.0463,0.2405,0.1117,0.2511,0.1083,0
NCFB-009245,0.4556,0.2258,0.2942,0.0203,0.2606,0
NCFB-009246,0.0025,0.0824,0.0366,0.2424,0.0238,0
NCFB-009247,0.0722,0.0374,0.1048,0.7403,0.0863,0
NCFB-009248,0.6203,0.4282,0.2191,0.0449,0.1755,0
NCFB-009249,0.7752,0.0265,0.0286,0.4396,0.0291,0
NCFB-009250,0.1505,0.2134,0.1055,-1.7164,0.0195,0
NCFB-009251,0.0539,0.0596,0.2047,0.1726,0.0343,0
NCFB-009252,0.5219,0.0442,0.0952,-0.5061,0.0147,0
NCFB-009253,0.1839,0.2698,0.0852,-0.2048,0.0987,0
NCFB-009254,0.1173,0.4591,0.1312,0.4258,0.0789,0
NCFB-009255,1.2282,0.0932,0.1939,1.0747,0.1386,0
NCFB-009256,0.2482,0.0321,0.1838,0.2402,0.1103,0
NCFB-009257,0.1782,0.3473,0.0332,0.3751,0.2122,0
NCFB-009258,3.2933,0.9845,1.718,4.619,1.6943,1
NCFB-009259,0.8662,0.0311,0.0249,-0.5909,0.029,0
NCFB-009260,0.3495,0.1866,0.2814,-0.5949,0.2684,0
NCFB-009261,0.1315,0.0048,0.1108,0.2127,0.4494,0
NCFB-009262,0.1868,0.064,0.1812,-0.8981,0.1862,0
NCFB-009263,0.0392,0.0486,0.2164,0.4389,0.0836,0
NCFB-009264,0.4049,0.0679,0.1124,0.1878,0.2263,0
NCFB-009265,0.6937,0.2059,0.0402,-0.0279,0.2802,0
NCFB-009266,0.3422,0.0792,0.0651,1.6422,0.4756,0
NCFB-009267,0.6873,0.1128,0.0566,-0.5387,0.1605,0
NCFB-009268,3.0237,0.7742,1.2172,5.1982,1.314,1
NCFB-009269,0.1348,0.1641,0.0414,0.8278,0.4158,0
NCFB-009270,2.8648,0.9678,1.1515,4.7181,1.4765,1
NCFB-009271,0.2559,0.352,0.0773,-0.2243,0.0031,0
NCFB-009272,3.1755,0.6305,1.265,4.4303,1.0937,1
NCFB-009273,3.2937,0.9027,1.0624,5.489,1.8366,1
NCFB-009274,0.1467,0.3819,0.1182,-0.1431,0.3507,0
NCFB-009275,0.123,0.046,0.2387,-0.235,0.0471,0
NCFB-009276,0.2466,0.2222,0.1748,0.14,0.0629,0
NCFB-009277,0.3201,0.1091,0.0148,-1.9237,0.1191,0
NCFB-009278,0.0747,0.193,0.013,-0.5808,0.1046,0
NCFB-009279,1.2996,0.0144,0.0083,0.3683,0.0962,0
NCFB-009280,0.501,0.0993,0.1407,0.0597,0.5194,0
NCFB-009281,0.788,0.1901,0.0904,-0.8441,0.5229,0
NCFB-009282,0.4091,0.1428,0.1086,-0.309,0.1511,0
NCFB-009283,0.498,0.1997,0.0751,0.977,0.0312,0
NCFB-009284,0.048,0.1915,0.2166,-1.459,0.0845,0
NCFB-009285,1.3145,0.0135,0.4873,-0.1157,0.0736,0
NCFB-009286,0.4523,0.0326,0.1258,-1.1797,0.0738,0
NCFB-009287,0.5226,0.3358,0.1418,0.6589,0.0989,0
NCFB-009288,0.1417,0.0565,0.2562,0.7766,0.5571,0
NCFB-009289,0.1658,0.0843,0.1468,0.2053,0.3614,0
NCFB-009290,3.1985,0.8744,1.3014,3.7077,1.9819,1
NCFB-009291,1.727,0.1868,0.2871,0.3814,0.5766,0
NCFB-009292,3.9957,0.8444,1.3293,4.9574,2.1956,1
NCFB-009293,0.1496,0.0818,0.1483,0.4619,0.1223,0
NCFB-009294,3.0345,0.935,0.9815,5.0932,1.8632,1
NCFB-009295,0.1373,0.0587,0.2167,-0.2842,0.0696,0
NCFB-009296,0.2827,0.1718,0.1413,0.3161,0.0276,0
NCFB-009297,0.446,0.0203,0.0684,1.162,0.097,0
NCFB-009298,0.173,0.2348,0.0341,-1.0064,0.0934,0
NCFB-009299,0.2131,0.2082,0.0679,0.8055,0.1791,0
NCFB-009300,3.6074,0.9087,1.0514,4.2037,1.1461,1
NCFB-009301,0.3346,0.3159,0.1963,-1.3027,0.1484,0
NCFB-009302,0.3257,0.2117,0.3857,0.3453,0.1723,0
NCFB-009303,0.092,0.208,0.0837,0.8667,0.5695,0
NCFB-009304,0.0829,0.3192,0.0915,-0.5082,0.0361,0
NCFB-009305,0.0985,0.1341,0.0506,0.3039,0.1115,0
NCFB-009306,0.3252,0.0856,0.1144,-1.5855,0.2278,0
NCFB-009307,0.11,0.1201,0.008,0.3591,0.0763,0
NCFB-009308,0.1238,0.3043,0.0482,0.4649,0.0626,0
NCFB-009309,0.4597,0.3049,0.0577,0.0746,0.0826,0
NCFB-009310,0.363,0.1782,0.4569,-2.0103,0.0335,0
NCFB-009311,3.8132,0.8538,0.9109,4.7957,1.712,1
NCFB-009312,0.8538,0.0851,0.2186,0.205,0.1164,0
NCFB-009313,0.0046,0.1321,0.0352,-0.8919,0.2696,0
NCFB-009314,0.1271,0.3632,0.0731,0.7086,0.047,0
NCFB-009315,0.9166,0.2459,0.0006,-1.0831,0.0975,0
NCFB-009316,0.2412,0.1197,0.2774,0.236,0.0592,0
NCFB-009317,0.0116,0.0487,0.0696,-0.3218,0.3745,0
NCFB-009318,0.1608,0.1814,0.0672,-2.206,0.4154,0
NCFB-009319,0.1614,0.1156,0.0787,-0.1175,0.0736,0
NCFB-009320,0.4825,0.0466,0.0293,0.2158,0.1923,0
NCFB-009321,0.0249,0.2101,0.1323,1.5194,0.0371,0
NCFB-009322,0.2323,0.2198,0.075,-0.8989,0.1583,0
NCFB-009323,0.0301,0.0192,0.2082,-0.4828,0.1022,0
NCFB-009324,0.4144,0.1522,0.1014,-0.4581,0.0349,0
NCFB-009325,0.6247,0.029,0.0256,0.6559,0.1166,0
NCFB-009326,0.0896,0.1957,0.1053,-0.002,0.1628,0
NCFB-009327,0.2728,0.1485,0.206,-0.9995,0.4479,0
NCFB-009328,0.1053,0.2678,0.0915,-0.3392,0.0407,0
NCFB-009329,0.1936,0.103,0.0952,-0.5472,0.003,0
NCFB-009330,0.3235,0.0203,0.4188,0.9159,0.7323,0
NCFB-009331,0.197,0.0456,0.035,-0.3986,0.0126,0
NCFB-009332,0.0211,0.0264,0.1041,0.3325,0.013,0
NCFB-009333,0.2142,0.1099,0.0793,-1.0186,0.2031,0
NCFB-009334,0.3135,0.4577,0.0172,-1.743,0.4484,0
NCFB-009335,0.6132,0.2672,0.3404,0.1689,0.1324,0
NCFB-009336,0.1171,0.3423,0.04,0.7281,0.0481,0
NCFB-009337,0.029,0.0594,0.1181,-0.5267,0.098,0
NCFB-009338,0.0768,0.1793,0.0637,-1.7883,0.233,0
NCFB-009339,0.1662,0.0468,0.1271,-0.1804,0.2042,0
NCFB-009340,0.275,0.1855,0.0619,1.3518,0.0266,0
NCFB-009341,0.4593,0.1994,0.158,-0.293,0.3218,0
NCFB-009342,0.0516,0.1192,0.0252,-0.3291,0.0208,0
NCFB-009343,0.1945,0.0261,0.0002,0.9051,0.0141,0
NCFB-009344,0.1588,0.107,0.0949,-0.1312,0.3519,0
NCFB-009345,2.3859,0.0542,0.1502,0.411,0.028,0
NCFB-009346,0.1395,0.0302,0.0239,1.2983,0.1701,0
NCFB-009347,0.6907,0.0318,0.0227,0.8041,0.2651,0
NCFB-009348,0.7447,0.2277,0.0432,0.712,0.1038,0
NCFB-009349,0.0032,0.1152,0.1373,-1.219,0.0333,0
NCFB-009350,0.0517,0.0124,0.0297,-1.0095,0.187,0
NCFB-009351,0.2724,0.0981,0.4953,0.1783,0.0573,0
NCFB-009352,1.2652,0.0924,0.032,0.0109,0.1791,0
NCFB-009353,0.6054,0.0762,0.262,0.7366,0.2645,0
NCFB-009354,0.5675,0.1408,0.048,0.4428,0.009,0
NCFB-009355,0.3238,0.1546,0.0201,0.8117,0.2716,0
NCFB-009356,0.561,0.05,0.004,0.2094,0.334,0
NCFB-009357,0.3517,0.2186,0.1771,-0.1624,0.2726,0
NCFB-009358,0.1151,0.0848,0.0219,1.6451,0.119,0
NCFB-009359,0.6392,0.2598,0.4282,-0.4497,0.0924,0
NCFB-009360,0.037,0.265,0.3228,-0.7168,0.0459,0
NCFB-009361,0.0624,0.4356,0.1315,0.8237,0.3885,0
NCFB-009362,3.2629,0.6851,1.11,4.662,1.8235,1
NCFB-009363,0.0505,0.0866,0.0194,0.1547,0.1104,0
NCFB-009364,0.1113,0.0497,0.2388,-0.2042,0.1648,0
NCFB-009365,3.5225,0.9441,1.237,3.9567,1.6187,1
NCFB-009366,0.5268,0.0459,0.04,-1.7833,0.0922,0
NCFB-009367,0.4574,0.1754,0.0292,0.0988,0.1114,0
NCFB-009368,0.3175,0.3475,0.1486,0.8929,0.0327,0
NCFB-009369,0.003,0.2912,0.0207,0.9403,0.107,0
NCFB-009370,0.0971,0.048,0.267,-0.2451,0.1502,0
NCFB-009371,0.8411,0.1504,0.082,0.3296,0.1659,0
NCFB-009372,0.0184,0.0661,0.2668,0.5569,0.0736,0
NCFB-009373,0.0033,0.0682,0.0185,0.4042,0.2524,0
NCFB-009374,0.1774,0.0333,0.1223,0.1228,0.013,0
NCFB-009375,0.1958,0.0244,0.0792,0.0156,0.0358,0
NCFB-009376,2.4005,0.8951,1.3317,3.6937,1.4946,1
NCFB-009377,0.4457,0.1056,0.0253,0.0554,0.118,0
NCFB-009378,0.6923,0.0638,0.045,-0.3887,0.0156,0
NCFB-009379,0.25,0.0998,0.1443,-0.1772,0.0587,0
NCFB-009380,0.3918,0.0728,0.0626,0.2188,0.1842,0
NCFB-009381,1.2054,0.0655,0.183,-0.7166,0.2972,0
NCFB-009382,0.0007,0.2175,0.1414,-0.0841,0.0499,0
NCFB-009383,0.8272,0.1955,0.1391,0.5589,0.02,0
NCFB-009384,0.223,0.0434,0.1091,-0.1871,0.0859,0
NCFB-009385,0.8622,0.1094,0.0088,-0.9715,0.1002,0
NCFB-009386,1.3173,0.1579,0.0547,1.6443,0.1547,0
NCFB-009387,0.7403,0.0858,0.0173,1.4665,0.453,0
NCFB-009388,0.7242,0.1504,0.1331,-0.4335,0.3355,0
NCFB-009389,0.2769,0.0676,0.1236,0.023,0.0453,0
NCFB-009390,0.3817,0.2461,0.0075,0.3365,0.215,0
NCFB-009391,0.3865,0.1528,0.105,-0.6376,0.0761,0
NCFB-009392,0.3776,0.1643,0.1098,-0.9541,0.0439,0
NCFB-009393,2.8249,0.7025,0.7458,4.3938,1.8614,1
NCFB-009394,0.1719,0.0104,0.1642,-1.3241,0.4395,0
NCFB-009395,0.1109,0.1844,0.0335,0.4284,0.1314,0
NCFB-009396,0.9762,0.1193,0.103,0.003,0.0457,0
NCFB-009397,0.1827,0.1282,0.1498,-0.2754,0.0416,0
NCFB-009398,0.2232,0.0386,0.1641,-0.916,0.0597,0
NCFB-009399,0.5383,0.0967,0.2671,0.6077,0.0032,0
NCFB-009400,0.3896,0.1718,0.1882,0.0849,0.2368,0
NCFB-009401,0.3123,0.2925,0.1625,-0.5674,0.1972,0
NCFB-009402,0.5538,0.2154,0.0526,0.5441,0.2408,0
NCFB-009403,0.6373,0.0493,0.093,-0.2124,0.1649,0
NCFB-009404,0.2171,0.1152,0.0379,0.4123,0.0723,0
NCFB-009405,0.446,0.2218,0.0285,0.5327,0.2097,0
NCFB-009406,3.0879,0.9724,1.3703,4.6301,1.2087,1
NCFB-009407,3.3925,0.9976,1.4665,4.3112,2.6362,1
NCFB-009408,0.2969,0.3908,0.0562,0.4064,0.0106,0
NCFB-009409,0.3266,0.2862,0.0156,-0.9782,0.0346,0
NCFB-009410,0.6357,0.1871,0.2142,0.8077,0.0094,0
NCFB-009411,0.3176,0.2941,0.3943,0.4895,0.1355,0
NCFB-009412,0.0613,0.1025,0.0793,-0.3596,0.1778,0
NCFB-009413,0.0929,0.2931,0.0128,0.8258,0.3893,0
NCFB-009414,3.4947,0.8508,1.0775,5.461,1.2708,1
NCFB-009415,0.318,0.1527,0.4421,-0.1977,0.195,0
NCFB-009416,0.3166,0.3845,0.0101,-0.548,0.0994,0
NCFB-009417,0.5133,0.3208,0.333,-0.7849,0.3633,0
NCFB-009418,0.3387,0.1213,0.0105,0.718,0.2271,0
NCFB-009419,0.2626,0.0932,0.2298,0.5036,0.0218,0
NCFB-009420,0.0789,0.1288,0.1098,0.9951,0.396,0
NCFB-009421,0.3511,0.1379,0.0052,0.2389,0.0304,0
NCFB-009422,1.6906,0.1605,0.1606,0.5723,0.045,0
NCFB-009423,0.3276,0.0944,0.2577,0.6864,0.0296,0
NCFB-009424,0.0028,0.0528,0.0326,0.041,0.0228,0
NCFB-009425,2.8133,0.8584,1.1186,3.5197,1.9554,1
NCFB-009426,0.0098,0.4782,0.0184,0.477,0.1782,0
NCFB-009427,0.3888,0.1435,0.059,0.0317,0.1237,0
NCFB-009428,0.0379,0.0554,0.0107,0.032,0.0004,0
NCFB-009429,0.0852,0.058,0.2145,-0.6655,0.0071,0
NCFB-009430,0.6498,0.1346,0.0153,-0.3882,0.1946,0
NCFB-009431,0.0955,0.2261,0.158,-0.9538,0.082,0
NCFB-009432,0.0262,0.4193,0.1249,-0.3953,0.0412,0
NCFB-009433,3.6912,0.6551,1.2821,4.6147,1.5237,1
NCFB-009434,0.0165,0.0988,0.0531,1.1678,0.0978,0
NCFB-009435,0.135,0.0328,0.3681,-0.0372,0.1148,0
NCFB-009436,0.1427,0.1332,0.0873,-0.1415,0.0041,0
NCFB-009437,1.6588,0.1826,0.0537,0.7915,0.0415,0
NCFB-009438,0.1587,0.0883,0.0021,1.1306,0.0504,0
NCFB-009439,0.109,0.1621,0.0643,-1.3016,0.6732,0
NCFB-009440,0.0263,0.1517,0.0463,-0.7222,0.4679,0
NCFB-009441,0.102,0.1103,0.0245,0.6339,0.3377,0
NCFB-009442,0.5623,0.0631,0.0403,0.1577,0.0007,0
NCFB-009443,0.1081,0.0847,0.0024,-1.2181,0.0192,0
NCFB-009444,0.0335,0.0871,0.0506,1.4001,0.1253,0
NCFB-009445,0.4272,0.0561,0.0508,0.706,0.1034,0
NCFB-009446,0.023,0.1924,0.0874,-1.1032,0.097,0
NCFB-009447,0.5011,0.194,0.0969,-0.0668,0.0161,0
NCFB-009448,1.5046,0.4439,0.2474,-0.3101,0.0075,0
NCFB-009449,0.6539,0.0142,0.0931,0.8785,0.1602,0
NCFB-009450,0.345,0.2326,0.2273,-0.5258,0.1397,0
NCFB-009451,2.0296,-0.2844,2.6663,2.8244,0.0495,1
NCFB-009452,1.3056,0.1122,0.0411,-0.0698,0.1305,0
NCFB-009453,0.1146,0.3776,0.0844,-0.8126,0.0074,0
NCFB-009454,0.1427,0.1503,0.1408,0.9392,0.0216,0
NCFB-009455,0.1382,0.3416,0.0041,-1.9139,0.0015,0
NCFB-009456,0.5817,0.208,0.0716,-0.516,0.0242,0
NCFB-009457,0.1831,0.1732,0.2031,1.5282,0.1428,0
NCFB-009458,0.474,0.3491,0.0625,0.8096,0.0224,0
NCFB-009459,1.1169,0.288,0.1302,0.9019,0.064,0
NCFB-009460,0.2057,0.0568,0.0552,0.1002,0.2602,0
NCFB-009461,0.0119,0.3291,0.1048,-1.4626,0.1813,0
NCFB-009462,0.1131,0.2589,0.0136,-0.4434,0.8733,0
NCFB-009463,1.5227,0.0296,0.022,0.3094,0.0903,0
NCFB-009464,0.0472,0.3507,0.0272,0.1885,0.0573,0
NCFB-009465,0.1264,0.2565,0.1227,0.4099,0.2813,0
NCFB-009466,0.0068,0.0992,0.0693,0.3194,0.1131,0
NCFB-009467,0.0241,0.213,0.2305,-0.8088,0.0557,0
NCFB-009468,0.0176,0.1132,0.073,0.5511,0.0491,0
NCFB-009469,0.1379,0.1447,0.136,-0.0445,0.0993,0
NCFB-009470,0.0365,0.1634,0.0859,-0.2128,0.1345,0
NCFB-009471,0.1065,0.1366,0.0013,0.778,0.23,0
NCFB-009472,0.1978,0.1523,0.0519,-0.1283,0.0201,0
NCFB-009473,0.7009,0.2658,0.2903,1.7093,0.5166,0
NCFB-009474,0.1042,0.3111,0.0619,0.2033,0.0031,0
NCFB-009475,0.6522,0.1967,0.0108,-0.4459,0.0108,0
NCFB-009476,0.0812,0.107,0.0741,-1.8046,0.0503,0
NCFB-009477,0.19,0.2124,0.0421,0.4784,0.0354,0
NCFB-009478,0.2268,0.2748,0.0148,0.9042,0.0436,0
NCFB-009479,3.1551,0.9953,1.5286,4.7689,1.7353,1
NCFB-009480,0.4227,0.208,0.203,0.3388,0.1761,0
NCFB-009481,0.444,0.1855,0.1169,-1.4077,0.0972,0
NCFB-009482,0.0511,0.0831,0.1158,-0.4982,0.0853,0
NCFB-009483,1.1064,0.1386,0.1282,-0.4624,0.0078,0
NCFB-009484,0.5059,0.1902,0.005,1.0513,0.2478,0
NCFB-009485,0.0241,0.044,0.029,-1.057,0.0029,0
NCFB-009486,0.5059,0.1424,0.2013,0.0409,0.3201,0
NCFB-009487,0.021,0.1816,0.2935,-0.4123,0.1753,0
NCFB-009488,0.5048,0.0035,0.1264,0.222,0.221,0
NCFB-009489,0.0059,0.0641,0.0511,-0.2743,0.0563,0
NCFB-009490,0.0161,0.0663,0.0935,-0.5819,0.0287,0
NCFB-009491,0.0194,0.3038,0.062,0.0379,0.2088,0
NCFB-009492,0.656,0.245,0.151,0.1943,0.0454,0
NCFB-009493,0.0731,0.2145,0.1185,0.0783,0.0962,0
NCFB-009494,0.1904,0.0854,0.2677,-0.2977,0.1147,0
NCFB-009495,0.0811,0.2716,0.3701,-0.1902,0.0769,0
NCFB-009496,0.2959,0.1458,0.0642,-0.8811,0.0086,0
NCFB-009497,0.0247,0.1418,0.1898,0.8989,0.0277,0
NCFB-009498,0.6189,0.1003,0.0264,-1.9741,0.0202,0
NCFB-009499,0.2704,0.019,0.394,-0.8849,0.1059,0
NCFB-009500,0.0127,0.157,0.0749,0.5684,0.5018,0
NCFB-009501,0.4053,0.125,0.2085,-0.4006,0.127,0
NCFB-009502,0.0472,0.0934,0.0749,-0.7186,0.1403,0
NCFB-009503,0.0608,0.0821,0.1027,-1.4939,0.0229,0
NCFB-009504,0.5448,0.206,0.0326,1.0834,0.1407,0
NCFB-009505,0.5573,0.0688,0.0791,-0.8717,0.0308,0
NCFB-009506,0.2649,0.0729,0.1032,-0.3834,0.2323,0
NCFB-009507,1.0435,0.1927,0.1017,0.0863,0.0798,0
NCFB-009508,0.0426,0.0703,0.0046,0.4845,0.0189,0
NCFB-009509,0.1578,0.08,0.4886,2.1613,0.0375,0
NCFB-009510,0.6457,0.0584,0.0408,0.294,0.0776,0
NCFB-009511,0.3264,0.1152,0.0802,0.7404,0.0677,0
NCFB-009512,0.0958,0.2361,0.0198,-0.256,0.0344,0
NCFB-009513,0.7446,0.0865,0.0507,-0.2831,0.0823,0
NCFB-009514,0.3333,0.1128,0.1658,0.0985,0.0744,0
NCFB-009515,0.3749,0.2128,0.0347,1.086,0.0001,0
NCFB-009516,0.1261,0.3689,0.0007,0.2192,0.4047,0
NCFB-009517,1.2407,1.1767,0.8926,0.2858,2.2427,1
NCFB-009518,0.2185,0.2611,0.0907,0.3111,0.0133,0
NCFB-009519,0.4798,0.2244,0.2609,0.2904,0.0959,0
NCFB-009520,0.0845,0.2802,0.0402,0.4189,0.0614,0
NCFB-009521,0.0215,0.2458,0.1416,1.2037,0.0414,0
NCFB-009522,0.2093,0.1194,0.0715,1.3892,0.0565,0
NCFB-009523,0.04,0.1181,0.1415,-0.7278,0.1897,0
NCFB-009524,0.0046,0.1716,0.0947,0.4115,0.2028,0
NCFB-009525,0.0226,0.1447,0.004,0.9459,0.0286,0
NCFB-009526,0.5686,0.0161,0.1336,-0.2102,0.1167,0
NCFB-009527,0.3733,0.0727,0.1261,1.2837,0.0985,0
NCFB-009528,2.8254,0.6623,1.116,4.2793,1.6033,1
NCFB-009529,0.165,0.2546,0.1839,0.0499,0.0457,0
NCFB-009530,1.2083,0.1235,0.233,0.228,0.2637,0
NCFB-009531,0.3013,0.0683,0.2229,0.531,0.1407,0
NCFB-009532,0.6908,0.0901,0.1341,0.8065,0.1482,0
NCFB-009533,0.1304,0.1846,0.0274,1.3869,0.1759,0
NCFB-009534,0.7723,0.4784,0.0051,0.277,0.6822,0
NCFB-009535,0.1943,0.3975,0.1814,0.144,0.0615,0
NCFB-009536,0.064,0.1193,0.17,-0.366,0.1392,0
NCFB-009537,1.1278,0.0141,0.0468,-1.5166,0.1279,0
NCFB-009538,3.649,0.9396,0.8137,4.1277,1.8148,1
NCFB-009539,0.1789,0.1155,0.0683,0.7552,0.0735,0
NCFB-009540,0.1177,0.0819,0.0405,-0.3493,0.3327,0
NCFB-009541,0.7141,0.0436,0.1414,0.2913,0.04,0
NCFB-009542,3.3051,0.8227,1.5395,4.597,1.6671,1
NCFB-009543,0.4132,0.1937,0.0764,0.0028,0.0239,0
NCFB-009544,0.0274,0.1486,0.0229,0.1182,0.0822,0
NCFB-009545,0.2653,0.2242,0.0771,-0.4524,0.0722,0
NCFB-009546,0.3955,0.153,0.1658,0.1515,0.1025,0
NCFB-009547,0.0086,0.0983,0.1689,0.6997,0.1088,0
NCFB-009548,1.549,0.1263,0.0791,-1.165,0.1591,0
NCFB-009549,0.566,0.0959,0.3721,-0.1724,0.4448,0
NCFB-009550,0.3173,0.0097,0.2643,0.6097,0.0483,0
NCFB-009551,0.0621,0.0329,0.1213,2.12,0.2428,0
NCFB-009552,0.0481,0.2183,0.1904,0.178,0.1784,0
NCFB-009553,0.176,0.2251,0.0268,0.7965,0.3395,0
NCFB-009554,0.0366,0.0103,0.0253,1.3676,0.0089,0
NCFB-009555,0.1604,0.0349,0.2558,1.0401,0.009,0
NCFB-009556,0.9496,0.0407,0.0368,-0.2476,0.0487,0
NCFB-009557,0.0925,0.1477,0.0674,-0.0672,0.182,0
NCFB-009558,0.2749,0.3779,0.1544,0.8374,0.1363,0
NCFB-009559,0.594,0.4177,0.1682,0.2623,0.2046,0
NCFB-009560,0.4155,0.14,0.1052,-0.609,0.2168,0
NCFB-009561,0.1352,0.3735,0.2387,0.3647,0.0755,0
NCFB-009562,0.0477,0.0719,0.1407,1.143,0.0895,0
NCFB-009563,0.7738,0.2161,0.0993,1.2074,0.1194,0
NCFB-009564,0.076,0.0173,0.2181,-0.2947,0.0622,0
NCFB-009565,0.2368,0.1631,0.1924,0.8713,0.0611,0
NCFB-009566,0.752,0.3482,0.1622,-0.1889,0.1188,0
NCFB-009567,0.379,0.6203,0.2123,-0.0513,0.0405,0
NCFB-009568,0.4559,0.3422,0.1739,0.9207,0.193,0
NCFB-009569,0.295,0.153,0.0511,-0.9176,0.3303,0
NCFB-009570,0.1664,0.0868,0.0386,0.9824,0.1655,0
NCFB-009571,0.1105,0.058,0.0383,-0.576,0.0045,0
NCFB-009572,0.1264,0.1365,0.1549,-0.1074,0.1676,0
NCFB-009573,0.5606,0.264,0.0407,0.9796,0.3376,0
NCFB-009574,0.0621,0.062,0.0485,-1.5945,0.1322,0
NCFB-009575,0.5773,0.1898,0.0046,-0.3228,0.2611,0
NCFB-009576,1.5379,0.0235,0.1175,-0.1956,0.2628,0
NCFB-009577,0.2014,0.0508,0.0926,-0.0799,0.1272,0
NCFB-009578,0.2354,0.028,0.0549,0.4361,0.3394,0
NCFB-009579,1.9527,0.3878,0.1085,-0.8631,0.0098,0
NCFB-009580,0.2401,0.0842,0.0461,1.0586,0.0335,0
NCFB-009581,0.4786,0.0566,0.0905,-0.4771,0.212,0
NCFB-009582,0.054,0.0979,0.259,0.628,0.2851,0
NCFB-009583,0.3165,0.3626,0.0288,-0.2663,0.1172,0
NCFB-009584,0.1444,0.2435,0.0212,-0.7888,0.1038,0
NCFB-009585,0.5223,0.0707,0.1089,-0.292,0.1521,0
NCFB-009586,0.2726,0.0484,0.1966,0.2046,0.0706,0
NCFB-009587,0.7095,0.2923,0.1777,-0.652,0.0398,0
NCFB-009588,0.0651,0.0548,0.0014,0.4917,0.0477,0
NCFB-009589,0.2906,0.0318,0.0579,-0.901,0.2483,0
NCFB-009590,0.144,0.0223,0.0197,-1.4992,0.076,0
NCFB-009591,0.3925,0.0735,0.0369,0.3879,0.0115,0
NCFB-009592,0.0498,0.1669,0.2967,-0.798,0.082,0
NCFB-009593,0.2782,0.1049,0.1707,0.0545,0.3029,0
NCFB-009594,0.1637,0.0464,0.0572,-0.4567,0.1015,0
NCFB-009595,0.2372,0.0817,0.1355,0.1941,0.2008,0
NCFB-009596,0.4715,2.4621,2.4345,-0.4053,0.7432,1
NCFB-009597,0.3806,0.0251,0.1432,-0.5358,0.2644,0
NCFB-009598,1.2643,0.1564,0.1507,-0.7525,0.2281,0
NCFB-009599,0.7247,0.1364,0.1093,0.9669,0.0039,0
NCFB-009600,0.0802,0.1088,0.1496,0.8787,0.0105,0
NCFB-009601,0.0566,0.2207,0.1581,-0.1291,0.0213,0
NCFB-009602,1.5557,0.1339,0.0672,0.06,0.3315,0
NCFB-009603,0.3367,0.1128,0.4167,1.183,0.0305,0
NCFB-009604,0.2329,0.127,0.1055,0.1629,0.0557,0
NCFB-009605,0.088,0.069,0.028,-0.8217,0.037,0
NCFB-009606,0.0329,0.3336,0.3714,-0.9361,0.0388,0
NCFB-009607,0.1,0.3748,0.0342,-0.7926,0.085,0
NCFB-009608,0.3888,0.0894,0.1832,-0.9025,0.1226,0
NCFB-009609,0.6037,0.023,0.0394,0.9584,0.0321,0
NCFB-009610,0.0235,0.0033,0.2445,0.5203,0.5808,0
NCFB-009611,0.5352,0.1238,0.056,-0.8252,0.5346,0
NCFB-009612,0.0664,0.0551,0.0917,-0.6827,0.1911,0
NCFB-009613,0.0057,0.1179,0.1134,1.5677,0.0604,0
NCFB-009614,0.0642,0.0123,0.0689,-1.2254,0.0227,0
NCFB-009615,0.7959,0.2128,0.3028,0.055,0.0502,0
NCFB-009616,0.0283,0.1226,0.222,1.0579,0.0283,0
NCFB-009617,0.1748,0.136,0.1096,-0.1153,0.0002,0
NCFB-009618,0.1393,0.0163,0.0264,0.5063,0.0318,0
NCFB-009619,0.9206,0.259,0.1663,-0.5649,0.3819,0
NCFB-009620,0.1046,0.2768,0.0095,1.2971,0.2812,0
NCFB-009621,0.8515,0.0386,0.0878,-1.4362,0.3875,0
NCFB-009622,0.1224,0.1946,0.1456,-0.0626,0.0261,0
NCFB-009623,1.3204,0.041,0.0623,0.7822,0.0598,0
NCFB-009624,0.161,0.2008,0.033,-0.1584,0.4201,0
NCFB-009625,0.0316,0.1065,0.1095,-1.0471,0.02,0
NCFB-009626,1.344,0.121,0.223,-0.8958,0.0137,0
NCFB-009627,0.3945,0.0096,0.0473,0.1181,0.0944,0
NCFB-009628,0.057,0.0852,0.0358,0.8801,0.0027,0
NCFB-009629,0.2086,0.0629,0.0451,-0.7944,0.005,0
NCFB-009630,0.411,0.1438,0.0875,0.0684,0.1568,0
NCFB-009631,0.3417,0.5566,0.117,0.8486,0.5702,0
NCFB-009632,0.0996,0.0705,0.0125,0.4095,0.003,0
NCFB-009633,0.0909,0.1111,0.0336,0.1211,0.0516,0
NCFB-009634,1.0863,0.1942,0.0676,0.2653,0.2568,0
NCFB-009635,2.4613,0.8324,1.5243,4.7408,2.007,1
NCFB-009636,0.4411,0.2911,0.0508,0.5895,0.2433,0
NCFB-009637,0.4273,0.2266,0.0937,0.1068,0.0394,0
NCFB-009638,0.0275,0.0447,0.1832,-0.8679,0.207,0
NCFB-009639,0.0254,0.3193,0.1068,-0.1555,0.0859,0
NCFB-009640,0.468,0.0731,0.0534,-0.7503,0.0223,0
NCFB-009641,0.5811,0.1232,0.3999,-0.1808,0.2717,0
NCFB-009642,0.3531,0.1408,0.1212,-0.814,0.0699,0
NCFB-009643,0.8117,0.0222,0.2143,0.4134,0.2615,0
NCFB-009644,0.0486,0.0831,0.0299,0.3838,0.0496,0
NCFB-009645,0.2179,0.0819,0.0509,0.0686,0.4662,0
NCFB-009646,0.2046,0.1995,0.0287,0.2107,0.05,0
NCFB-009647,0.4412,0.0781,0.039,0.3237,0.0248,0
NCFB-009648,4.1038,0.6692,0.9117,4.1533,1.7837,1
NCFB-009649,0.1565,0.1263,0.0624,-0.6365,0.2582,0
NCFB-009650,0.0419,0.0026,0.0785,0.9718,0.5202,0
NCFB-009651,0.2066,0.2793,0.0545,0.1284,0.2404,0
NCFB-009652,0.039,0.0519,0.0329,0.7776,0.2185,0
NCFB-009653,0.594,0.1036,0.0793,-1.1909,0.0213,0
NCFB-009654,0.9246,0.106,0.0063,0.0622,0.1062,0
NCFB-009655,0.1316,0.4977,0.022,1.3506,0.0539,0
NCFB-009656,0.0206,0.0616,0.0784,-0.6052,0.0553,0
NCFB-009657,0.2166,0.2369,0.2508,-0.1321,0.0157,0
NCFB-009658,0.3123,0.0926,0.0652,-0.0778,0.0349,0
NCFB-009659,3.2776,0.9801,1.7144,3.6856,1.4373,1
NCFB-009660,0.0582,0.0961,0.1571,0.2736,0.089,0
NCFB-009661,0.28,0.4448,0.0521,1.4305,0.2233,0
NCFB-009662,0.3676,0.0128,0.0373,0.7407,0.0681,0
NCFB-009663,0.0157,0.2015,0.1062,1.3105,0.1646,0
NCFB-009664,0.0555,0.1631,0.0998,-0.8244,0.1747,0
NCFB-009665,0.1328,0.0353,0.0814,-0.9897,0.0234,0
NCFB-009666,0.2005,0.1053,0.0473,0.1541,0.0384,0
NCFB-009667,0.7546,0.1779,0.0268,-0.1322,0.0137,0
NCFB-009668,0.0868,0.1176,0.0253,-1.8924,0.2137,0
NCFB-009669,0.3959,0.021,0.0156,-0.1377,0.0403,0
NCFB-009670,0.3398,0.271,0.1377,-0.8829,0.086,0
NCFB-009671,0.0124,0.435,0.055,0.2215,0.0041,0
NCFB-009672,0.1817,0.0454,0.2115,-1.0998,0.0496,0
NCFB-009673,0.116,0.2463,0.3447,-0.9608,0.0077,0
NCFB-009674,0.0826,0.0627,0.2181,0.8335,0.117,0
NCFB-009675,0.1001,0.1949,0.1313,0.2934,0.2347,0
NCFB-009676,0.0351,0.072,0.1619,0.2254,0.0243,0
NCFB-009677,1.2515,0.267,0.2593,0.533,0.0419,0
NCFB-009678,0.014,0.18,0.1938,-1.3183,0.1871,0
NCFB-009679,0.1903,0.2045,0.0265,-1.8017,0.108,0
NCFB-009680,1.1413,0.0283,0.0315,0.6359,0.07,0
NCFB-009681,0.0345,0.1695,0.1789,-0.0069,0.8101,0
NCFB-009682,0.4126,0.1014,0.1633,-0.5628,0.6432,0
NCFB-009683,0.3201,0.1371,0.272,-0.7038,0.1446,0
NCFB-009684,0.4619,0.0842,0.0608,-0.6841,0.0052,0
NCFB-009685,2.7862,0.9202,1.415,3.9822,1.4566,1
NCFB-009686,0.2411,-0.4516,2.7647,0.9673,1.2697,1
NCFB-009687,0.2567,0.1571,0.1138,-0.2417,0.0304,0
NCFB-009688,0.3146,0.4164,0.2735,0.0381,0.0125,0
NCFB-009689,0.578,0.3778,0.1868,0.181,0.0165,0
NCFB-009690,0.4443,0.3081,0.0199,1.0177,0.3609,0
NCFB-009691,0.0068,0.2124,0.0162,-0.042,0.0167,0
NCFB-009692,0.3041,0.0521,0.0223,1.3056,0.0171,0
NCFB-009693,0.0284,0.0171,0.3866,0.2952,0.0858,0
NCFB-009694,0.645,0.2808,0.0684,0.3276,0.0391,0
NCFB-009695,0.4249,0.1224,0.1525,1.0426,0.1877,0
NCFB-009696,0.3512,0.5252,0.0536,-0.0215,0.3081,0
NCFB-009697,0.0745,0.1381,0.0048,-0.8304,0.0424,0
NCFB-009698,0.207,0.2758,0.8551,0.3165,0.021,0
NCFB-009699,1.007,0.0845,0.0215,0.2437,0.0877,0
NCFB-009700,0.1318,0.2818,0.1527,-1.4058,0.0246,0
NCFB-009701,2.7667,0.7657,1.3302,4.4251,1.8056,1
NCFB-009702,0.4099,0.1928,0.0467,-0.1124,0.0911,0
NCFB-009703,0.2271,0.1696,0.2018,-0.5482,0.1454,0
NCFB-009704,0.3491,0.0279,0.2433,0.7126,0.1301,0
NCFB-009705,0.1022,0.2278,0.0565,0.801,0.1072,0
NCFB-009706,2.968,0.8735,1.1824,3.8193,1.7662,1
NCFB-009707,0.4833,0.3389,0.0071,0.5202,0.3767,0
NCFB-009708,0.1127,0.0369,0.2454,-0.6364,0.1288,0
NCFB-009709,0.1867,0.0285,0.2804,0.9001,0.3502,0
NCFB-009710,0.324,0.0276,0.0338,-0.9204,0.023,0
NCFB-009711,0.6859,0.0532,0.0083,0.2422,0.2291,0
NCFB-009712,0.6941,0.3527,0.0622,0.2131,0.0341,0
NCFB-009713,0.3191,0.059,0.2536,-1.0999,0.234,0
NCFB-009714,0.2067,0.3404,0.1644,0.4468,0.0258,0
NCFB-009715,0.2652,0.0308,0.2413,0.6109,0.0782,0
NCFB-009716,0.3586,0.1556,0.1428,0.2524,0.0303,0
NCFB-009717,0.1782,0.2004,0.1146,1.541,0.0983,0
NCFB-009718,0.337,0.067,0.0763,0.4796,0.049,0
NCFB-009719,0.2031,0.2696,0.1452,0.8324,0.0298,0
NCFB-009720,0.7304,0.0685,0.1162,0.4624,0.098,0
NCFB-009721,3.1232,0.9277,1.0664,4.0114,1.7577,1
NCFB-009722,0.0047,0.0469,0.013,0.3876,0.2583,0
NCFB-009723,0.1157,0.149,0.0805,0.7816,0.105,0
NCFB-009724,0.1096,0.0899,0.209,-0.9447,0.1732,0
NCFB-009725,0.0157,0.0757,0.3051,-0.2729,0.029,0
NCFB-009726,1.6351,0.0616,0.0241,-1.2963,0.074,0
NCFB-009727,0.7398,0.7086,1.7396,1.1146,-0.1572,1
NCFB-009728,0.1629,0.0257,0.1629,0.6049,0.1053,0
NCFB-009729,1.0333,0.2288,0.0922,-1.2085,0.1748,0
NCFB-009730,0.0281,0.1451,0.2847,-0.1057,0.1517,0
NCFB-009731,0.1463,0.1256,0.1445,-0.4836,0.0859,0
NCFB-009732,0.8368,0.23,0.0447,0.8537,0.1279,0
NCFB-009733,0.0848,0.0187,0.0203,-1.0158,0.0166,0
NCFB-009734,0.0558,0.2421,0.0407,-0.3067,0.0041,0
NCFB-009735,0.1922,0.2894,0.0725,0.2698,0.2327,0
NCFB-009736,0.2026,0.3051,0.4621,0.44,0.0121,0
NCFB-009737,0.6749,0.4267,0.03,-0.4422,0.2345,0
NCFB-009738,0.2785,0.0392,0.0422,0.6317,0.2698,0
NCFB-009739,0.0472,0.0921,0.1346,-0.2134,0.0286,0
NCFB-009740,0.1756,0.0109,0.0818,-1.1502,0.4922,0
NCFB-009741,0.1082,0.014,0.0151,0.2872,0.2582,0
NCFB-009742,0.2041,0.0542,0.0165,-0.2834,0.1336,0
NCFB-009743,0.0141,0.347,0.307,0.7353,0.0192,0
NCFB-009744,0.4128,0.0677,0.0909,-0.466,0.396,0
NCFB-009745,1.1367,0.3099,0.028,0.8816,0.2073,0
NCFB-009746,0.0355,0.2908,0.1437,-0.2513,0.1021,0
NCFB-009747,1.052,0.2778,0.0463,-0.3517,0.1731,0
NCFB-009748,0.7131,0.2305,0.1752,-0.4305,0.0191,0
NCFB-009749,0.0331,0.0997,0.0528,0.5359,0.1468,0
NCFB-009750,0.1989,0.1903,0.0921,-0.1899,0.5506,0
NCFB-009751,0.1002,0.4804,0.011,0.0363,0.0716,0
NCFB-009752,0.9758,0.2016,0.1269,0.2951,0.1518,0
NCFB-009753,0.308,0.0291,0.0301,-0.1333,0.2007,0
NCFB-009754,0.3038,0.1368,0.1971,-0.9257,0.0284,0
NCFB-009755,0.2622,0.31,0.3842,0.6533,0.0289,0
NCFB-009756,0.8176,0.018,0.0429,0.8745,0.1734,0
NCFB-009757,0.2467,0.2249,0.1351,0.179,0.0183,0
NCFB-009758,0.1002,0.2814,0.0113,0.0993,0.3597,0
NCFB-009759,0.0447,0.0498,0.2119,-1.5179,0.1085,0
NCFB-009760,0.1521,0.1894,0.0272,0.6771,0.0149,0
NCFB-009761,0.5488,0.0914,0.3583,0.9479,0.0436,0
NCFB-009762,0.592,0.1679,0.0513,0.0229,0.1403,0
NCFB-009763,0.1366,0.2526,0.0225,1.0237,0.3298,0
NCFB-009764,0.9542,0.0628,0.0697,0.3643,0.0947,0
NCFB-009765,0.182,0.0864,0.08,-0.1544,0.2195,0
NCFB-009766,0.255,0.3359,0.1236,0.059,0.1165,0
NCFB-009767,0.1699,0.1256,0.307,1.0849,0.0109,0
NCFB-009768,0.0903,0.1078,0.0142,-0.3187,0.0893,0
NCFB-009769,0.9633,0.0927,0.2288,0.2646,0.1494,0
NCFB-009770,1.0401,0.4797,0.0201,0.2665,0.2697,0
NCFB-009771,1.0153,0.1303,0.0033,0.0383,0.1122,0
NCFB-009772,0.1117,0.1662,0.1014,0.7865,0.3243,0
NCFB-009773,0.0135,0.081,0.2394,-0.8147,0.8107,0
NCFB-009774,0.1205,0.1756,0.0774,-0.6571,0.3119,0
NCFB-009775,0.0477,0.3475,0.1455,0.1924,0.3886,0
NCFB-009776,0.049,0.1167,0.0253,-0.1287,0.2488,0
NCFB-009777,0.0803,0.4479,0.0244,-0.2083,0.0317,0
NCFB-009778,0.068,0.1042,0.2614,0.1466,0.0202,0
NCFB-009779,0.5833,0.0655,0.2819,-1.4788,0.0922,0
NCFB-009780,0.7606,0.1409,0.0221,-0.2155,0.4472,0
NCFB-009781,0.3128,0.0134,0.2309,0.1977,0.0913,0
NCFB-009782,3.2782,0.8851,1.1872,5.3245,1.4533,1
NCFB-009783,0.1685,0.2673,0.0491,0.0596,0.1714,0
NCFB-009784,2.9143,0.9287,1.2105,4.3681,1.6288,1
NCFB-009785,0.5251,0.0409,0.185,0.0012,0.0088,0
NCFB-009786,0.7155,0.1223,0.3724,-0.7515,0.2725,0
NCFB-009787,0.2147,0.1229,0.1024,-0.3592,0.025,0
NCFB-009788,0.0104,0.4834,0.1941,0.2725,0.1539,0
NCFB-009789,0.3786,0.407,0.0483,1.1257,0.1453,0
NCFB-009790,0.152,0.1121,0.0706,0.6996,0.0374,0
NCFB-009791,0.3765,0.0317,0.1103,0.4164,0.071,0
NCFB-009792,0.1883,0.1454,0.0692,0.9841,0.0784,0
NCFB-009793,0.0471,0.0945,0.019,-0.4724,0.0825,0
NCFB-009794,0.2786,0.0971,0.1434,-0.9731,0.043,0
NCFB-009795,0.1353,0.1654,0.2117,-0.7454,0.2089,0
NCFB-009796,0.0143,0.0343,0.3748,-1.1483,0.1855,0
NCFB-009797,0.3729,0.213,0.1121,0.502,0.1295,0
NCFB-009798,0.6151,0.0637,0.186,-0.5978,0.0916,0
NCFB-009799,0.1242,0.049,0.0209,-1.2135,0.3652,0
NCFB-009800,0.0376,0.3826,0.0479,-0.4567,0.1491,0
NCFB-009801,0.5536,0.0723,0.0586,1.6511,0.3375,0
NCFB-009802,0.3431,0.1468,0.041,0.6116,0.0417,0
NCFB-009803,0.1485,0.2445,0.0079,0.8475,0.0545,0
NCFB-009804,0.4574,0.1859,0.2734,-0.8752,0.0555,0
NCFB-009805,0.1262,0.0583,0.0124,0.3912,0.1372,0
NCFB-009806,0.4944,0.2125,0.0358,-0.0758,0.0128,0
NCFB-009807,0.1876,0.1643,0.0584,-0.5103,0.1962,0
NCFB-009808,3.3799,0.8118,1.058,4.8447,1.6469,1
NCFB-009809,0.1575,0.2486,0.2524,0.0717,0.1214,0
NCFB-009810,0.6647,0.1585,0.1934,0.5991,0.4969,0
NCFB-009811,1.1911,0.2495,0.2423,0.697,0.0757,0
NCFB-009812,0.2548,0.0432,0.1467,-0.5814,0.5003,0
NCFB-009813,0.1835,0.0737,0.4007,0.5368,0.0155,0
NCFB-009814,1.1908,0.1283,0.1699,-0.824,0.4631,0
NCFB-009815,0.8874,0.0718,0.2009,0.0817,0.0295,0
NCFB-009816,0.1726,0.2749,0.2963,0.0063,0.0413,0
NCFB-009817,0.0595,0.2573,0.0592,-0.6435,0.0118,0
NCFB-009818,0.864,0.064,0.1443,-0.0791,0.4028,0
NCFB-009819,0.0878,0.2567,0.2487,-0.304,0.0464,0
NCFB-009820,0.0752,0.0917,0.0663,-0.3461,0.0252,0
NCFB-009821,0.0862,0.2598,0.1428,-0.4782,0.0626,0
NCFB-009822,0.085,0.1456,0.0328,1.0655,0.1045,0
NCFB-009823,0.5086,0.0899,0.0845,0.9025,0.2482,0
NCFB-009824,0.1442,0.2182,0.0364,-0.9691,0.1333,0
NCFB-009825,0.3497,0.1971,0.0667,0.7389,0.394,0
NCFB-009826,0.09,0.1344,0.0602,-0.2326,0.017,0
NCFB-009827,0.2557,0.0929,0.0354,-1.3449,0.4295,0
NCFB-009828,0.2747,0.0075,0.0546,0.4079,0.2022,0
NCFB-009829,0.3825,0.1065,0.0625,-0.6393,0.0532,0
NCFB-009830,0.7557,0.0871,0.0153,0.8332,0.2658,0
NCFB-009831,0.2331,0.3027,0.1364,0.2445,0.0269,0
NCFB-009832,0.1772,0.0764,0.3044,-0.9533,0.1725,0
NCFB-009833,1.9995,0.2792,0.0578,0.6583,1.2747,0
NCFB-009834,0.9227,0.1668,0.0654,-0.3838,0.0994,0
NCFB-009835,0.1162,0.1626,0.0133,1.2995,0.145,0
NCFB-009836,0.036,0.0795,0.0508,-1.0473,0.3048,0
NCFB-009837,0.1663,0.1938,0.2066,0.0094,0.1927,0
NCFB-009838,0.3292,0.2008,0.0595,-1.0047,0.2719,0
NCFB-009839,0.4252,0.0409,0.2097,0.5977,0.127,0
NCFB-009840,0.4227,0.1803,0.0275,0.2032,0.294,0
NCFB-009841,0.246,0.0712,0.1664,-1.4221,0.0803,0
NCFB-009842,3.0717,0.9041,1.5422,3.6742,1.7118,1
NCFB-009843,0.1012,0.0768,0.0742,-0.2396,0.0258,0
NCFB-009844,0.0512,0.0913,0.0383,-0.4186,0.1505,0
NCFB-009845,0.0697,0.139,0.0452,-1.3548,0.0788,0
NCFB-009846,0.1336,0.0518,0.1081,-0.1775,0.2594,0
NCFB-009847,0.2032,0.1394,0.0299,0.063,0.073,0
NCFB-009848,0.4976,0.1859,0.0594,-0.4721,0.0975,0
NCFB-009849,0.0754,0.0196,0.1613,-0.7095,0.046,0
NCFB-009850,0.49,0.1018,0.2195,0.9329,0.0732,0
NCFB-009851,0.3341,0.1373,0.0272,-0.5213,0.015,0
NCFB-009852,0.0068,0.1888,0.0359,1.0879,0.2333,0
NCFB-009853,0.2082,0.1427,0.1346,0.4167,0.091,0
NCFB-009854,0.1377,0.2883,0.0962,0.1725,0.0383,0
NCFB-009855,0.4184,0.1718,0.021,0.0807,0.427,0
NCFB-009856,0.0568,0.0978,0.0198,-0.2194,0.5415,0
NCFB-009857,0.2867,0.1989,0.0248,0.8166,0.0665,0
NCFB-009858,0.8252,0.3433,0.028,-0.5661,0.222,0
NCFB-009859,0.2446,0.2747,0.0934,-1.5619,0.0279,0
NCFB-009860,0.5729,0.0412,0.0364,-0.3143,0.3391,0
NCFB-009861,0.0515,0.1043,0.0557,0.5601,0.029,0
NCFB-009862,3.1566,0.9855,1.3571,4.5329,2.4612,1
NCFB-009863,3.1124,0.6029,0.8702,4.1831,1.9085,1
NCFB-009864,0.0435,0.3282,0.0885,0.5338,0.01,0
NCFB-009865,0.226,0.1068,0.0117,-0.588,0.0758,0
NCFB-009866,0.2456,0.2896,0.3328,-0.2792,0.2008,0
NCFB-009867,0.3474,0.5155,0.1203,0.3629,0.1,0
NCFB-009868,0.07,0.0176,0.0503,0.2234,0.0567,0
NCFB-009869,0.0054,0.0199,0.1766,0.5961,0.0249,0
NCFB-009870,0.1327,0.1462,0.1273,-0.0862,0.5535,0
NCFB-009871,0.0603,0.0873,0.0538,-0.0929,0.2308,0
NCFB-009872,0.0308,0.1976,0.2546,-0.7389,0.231,0
NCFB-009873,0.0049,0.0382,0.114,1.6369,0.1227,0
NCFB-009874,0.1015,0.2203,0.376,0.855,0.1544,0
NCFB-009875,0.6221,0.0931,0.0275,-0.8905,0.1157,0
NCFB-009876,3.6952,0.7945,0.7768,4.0602,1.689,1
NCFB-009877,0.45,0.2167,0.0121,-0.9484,0.1945,0
NCFB-009878,0.1521,0.1916,0.0569,-1.2473,0.0521,0
NCFB-009879,0.2303,0.1679,0.0268,0.6917,0.0645,0
NCFB-009880,0.3022,0.0397,0.0878,-0.3764,0.0155,0
NCFB-009881,0.1187,0.2802,0.123,1.0211,0.2354,0
NCFB-009882,0.1843,0.1649,0.1189,-0.3803,0.0618,0
NCFB-009883,0.0461,0.1119,0.1511,0.4293,0.239,0
NCFB-009884,3.1339,0.5417,1.118,4.9804,2.2327,1
NCFB-009885,0.1525,0.0373,0.0847,0.0754,0.0628,0
NCFB-009886,0.0199,0.0617,0.2528,0.5818,0.099,0
NCFB-009887,0.3031,0.0931,0.0376,0.5893,0.0669,0
NCFB-009888,0.0987,0.0886,0.0359,0.5268,0.0113,0
NCFB-009889,0.0909,0.1028,0.0663,0.3943,0.1604,0
NCFB-009890,0.1534,0.0138,0.0673,-0.4878,0.3645,0
NCFB-009891,3.4017,0.8767,1.15,4.0155,1.6306,1
NCFB-009892,0.3439,0.0335,0.1858,0.5056,0.2689,0
NCFB-009893,0.2964,0.1441,0.0646,-0.1268,0.0803,0
NCFB-009894,0.1055,0.1791,0.0982,-0.992,0.0298,0
NCFB-009895,0.1448,0.1394,0.0091,-0.7272,0.064,0
NCFB-009896,0.1821,0.2731,0.3381,0.7349,0.1257,0
NCFB-009897,1.9336,0.3786,0.0509,-0.5377,0.0833,0
NCFB-009898,0.0026,0.1281,0.3863,-1.7657,0.1703,0
NCFB-009899,0.445,0.2601,0.1827,-0.9039,0.0989,0
NCFB-009900,0.7891,0.2909,0.3323,-1.1891,0.0101,0
NCFB-009901,2.122,0.2603,0.3762,0.1767,0.1753,0
NCFB-009902,0.2265,0.2635,0.2088,0.162,0.2161,0
NCFB-009903,1.9028,0.1069,0.0528,-0.3467,0.2638,0
NCFB-009904,1.4941,0.2121,0.1948,0.1298,0.4037,0
NCFB-009905,0.0475,0.2206,0.1255,-0.257,0.0398,0
NCFB-009906,1.0725,0.0502,0.0552,-0.5899,0.0267,0
NCFB-009907,0.5946,0.022,0.1131,1.2799,0.0433,0
NCFB-009908,0.0315,0.1936,0.0401,0.2547,0.0329,0
NCFB-009909,0.3064,0.1274,0.2664,-0.0915,0.1207,0
NCFB-009910,0.4482,0.253,0.0559,-0.1315,0.2083,0
NCFB-009911,0.6528,0.0128,0.1363,0.1539,0.0473,0
NCFB-009912,0.1049,0.1796,0.0134,0.6579,1.1167,0
NCFB-009913,2.7606,0.9106,0.9794,4.6731,1.8219,1
NCFB-009914,0.9857,0.3029,0.0695,1.6179,0.0465,0
NCFB-009915,0.8766,0.1224,0.0838,1.0943,0.1122,0
NCFB-009916,0.4122,0.1625,0.2204,-0.1049,0.53,0
NCFB-009917,0.0925,0.0814,0.0937,1.5845,0.1129,0
NCFB-009918,0.4499,0.1328,0.3198,1.1199,0.7699,0
NCFB-009919,0.0886,0.3118,0.213,-0.5933,0.0411,0
NCFB-009920,0.1899,0.2903,0.0024,-0.3447,0.0338,0
NCFB-009921,0.6401,0.3151,0.1765,-0.8053,0.1126,0
NCFB-009922,0.0461,0.1029,0.0953,0.0578,0.0508,0
NCFB-009923,0.3414,0.059,0.1474,0.6177,0.0736,0
NCFB-009924,0.2558,0.117,0.0601,0.7845,0.4556,0
NCFB-009925,0.5179,0.0129,0.0448,0.5964,0.4264,0
NCFB-009926,0.1314,0.0635,0.0693,0.908,0.1079,0
NCFB-009927,0.4971,0.183,0.0512,0.4818,0.0705,0
NCFB-009928,0.7907,0.1274,0.2282,0.122,0.0134,0
NCFB-009929,0.1392,0.1598,0.1043,0.3189,0.105,0
NCFB-009930,0.1365,0.1588,0.0701,-0.8896,0.0477,0
NCFB-009931,0.2523,0.1398,0.5734,-0.4214,0.0246,0
NCFB-009932,0.3107,0.116,0.0273,0.7464,0.3117,0
NCFB-009933,0.3855,0.1641,0.0268,-1.1836,0.0755,0
NCFB-009934,0.1446,0.0355,0.1459,1.5642,0.1021,0
NCFB-009935,0.2626,0.0905,0.061,0.3022,0.4034,0
NCFB-009936,0.239,0.0113,0.0415,0.4339,0.1196,0
NCFB-009937,0.7858,0.2831,0.0699,-1.4295,0.0704,0
NCFB-009938,0.3024,0.0886,0.152,-0.7418,0.0737,0
NCFB-009939,0.0982,0.1741,0.3483,0.404,0.1308,0
NCFB-009940,0.0921,0.147,0.0118,0.629,0.475,0
NCFB-009941,0.1466,0.0397,0.1947,-1.1031,0.0605,0
NCFB-009942,0.1585,0.1713,0.2656,0.6017,0.0098,0
NCFB-009943,0.5175,0.2055,0.1141,-0.1125,0.1246,0
NCFB-009944,0.0324,0.2339,0.154,1.0699,0.0571,0
NCFB-009945,1.0527,0.0455,0.1078,-0.7182,0.2582,0
NCFB-009946,0.0753,0.2115,0.0961,-1.3987,0.0386,0
NCFB-009947,0.1374,0.2086,0.1536,0.444,0.0399,0
NCFB-009948,0.4758,0.4052,0.1871,-0.817,0.1185,0
NCFB-009949,0.0797,0.2733,0.0725,-0.3165,0.0244,0
NCFB-009950,3.158,0.8449,1.4952,3.8771,1.6615,1
NCFB-009951,0.0386,0.2304,0.082,0.301,0.0219,0
NCFB-009952,0.0806,0.2783,0.006,0.031,0.2314,0
NCFB-009953,0.6957,0.084,0.0883,-0.9284,0.0538,0
NCFB-009954,0.0844,0.137,0.0828,-0.4169,0.135,0
NCFB-009955,0.4995,0.1361,0.434,0.3483,0.2206,0
NCFB-009956,0.0266,0.0707,0.184,-1.5612,0.0202,0
NCFB-009957,0.6117,0.0474,0.0818,0.1888,0.1837,0
NCFB-009958,0.572,0.0115,0.0197,0.4315,0.1892,0
NCFB-009959,0.9259,0.0408,0.1075,0.4523,0.2194,0
NCFB-009960,0.0094,0.0474,0.0798,0.2395,0.1355,0
NCFB-009961,0.4065,0.053,0.0806,1.8065,0.0457,0
NCFB-009962,0.0717,0.0346,0.152,-1.0624,0.1915,0
NCFB-009963,0.1284,0.2063,0.0359,-0.1856,0.4926,0
NCFB-009964,0.0192,0.086,0.0472,-1.3496,0.0739,0
NCFB-009965,0.2771,0.2033,0.0148,-0.0941,0.1057,0
NCFB-009966,0.2445,0.031,0.0317,0.6522,0.0845,0
NCFB-009967,0.194,0.085,0.2972,0.0066,0.1653,0
NCFB-009968,0.1953,0.3146,0.1806,-0.4214,0.1387,0
NCFB-009969,0.1643,0.1185,0.2199,-0.4066,0.332,0
NCFB-009970,0.0273,0.0442,0.03,0.5273,0.1606,0
NCFB-009971,0.0308,0.0493,0.1756,0.9731,0.0358,0
NCFB-009972,0.2429,0.1611,0.3002,0.2165,0.0543,0
NCFB-009973,0.2262,0.1783,0.0562,-0.3177,0.3849,0
NCFB-009974,0.6327,0.0305,0.2331,0.511,0.3725,0
NCFB-009975,0.1398,0.1537,0.0806,-0.2873,0.0076,0
NCFB-009976,0.1876,0.0961,0.0541,-1.7666,0.1585,0
NCFB-009977,0.2294,0.0557,0.0114,0.3868,0.2895,0
NCFB-009978,0.0734,0.1983,0.0167,0.027,0.0595,0
NCFB-009979,0.3349,0.2816,0.5508,-1.4373,0.3682,0
NCFB-009980,0.3135,0.0526,0.3569,-1.5201,0.0184,0
NCFB-009981,0.0816,0.0644,0.1066,0.2864,0.3201,0
NCFB-009982,0.0158,0.1651,0.0034,-1.8517,0.0963,0
NCFB-009983,0.2879,0.0803,0.0728,-1.5783,0.5724,0
NCFB-009984,0.9556,0.3414,0.0969,-0.2993,0.0724,0
NCFB-009985,0.609,0.0629,0.0459,0.3306,0.1354,0
NCFB-009986,2.6752,0.9324,1.5971,3.8261,1.9369,1
NCFB-009987,0.4295,0.1414,0.1152,1.1068,0.016,0
NCFB-009988,0.2253,0.1205,0.0487,0.4788,0.1137,0
NCFB-009989,0.2523,0.0278,0.0915,0.2464,0.0094,0
NCFB-009990,0.1188,0.2051,0.0228,-0.0865,0.3854,0
NCFB-009991,0.0261,0.1062,0.1016,1.4761,0.4365,0
NCFB-009992,0.1558,0.3307,0.1583,-0.3255,0.2062,0
NCFB-009993,0.4179,0.2158,0.2302,-1.484,0.1778,0
NCFB-009994,0.5762,0.1456,0.0801,0.0568,0.288,0
NCFB-009995,0.2051,0.1402,0.0898,0.1084,0.1056,0
NCFB-009996,0.7423,0.0533,0.1571,-1.4763,0.2438,0
NCFB-009997,0.0913,0.0913,0.0674,0.9959,0.1061,0
NCFB-009998,0.0092,0.215,0.177,0.7487,0.5619,0
NCFB-009999,0.0718,0.1395,0.0791,-0.1547,0.1074,0
NCFB-010000,0.437,0.3934,0.0443,0.6776,0.0616,0
